no. frames, tile numbers
00001, 45, 46, 47, 48, 49, 50, 51, 52, 53, 65, 66, 67, 68, 69, 70, 71, 72, 73, 85, 86, 87, 88, 89, 90, 91, 92, 93, 105, 106, 107, 108, 109, 110, 111, 112, 113, 125, 126, 127, 128, 129, 130, 131, 132, 133, 145, 146, 147, 148, 149, 150, 151, 152, 153, 165, 166, 167, 168, 169, 170, 171, 172, 173, 185, 186, 187, 188, 189, 190, 191, 192, 193
00002, 45, 46, 47, 48, 49, 50, 51, 52, 53, 65, 66, 67, 68, 69, 70, 71, 72, 73, 85, 86, 87, 88, 89, 90, 91, 92, 93, 105, 106, 107, 108, 109, 110, 111, 112, 113, 125, 126, 127, 128, 129, 130, 131, 132, 133, 145, 146, 147, 148, 149, 150, 151, 152, 153, 165, 166, 167, 168, 169, 170, 171, 172, 173, 185, 186, 187, 188, 189, 190, 191, 192, 193
00003, 45, 46, 47, 48, 49, 50, 51, 52, 53, 65, 66, 67, 68, 69, 70, 71, 72, 73, 85, 86, 87, 88, 89, 90, 91, 92, 93, 105, 106, 107, 108, 109, 110, 111, 112, 113, 125, 126, 127, 128, 129, 130, 131, 132, 133, 145, 146, 147, 148, 149, 150, 151, 152, 153, 165, 166, 167, 168, 169, 170, 171, 172, 173, 185, 186, 187, 188, 189, 190, 191, 192, 193
00004, 45, 46, 47, 48, 49, 50, 51, 52, 53, 65, 66, 67, 68, 69, 70, 71, 72, 73, 85, 86, 87, 88, 89, 90, 91, 92, 93, 105, 106, 107, 108, 109, 110, 111, 112, 113, 125, 126, 127, 128, 129, 130, 131, 132, 133, 145, 146, 147, 148, 149, 150, 151, 152, 153, 165, 166, 167, 168, 169, 170, 171, 172, 173, 185, 186, 187, 188, 189, 190, 191, 192, 193
00005, 45, 46, 47, 48, 49, 50, 51, 52, 53, 65, 66, 67, 68, 69, 70, 71, 72, 73, 85, 86, 87, 88, 89, 90, 91, 92, 93, 105, 106, 107, 108, 109, 110, 111, 112, 113, 125, 126, 127, 128, 129, 130, 131, 132, 133, 145, 146, 147, 148, 149, 150, 151, 152, 153, 165, 166, 167, 168, 169, 170, 171, 172, 173, 185, 186, 187, 188, 189, 190, 191, 192, 193
00006, 45, 46, 47, 48, 49, 50, 51, 52, 53, 65, 66, 67, 68, 69, 70, 71, 72, 73, 85, 86, 87, 88, 89, 90, 91, 92, 93, 105, 106, 107, 108, 109, 110, 111, 112, 113, 125, 126, 127, 128, 129, 130, 131, 132, 133, 145, 146, 147, 148, 149, 150, 151, 152, 153, 165, 166, 167, 168, 169, 170, 171, 172, 173, 185, 186, 187, 188, 189, 190, 191, 192, 193
00007, 45, 46, 47, 48, 49, 50, 51, 52, 53, 65, 66, 67, 68, 69, 70, 71, 72, 73, 85, 86, 87, 88, 89, 90, 91, 92, 93, 105, 106, 107, 108, 109, 110, 111, 112, 113, 125, 126, 127, 128, 129, 130, 131, 132, 133, 145, 146, 147, 148, 149, 150, 151, 152, 153, 165, 166, 167, 168, 169, 170, 171, 172, 173, 185, 186, 187, 188, 189, 190, 191, 192, 193
00008, 45, 46, 47, 48, 49, 50, 51, 52, 53, 65, 66, 67, 68, 69, 70, 71, 72, 73, 85, 86, 87, 88, 89, 90, 91, 92, 93, 105, 106, 107, 108, 109, 110, 111, 112, 113, 125, 126, 127, 128, 129, 130, 131, 132, 133, 145, 146, 147, 148, 149, 150, 151, 152, 153, 165, 166, 167, 168, 169, 170, 171, 172, 173, 185, 186, 187, 188, 189, 190, 191, 192, 193
00009, 46, 47, 48, 49, 50, 51, 52, 53, 54, 66, 67, 68, 69, 70, 71, 72, 73, 74, 86, 87, 88, 89, 90, 91, 92, 93, 94, 106, 107, 108, 109, 110, 111, 112, 113, 114, 126, 127, 128, 129, 130, 131, 132, 133, 134, 146, 147, 148, 149, 150, 151, 152, 153, 154, 166, 167, 168, 169, 170, 171, 172, 173, 174, 186, 187, 188, 189, 190, 191, 192, 193, 194
00010, 46, 47, 48, 49, 50, 51, 52, 53, 54, 66, 67, 68, 69, 70, 71, 72, 73, 74, 86, 87, 88, 89, 90, 91, 92, 93, 94, 106, 107, 108, 109, 110, 111, 112, 113, 114, 126, 127, 128, 129, 130, 131, 132, 133, 134, 146, 147, 148, 149, 150, 151, 152, 153, 154, 166, 167, 168, 169, 170, 171, 172, 173, 174, 186, 187, 188, 189, 190, 191, 192, 193, 194
00011, 46, 47, 48, 49, 50, 51, 52, 53, 54, 66, 67, 68, 69, 70, 71, 72, 73, 74, 86, 87, 88, 89, 90, 91, 92, 93, 94, 106, 107, 108, 109, 110, 111, 112, 113, 114, 126, 127, 128, 129, 130, 131, 132, 133, 134, 146, 147, 148, 149, 150, 151, 152, 153, 154, 166, 167, 168, 169, 170, 171, 172, 173, 174, 186, 187, 188, 189, 190, 191, 192, 193, 194
00012, 46, 47, 48, 49, 50, 51, 52, 53, 54, 66, 67, 68, 69, 70, 71, 72, 73, 74, 86, 87, 88, 89, 90, 91, 92, 93, 94, 106, 107, 108, 109, 110, 111, 112, 113, 114, 126, 127, 128, 129, 130, 131, 132, 133, 134, 146, 147, 148, 149, 150, 151, 152, 153, 154, 166, 167, 168, 169, 170, 171, 172, 173, 174, 186, 187, 188, 189, 190, 191, 192, 193, 194
00013, 46, 47, 48, 49, 50, 51, 52, 53, 54, 66, 67, 68, 69, 70, 71, 72, 73, 74, 86, 87, 88, 89, 90, 91, 92, 93, 94, 106, 107, 108, 109, 110, 111, 112, 113, 114, 126, 127, 128, 129, 130, 131, 132, 133, 134, 146, 147, 148, 149, 150, 151, 152, 153, 154, 166, 167, 168, 169, 170, 171, 172, 173, 174, 186, 187, 188, 189, 190, 191, 192, 193, 194
00014, 46, 47, 48, 49, 50, 51, 52, 53, 54, 66, 67, 68, 69, 70, 71, 72, 73, 74, 86, 87, 88, 89, 90, 91, 92, 93, 94, 106, 107, 108, 109, 110, 111, 112, 113, 114, 126, 127, 128, 129, 130, 131, 132, 133, 134, 146, 147, 148, 149, 150, 151, 152, 153, 154, 166, 167, 168, 169, 170, 171, 172, 173, 174, 186, 187, 188, 189, 190, 191, 192, 193, 194
00015, 46, 47, 48, 49, 50, 51, 52, 53, 54, 66, 67, 68, 69, 70, 71, 72, 73, 74, 86, 87, 88, 89, 90, 91, 92, 93, 94, 106, 107, 108, 109, 110, 111, 112, 113, 114, 126, 127, 128, 129, 130, 131, 132, 133, 134, 146, 147, 148, 149, 150, 151, 152, 153, 154, 166, 167, 168, 169, 170, 171, 172, 173, 174, 186, 187, 188, 189, 190, 191, 192, 193, 194
00016, 46, 47, 48, 49, 50, 51, 52, 53, 54, 66, 67, 68, 69, 70, 71, 72, 73, 74, 86, 87, 88, 89, 90, 91, 92, 93, 94, 106, 107, 108, 109, 110, 111, 112, 113, 114, 126, 127, 128, 129, 130, 131, 132, 133, 134, 146, 147, 148, 149, 150, 151, 152, 153, 154, 166, 167, 168, 169, 170, 171, 172, 173, 174, 186, 187, 188, 189, 190, 191, 192, 193, 194
00017, 46, 47, 48, 49, 50, 51, 52, 53, 54, 66, 67, 68, 69, 70, 71, 72, 73, 74, 86, 87, 88, 89, 90, 91, 92, 93, 94, 106, 107, 108, 109, 110, 111, 112, 113, 114, 126, 127, 128, 129, 130, 131, 132, 133, 134, 146, 147, 148, 149, 150, 151, 152, 153, 154, 166, 167, 168, 169, 170, 171, 172, 173, 174, 186, 187, 188, 189, 190, 191, 192, 193, 194
00018, 46, 47, 48, 49, 50, 51, 52, 53, 54, 66, 67, 68, 69, 70, 71, 72, 73, 74, 86, 87, 88, 89, 90, 91, 92, 93, 94, 106, 107, 108, 109, 110, 111, 112, 113, 114, 126, 127, 128, 129, 130, 131, 132, 133, 134, 146, 147, 148, 149, 150, 151, 152, 153, 154, 166, 167, 168, 169, 170, 171, 172, 173, 174, 186, 187, 188, 189, 190, 191, 192, 193, 194
00019, 46, 47, 48, 49, 50, 51, 52, 53, 54, 66, 67, 68, 69, 70, 71, 72, 73, 74, 86, 87, 88, 89, 90, 91, 92, 93, 94, 106, 107, 108, 109, 110, 111, 112, 113, 114, 126, 127, 128, 129, 130, 131, 132, 133, 134, 146, 147, 148, 149, 150, 151, 152, 153, 154, 166, 167, 168, 169, 170, 171, 172, 173, 174, 186, 187, 188, 189, 190, 191, 192, 193, 194
00020, 46, 47, 48, 49, 50, 51, 52, 53, 54, 66, 67, 68, 69, 70, 71, 72, 73, 74, 86, 87, 88, 89, 90, 91, 92, 93, 94, 106, 107, 108, 109, 110, 111, 112, 113, 114, 126, 127, 128, 129, 130, 131, 132, 133, 134, 146, 147, 148, 149, 150, 151, 152, 153, 154, 166, 167, 168, 169, 170, 171, 172, 173, 174, 186, 187, 188, 189, 190, 191, 192, 193, 194
00021, 46, 47, 48, 49, 50, 51, 52, 53, 54, 66, 67, 68, 69, 70, 71, 72, 73, 74, 86, 87, 88, 89, 90, 91, 92, 93, 94, 106, 107, 108, 109, 110, 111, 112, 113, 114, 126, 127, 128, 129, 130, 131, 132, 133, 134, 146, 147, 148, 149, 150, 151, 152, 153, 154, 166, 167, 168, 169, 170, 171, 172, 173, 174, 186, 187, 188, 189, 190, 191, 192, 193, 194
00022, 46, 47, 48, 49, 50, 51, 52, 53, 54, 66, 67, 68, 69, 70, 71, 72, 73, 74, 86, 87, 88, 89, 90, 91, 92, 93, 94, 106, 107, 108, 109, 110, 111, 112, 113, 114, 126, 127, 128, 129, 130, 131, 132, 133, 134, 146, 147, 148, 149, 150, 151, 152, 153, 154, 166, 167, 168, 169, 170, 171, 172, 173, 174, 186, 187, 188, 189, 190, 191, 192, 193, 194
00023, 47, 48, 49, 50, 51, 52, 53, 54, 55, 67, 68, 69, 70, 71, 72, 73, 74, 75, 87, 88, 89, 90, 91, 92, 93, 94, 95, 107, 108, 109, 110, 111, 112, 113, 114, 115, 127, 128, 129, 130, 131, 132, 133, 134, 135, 147, 148, 149, 150, 151, 152, 153, 154, 155, 167, 168, 169, 170, 171, 172, 173, 174, 175, 187, 188, 189, 190, 191, 192, 193, 194, 195
00024, 47, 48, 49, 50, 51, 52, 53, 54, 55, 67, 68, 69, 70, 71, 72, 73, 74, 75, 87, 88, 89, 90, 91, 92, 93, 94, 95, 107, 108, 109, 110, 111, 112, 113, 114, 115, 127, 128, 129, 130, 131, 132, 133, 134, 135, 147, 148, 149, 150, 151, 152, 153, 154, 155, 167, 168, 169, 170, 171, 172, 173, 174, 175, 187, 188, 189, 190, 191, 192, 193, 194, 195
00025, 47, 48, 49, 50, 51, 52, 53, 54, 55, 67, 68, 69, 70, 71, 72, 73, 74, 75, 87, 88, 89, 90, 91, 92, 93, 94, 95, 107, 108, 109, 110, 111, 112, 113, 114, 115, 127, 128, 129, 130, 131, 132, 133, 134, 135, 147, 148, 149, 150, 151, 152, 153, 154, 155, 167, 168, 169, 170, 171, 172, 173, 174, 175, 187, 188, 189, 190, 191, 192, 193, 194, 195
00026, 47, 48, 49, 50, 51, 52, 53, 54, 55, 67, 68, 69, 70, 71, 72, 73, 74, 75, 87, 88, 89, 90, 91, 92, 93, 94, 95, 107, 108, 109, 110, 111, 112, 113, 114, 115, 127, 128, 129, 130, 131, 132, 133, 134, 135, 147, 148, 149, 150, 151, 152, 153, 154, 155, 167, 168, 169, 170, 171, 172, 173, 174, 175, 187, 188, 189, 190, 191, 192, 193, 194, 195
00027, 47, 48, 49, 50, 51, 52, 53, 54, 55, 67, 68, 69, 70, 71, 72, 73, 74, 75, 87, 88, 89, 90, 91, 92, 93, 94, 95, 107, 108, 109, 110, 111, 112, 113, 114, 115, 127, 128, 129, 130, 131, 132, 133, 134, 135, 147, 148, 149, 150, 151, 152, 153, 154, 155, 167, 168, 169, 170, 171, 172, 173, 174, 175, 187, 188, 189, 190, 191, 192, 193, 194, 195
00028, 47, 48, 49, 50, 51, 52, 53, 54, 55, 67, 68, 69, 70, 71, 72, 73, 74, 75, 87, 88, 89, 90, 91, 92, 93, 94, 95, 107, 108, 109, 110, 111, 112, 113, 114, 115, 127, 128, 129, 130, 131, 132, 133, 134, 135, 147, 148, 149, 150, 151, 152, 153, 154, 155, 167, 168, 169, 170, 171, 172, 173, 174, 175, 187, 188, 189, 190, 191, 192, 193, 194, 195
00029, 47, 48, 49, 50, 51, 52, 53, 54, 55, 67, 68, 69, 70, 71, 72, 73, 74, 75, 87, 88, 89, 90, 91, 92, 93, 94, 95, 107, 108, 109, 110, 111, 112, 113, 114, 115, 127, 128, 129, 130, 131, 132, 133, 134, 135, 147, 148, 149, 150, 151, 152, 153, 154, 155, 167, 168, 169, 170, 171, 172, 173, 174, 175, 187, 188, 189, 190, 191, 192, 193, 194, 195
00030, 47, 48, 49, 50, 51, 52, 53, 54, 55, 67, 68, 69, 70, 71, 72, 73, 74, 75, 87, 88, 89, 90, 91, 92, 93, 94, 95, 107, 108, 109, 110, 111, 112, 113, 114, 115, 127, 128, 129, 130, 131, 132, 133, 134, 135, 147, 148, 149, 150, 151, 152, 153, 154, 155, 167, 168, 169, 170, 171, 172, 173, 174, 175, 187, 188, 189, 190, 191, 192, 193, 194, 195
00031, 47, 48, 49, 50, 51, 52, 53, 54, 55, 67, 68, 69, 70, 71, 72, 73, 74, 75, 87, 88, 89, 90, 91, 92, 93, 94, 95, 107, 108, 109, 110, 111, 112, 113, 114, 115, 127, 128, 129, 130, 131, 132, 133, 134, 135, 147, 148, 149, 150, 151, 152, 153, 154, 155, 167, 168, 169, 170, 171, 172, 173, 174, 175, 187, 188, 189, 190, 191, 192, 193, 194, 195
00032, 47, 48, 49, 50, 51, 52, 53, 54, 55, 67, 68, 69, 70, 71, 72, 73, 74, 75, 87, 88, 89, 90, 91, 92, 93, 94, 95, 107, 108, 109, 110, 111, 112, 113, 114, 115, 127, 128, 129, 130, 131, 132, 133, 134, 135, 147, 148, 149, 150, 151, 152, 153, 154, 155, 167, 168, 169, 170, 171, 172, 173, 174, 175, 187, 188, 189, 190, 191, 192, 193, 194, 195
00033, 47, 48, 49, 50, 51, 52, 53, 54, 55, 67, 68, 69, 70, 71, 72, 73, 74, 75, 87, 88, 89, 90, 91, 92, 93, 94, 95, 107, 108, 109, 110, 111, 112, 113, 114, 115, 127, 128, 129, 130, 131, 132, 133, 134, 135, 147, 148, 149, 150, 151, 152, 153, 154, 155, 167, 168, 169, 170, 171, 172, 173, 174, 175, 187, 188, 189, 190, 191, 192, 193, 194, 195
00034, 47, 48, 49, 50, 51, 52, 53, 54, 55, 67, 68, 69, 70, 71, 72, 73, 74, 75, 87, 88, 89, 90, 91, 92, 93, 94, 95, 107, 108, 109, 110, 111, 112, 113, 114, 115, 127, 128, 129, 130, 131, 132, 133, 134, 135, 147, 148, 149, 150, 151, 152, 153, 154, 155, 167, 168, 169, 170, 171, 172, 173, 174, 175, 187, 188, 189, 190, 191, 192, 193, 194, 195
00035, 47, 48, 49, 50, 51, 52, 53, 54, 55, 67, 68, 69, 70, 71, 72, 73, 74, 75, 87, 88, 89, 90, 91, 92, 93, 94, 95, 107, 108, 109, 110, 111, 112, 113, 114, 115, 127, 128, 129, 130, 131, 132, 133, 134, 135, 147, 148, 149, 150, 151, 152, 153, 154, 155, 167, 168, 169, 170, 171, 172, 173, 174, 175, 187, 188, 189, 190, 191, 192, 193, 194, 195
00036, 47, 48, 49, 50, 51, 52, 53, 54, 55, 67, 68, 69, 70, 71, 72, 73, 74, 75, 87, 88, 89, 90, 91, 92, 93, 94, 95, 107, 108, 109, 110, 111, 112, 113, 114, 115, 127, 128, 129, 130, 131, 132, 133, 134, 135, 147, 148, 149, 150, 151, 152, 153, 154, 155, 167, 168, 169, 170, 171, 172, 173, 174, 175, 187, 188, 189, 190, 191, 192, 193, 194, 195
00037, 47, 48, 49, 50, 51, 52, 53, 54, 55, 67, 68, 69, 70, 71, 72, 73, 74, 75, 87, 88, 89, 90, 91, 92, 93, 94, 95, 107, 108, 109, 110, 111, 112, 113, 114, 115, 127, 128, 129, 130, 131, 132, 133, 134, 135, 147, 148, 149, 150, 151, 152, 153, 154, 155, 167, 168, 169, 170, 171, 172, 173, 174, 175, 187, 188, 189, 190, 191, 192, 193, 194, 195
00038, 48, 49, 50, 51, 52, 53, 54, 55, 56, 68, 69, 70, 71, 72, 73, 74, 75, 76, 88, 89, 90, 91, 92, 93, 94, 95, 96, 108, 109, 110, 111, 112, 113, 114, 115, 116, 128, 129, 130, 131, 132, 133, 134, 135, 136, 148, 149, 150, 151, 152, 153, 154, 155, 156, 168, 169, 170, 171, 172, 173, 174, 175, 176, 188, 189, 190, 191, 192, 193, 194, 195, 196
00039, 48, 49, 50, 51, 52, 53, 54, 55, 56, 68, 69, 70, 71, 72, 73, 74, 75, 76, 88, 89, 90, 91, 92, 93, 94, 95, 96, 108, 109, 110, 111, 112, 113, 114, 115, 116, 128, 129, 130, 131, 132, 133, 134, 135, 136, 148, 149, 150, 151, 152, 153, 154, 155, 156, 168, 169, 170, 171, 172, 173, 174, 175, 176, 188, 189, 190, 191, 192, 193, 194, 195, 196
00040, 48, 49, 50, 51, 52, 53, 54, 55, 56, 68, 69, 70, 71, 72, 73, 74, 75, 76, 88, 89, 90, 91, 92, 93, 94, 95, 96, 108, 109, 110, 111, 112, 113, 114, 115, 116, 128, 129, 130, 131, 132, 133, 134, 135, 136, 148, 149, 150, 151, 152, 153, 154, 155, 156, 168, 169, 170, 171, 172, 173, 174, 175, 176, 188, 189, 190, 191, 192, 193, 194, 195, 196
00041, 48, 49, 50, 51, 52, 53, 54, 55, 56, 68, 69, 70, 71, 72, 73, 74, 75, 76, 88, 89, 90, 91, 92, 93, 94, 95, 96, 108, 109, 110, 111, 112, 113, 114, 115, 116, 128, 129, 130, 131, 132, 133, 134, 135, 136, 148, 149, 150, 151, 152, 153, 154, 155, 156, 168, 169, 170, 171, 172, 173, 174, 175, 176, 188, 189, 190, 191, 192, 193, 194, 195, 196
00042, 48, 49, 50, 51, 52, 53, 54, 55, 56, 68, 69, 70, 71, 72, 73, 74, 75, 76, 88, 89, 90, 91, 92, 93, 94, 95, 96, 108, 109, 110, 111, 112, 113, 114, 115, 116, 128, 129, 130, 131, 132, 133, 134, 135, 136, 148, 149, 150, 151, 152, 153, 154, 155, 156, 168, 169, 170, 171, 172, 173, 174, 175, 176, 188, 189, 190, 191, 192, 193, 194, 195, 196
00043, 48, 49, 50, 51, 52, 53, 54, 55, 56, 68, 69, 70, 71, 72, 73, 74, 75, 76, 88, 89, 90, 91, 92, 93, 94, 95, 96, 108, 109, 110, 111, 112, 113, 114, 115, 116, 128, 129, 130, 131, 132, 133, 134, 135, 136, 148, 149, 150, 151, 152, 153, 154, 155, 156, 168, 169, 170, 171, 172, 173, 174, 175, 176, 188, 189, 190, 191, 192, 193, 194, 195, 196
00044, 48, 49, 50, 51, 52, 53, 54, 55, 56, 68, 69, 70, 71, 72, 73, 74, 75, 76, 88, 89, 90, 91, 92, 93, 94, 95, 96, 108, 109, 110, 111, 112, 113, 114, 115, 116, 128, 129, 130, 131, 132, 133, 134, 135, 136, 148, 149, 150, 151, 152, 153, 154, 155, 156, 168, 169, 170, 171, 172, 173, 174, 175, 176, 188, 189, 190, 191, 192, 193, 194, 195, 196
00045, 48, 49, 50, 51, 52, 53, 54, 55, 56, 68, 69, 70, 71, 72, 73, 74, 75, 76, 88, 89, 90, 91, 92, 93, 94, 95, 96, 108, 109, 110, 111, 112, 113, 114, 115, 116, 128, 129, 130, 131, 132, 133, 134, 135, 136, 148, 149, 150, 151, 152, 153, 154, 155, 156, 168, 169, 170, 171, 172, 173, 174, 175, 176, 188, 189, 190, 191, 192, 193, 194, 195, 196
00046, 48, 49, 50, 51, 52, 53, 54, 55, 56, 68, 69, 70, 71, 72, 73, 74, 75, 76, 88, 89, 90, 91, 92, 93, 94, 95, 96, 108, 109, 110, 111, 112, 113, 114, 115, 116, 128, 129, 130, 131, 132, 133, 134, 135, 136, 148, 149, 150, 151, 152, 153, 154, 155, 156, 168, 169, 170, 171, 172, 173, 174, 175, 176, 188, 189, 190, 191, 192, 193, 194, 195, 196
00047, 48, 49, 50, 51, 52, 53, 54, 55, 56, 68, 69, 70, 71, 72, 73, 74, 75, 76, 88, 89, 90, 91, 92, 93, 94, 95, 96, 108, 109, 110, 111, 112, 113, 114, 115, 116, 128, 129, 130, 131, 132, 133, 134, 135, 136, 148, 149, 150, 151, 152, 153, 154, 155, 156, 168, 169, 170, 171, 172, 173, 174, 175, 176, 188, 189, 190, 191, 192, 193, 194, 195, 196
00048, 48, 49, 50, 51, 52, 53, 54, 55, 56, 68, 69, 70, 71, 72, 73, 74, 75, 76, 88, 89, 90, 91, 92, 93, 94, 95, 96, 108, 109, 110, 111, 112, 113, 114, 115, 116, 128, 129, 130, 131, 132, 133, 134, 135, 136, 148, 149, 150, 151, 152, 153, 154, 155, 156, 168, 169, 170, 171, 172, 173, 174, 175, 176, 188, 189, 190, 191, 192, 193, 194, 195, 196
00049, 48, 49, 50, 51, 52, 53, 54, 55, 56, 68, 69, 70, 71, 72, 73, 74, 75, 76, 88, 89, 90, 91, 92, 93, 94, 95, 96, 108, 109, 110, 111, 112, 113, 114, 115, 116, 128, 129, 130, 131, 132, 133, 134, 135, 136, 148, 149, 150, 151, 152, 153, 154, 155, 156, 168, 169, 170, 171, 172, 173, 174, 175, 176, 188, 189, 190, 191, 192, 193, 194, 195, 196
00050, 48, 49, 50, 51, 52, 53, 54, 55, 56, 68, 69, 70, 71, 72, 73, 74, 75, 76, 88, 89, 90, 91, 92, 93, 94, 95, 96, 108, 109, 110, 111, 112, 113, 114, 115, 116, 128, 129, 130, 131, 132, 133, 134, 135, 136, 148, 149, 150, 151, 152, 153, 154, 155, 156, 168, 169, 170, 171, 172, 173, 174, 175, 176, 188, 189, 190, 191, 192, 193, 194, 195, 196
00051, 48, 49, 50, 51, 52, 53, 54, 55, 56, 68, 69, 70, 71, 72, 73, 74, 75, 76, 88, 89, 90, 91, 92, 93, 94, 95, 96, 108, 109, 110, 111, 112, 113, 114, 115, 116, 128, 129, 130, 131, 132, 133, 134, 135, 136, 148, 149, 150, 151, 152, 153, 154, 155, 156, 168, 169, 170, 171, 172, 173, 174, 175, 176, 188, 189, 190, 191, 192, 193, 194, 195, 196
00052, 48, 49, 50, 51, 52, 53, 54, 55, 56, 68, 69, 70, 71, 72, 73, 74, 75, 76, 88, 89, 90, 91, 92, 93, 94, 95, 96, 108, 109, 110, 111, 112, 113, 114, 115, 116, 128, 129, 130, 131, 132, 133, 134, 135, 136, 148, 149, 150, 151, 152, 153, 154, 155, 156, 168, 169, 170, 171, 172, 173, 174, 175, 176, 188, 189, 190, 191, 192, 193, 194, 195, 196
00053, 48, 49, 50, 51, 52, 53, 54, 55, 56, 68, 69, 70, 71, 72, 73, 74, 75, 76, 88, 89, 90, 91, 92, 93, 94, 95, 96, 108, 109, 110, 111, 112, 113, 114, 115, 116, 128, 129, 130, 131, 132, 133, 134, 135, 136, 148, 149, 150, 151, 152, 153, 154, 155, 156, 168, 169, 170, 171, 172, 173, 174, 175, 176, 188, 189, 190, 191, 192, 193, 194, 195, 196
00054, 49, 50, 51, 52, 53, 54, 55, 56, 57, 69, 70, 71, 72, 73, 74, 75, 76, 77, 89, 90, 91, 92, 93, 94, 95, 96, 97, 109, 110, 111, 112, 113, 114, 115, 116, 117, 129, 130, 131, 132, 133, 134, 135, 136, 137, 149, 150, 151, 152, 153, 154, 155, 156, 157, 169, 170, 171, 172, 173, 174, 175, 176, 177, 189, 190, 191, 192, 193, 194, 195, 196, 197
00055, 49, 50, 51, 52, 53, 54, 55, 56, 57, 69, 70, 71, 72, 73, 74, 75, 76, 77, 89, 90, 91, 92, 93, 94, 95, 96, 97, 109, 110, 111, 112, 113, 114, 115, 116, 117, 129, 130, 131, 132, 133, 134, 135, 136, 137, 149, 150, 151, 152, 153, 154, 155, 156, 157, 169, 170, 171, 172, 173, 174, 175, 176, 177, 189, 190, 191, 192, 193, 194, 195, 196, 197
00056, 49, 50, 51, 52, 53, 54, 55, 56, 57, 69, 70, 71, 72, 73, 74, 75, 76, 77, 89, 90, 91, 92, 93, 94, 95, 96, 97, 109, 110, 111, 112, 113, 114, 115, 116, 117, 129, 130, 131, 132, 133, 134, 135, 136, 137, 149, 150, 151, 152, 153, 154, 155, 156, 157, 169, 170, 171, 172, 173, 174, 175, 176, 177, 189, 190, 191, 192, 193, 194, 195, 196, 197
00057, 49, 50, 51, 52, 53, 54, 55, 56, 57, 69, 70, 71, 72, 73, 74, 75, 76, 77, 89, 90, 91, 92, 93, 94, 95, 96, 97, 109, 110, 111, 112, 113, 114, 115, 116, 117, 129, 130, 131, 132, 133, 134, 135, 136, 137, 149, 150, 151, 152, 153, 154, 155, 156, 157, 169, 170, 171, 172, 173, 174, 175, 176, 177, 189, 190, 191, 192, 193, 194, 195, 196, 197
00058, 49, 50, 51, 52, 53, 54, 55, 56, 57, 69, 70, 71, 72, 73, 74, 75, 76, 77, 89, 90, 91, 92, 93, 94, 95, 96, 97, 109, 110, 111, 112, 113, 114, 115, 116, 117, 129, 130, 131, 132, 133, 134, 135, 136, 137, 149, 150, 151, 152, 153, 154, 155, 156, 157, 169, 170, 171, 172, 173, 174, 175, 176, 177, 189, 190, 191, 192, 193, 194, 195, 196, 197
00059, 49, 50, 51, 52, 53, 54, 55, 56, 57, 69, 70, 71, 72, 73, 74, 75, 76, 77, 89, 90, 91, 92, 93, 94, 95, 96, 97, 109, 110, 111, 112, 113, 114, 115, 116, 117, 129, 130, 131, 132, 133, 134, 135, 136, 137, 149, 150, 151, 152, 153, 154, 155, 156, 157, 169, 170, 171, 172, 173, 174, 175, 176, 177, 189, 190, 191, 192, 193, 194, 195, 196, 197
00060, 49, 50, 51, 52, 53, 54, 55, 56, 57, 69, 70, 71, 72, 73, 74, 75, 76, 77, 89, 90, 91, 92, 93, 94, 95, 96, 97, 109, 110, 111, 112, 113, 114, 115, 116, 117, 129, 130, 131, 132, 133, 134, 135, 136, 137, 149, 150, 151, 152, 153, 154, 155, 156, 157, 169, 170, 171, 172, 173, 174, 175, 176, 177, 189, 190, 191, 192, 193, 194, 195, 196, 197
00061, 49, 50, 51, 52, 53, 54, 55, 56, 57, 69, 70, 71, 72, 73, 74, 75, 76, 77, 89, 90, 91, 92, 93, 94, 95, 96, 97, 109, 110, 111, 112, 113, 114, 115, 116, 117, 129, 130, 131, 132, 133, 134, 135, 136, 137, 149, 150, 151, 152, 153, 154, 155, 156, 157, 169, 170, 171, 172, 173, 174, 175, 176, 177, 189, 190, 191, 192, 193, 194, 195, 196, 197
00062, 49, 50, 51, 52, 53, 54, 55, 56, 57, 69, 70, 71, 72, 73, 74, 75, 76, 77, 89, 90, 91, 92, 93, 94, 95, 96, 97, 109, 110, 111, 112, 113, 114, 115, 116, 117, 129, 130, 131, 132, 133, 134, 135, 136, 137, 149, 150, 151, 152, 153, 154, 155, 156, 157, 169, 170, 171, 172, 173, 174, 175, 176, 177, 189, 190, 191, 192, 193, 194, 195, 196, 197
00063, 49, 50, 51, 52, 53, 54, 55, 56, 57, 69, 70, 71, 72, 73, 74, 75, 76, 77, 89, 90, 91, 92, 93, 94, 95, 96, 97, 109, 110, 111, 112, 113, 114, 115, 116, 117, 129, 130, 131, 132, 133, 134, 135, 136, 137, 149, 150, 151, 152, 153, 154, 155, 156, 157, 169, 170, 171, 172, 173, 174, 175, 176, 177, 189, 190, 191, 192, 193, 194, 195, 196, 197
00064, 49, 50, 51, 52, 53, 54, 55, 56, 57, 69, 70, 71, 72, 73, 74, 75, 76, 77, 89, 90, 91, 92, 93, 94, 95, 96, 97, 109, 110, 111, 112, 113, 114, 115, 116, 117, 129, 130, 131, 132, 133, 134, 135, 136, 137, 149, 150, 151, 152, 153, 154, 155, 156, 157, 169, 170, 171, 172, 173, 174, 175, 176, 177, 189, 190, 191, 192, 193, 194, 195, 196, 197
00065, 49, 50, 51, 52, 53, 54, 55, 56, 57, 69, 70, 71, 72, 73, 74, 75, 76, 77, 89, 90, 91, 92, 93, 94, 95, 96, 97, 109, 110, 111, 112, 113, 114, 115, 116, 117, 129, 130, 131, 132, 133, 134, 135, 136, 137, 149, 150, 151, 152, 153, 154, 155, 156, 157, 169, 170, 171, 172, 173, 174, 175, 176, 177, 189, 190, 191, 192, 193, 194, 195, 196, 197
00066, 49, 50, 51, 52, 53, 54, 55, 56, 57, 69, 70, 71, 72, 73, 74, 75, 76, 77, 89, 90, 91, 92, 93, 94, 95, 96, 97, 109, 110, 111, 112, 113, 114, 115, 116, 117, 129, 130, 131, 132, 133, 134, 135, 136, 137, 149, 150, 151, 152, 153, 154, 155, 156, 157, 169, 170, 171, 172, 173, 174, 175, 176, 177, 189, 190, 191, 192, 193, 194, 195, 196, 197
00067, 49, 50, 51, 52, 53, 54, 55, 56, 57, 69, 70, 71, 72, 73, 74, 75, 76, 77, 89, 90, 91, 92, 93, 94, 95, 96, 97, 109, 110, 111, 112, 113, 114, 115, 116, 117, 129, 130, 131, 132, 133, 134, 135, 136, 137, 149, 150, 151, 152, 153, 154, 155, 156, 157, 169, 170, 171, 172, 173, 174, 175, 176, 177, 189, 190, 191, 192, 193, 194, 195, 196, 197
00068, 49, 50, 51, 52, 53, 54, 55, 56, 57, 69, 70, 71, 72, 73, 74, 75, 76, 77, 89, 90, 91, 92, 93, 94, 95, 96, 97, 109, 110, 111, 112, 113, 114, 115, 116, 117, 129, 130, 131, 132, 133, 134, 135, 136, 137, 149, 150, 151, 152, 153, 154, 155, 156, 157, 169, 170, 171, 172, 173, 174, 175, 176, 177, 189, 190, 191, 192, 193, 194, 195, 196, 197
00069, 49, 50, 51, 52, 53, 54, 55, 56, 57, 69, 70, 71, 72, 73, 74, 75, 76, 77, 89, 90, 91, 92, 93, 94, 95, 96, 97, 109, 110, 111, 112, 113, 114, 115, 116, 117, 129, 130, 131, 132, 133, 134, 135, 136, 137, 149, 150, 151, 152, 153, 154, 155, 156, 157, 169, 170, 171, 172, 173, 174, 175, 176, 177, 189, 190, 191, 192, 193, 194, 195, 196, 197
00070, 49, 50, 51, 52, 53, 54, 55, 56, 57, 69, 70, 71, 72, 73, 74, 75, 76, 77, 89, 90, 91, 92, 93, 94, 95, 96, 97, 109, 110, 111, 112, 113, 114, 115, 116, 117, 129, 130, 131, 132, 133, 134, 135, 136, 137, 149, 150, 151, 152, 153, 154, 155, 156, 157, 169, 170, 171, 172, 173, 174, 175, 176, 177, 189, 190, 191, 192, 193, 194, 195, 196, 197
00071, 49, 50, 51, 52, 53, 54, 55, 56, 57, 69, 70, 71, 72, 73, 74, 75, 76, 77, 89, 90, 91, 92, 93, 94, 95, 96, 97, 109, 110, 111, 112, 113, 114, 115, 116, 117, 129, 130, 131, 132, 133, 134, 135, 136, 137, 149, 150, 151, 152, 153, 154, 155, 156, 157, 169, 170, 171, 172, 173, 174, 175, 176, 177, 189, 190, 191, 192, 193, 194, 195, 196, 197
00072, 49, 50, 51, 52, 53, 54, 55, 56, 57, 69, 70, 71, 72, 73, 74, 75, 76, 77, 89, 90, 91, 92, 93, 94, 95, 96, 97, 109, 110, 111, 112, 113, 114, 115, 116, 117, 129, 130, 131, 132, 133, 134, 135, 136, 137, 149, 150, 151, 152, 153, 154, 155, 156, 157, 169, 170, 171, 172, 173, 174, 175, 176, 177, 189, 190, 191, 192, 193, 194, 195, 196, 197
00073, 50, 51, 52, 53, 54, 55, 56, 57, 58, 70, 71, 72, 73, 74, 75, 76, 77, 78, 90, 91, 92, 93, 94, 95, 96, 97, 98, 110, 111, 112, 113, 114, 115, 116, 117, 118, 130, 131, 132, 133, 134, 135, 136, 137, 138, 150, 151, 152, 153, 154, 155, 156, 157, 158, 170, 171, 172, 173, 174, 175, 176, 177, 178, 190, 191, 192, 193, 194, 195, 196, 197, 198
00074, 50, 51, 52, 53, 54, 55, 56, 57, 58, 70, 71, 72, 73, 74, 75, 76, 77, 78, 90, 91, 92, 93, 94, 95, 96, 97, 98, 110, 111, 112, 113, 114, 115, 116, 117, 118, 130, 131, 132, 133, 134, 135, 136, 137, 138, 150, 151, 152, 153, 154, 155, 156, 157, 158, 170, 171, 172, 173, 174, 175, 176, 177, 178, 190, 191, 192, 193, 194, 195, 196, 197, 198
00075, 50, 51, 52, 53, 54, 55, 56, 57, 58, 70, 71, 72, 73, 74, 75, 76, 77, 78, 90, 91, 92, 93, 94, 95, 96, 97, 98, 110, 111, 112, 113, 114, 115, 116, 117, 118, 130, 131, 132, 133, 134, 135, 136, 137, 138, 150, 151, 152, 153, 154, 155, 156, 157, 158, 170, 171, 172, 173, 174, 175, 176, 177, 178, 190, 191, 192, 193, 194, 195, 196, 197, 198
00076, 50, 51, 52, 53, 54, 55, 56, 57, 58, 70, 71, 72, 73, 74, 75, 76, 77, 78, 90, 91, 92, 93, 94, 95, 96, 97, 98, 110, 111, 112, 113, 114, 115, 116, 117, 118, 130, 131, 132, 133, 134, 135, 136, 137, 138, 150, 151, 152, 153, 154, 155, 156, 157, 158, 170, 171, 172, 173, 174, 175, 176, 177, 178, 190, 191, 192, 193, 194, 195, 196, 197, 198
00077, 50, 51, 52, 53, 54, 55, 56, 57, 58, 70, 71, 72, 73, 74, 75, 76, 77, 78, 90, 91, 92, 93, 94, 95, 96, 97, 98, 110, 111, 112, 113, 114, 115, 116, 117, 118, 130, 131, 132, 133, 134, 135, 136, 137, 138, 150, 151, 152, 153, 154, 155, 156, 157, 158, 170, 171, 172, 173, 174, 175, 176, 177, 178, 190, 191, 192, 193, 194, 195, 196, 197, 198
00078, 50, 51, 52, 53, 54, 55, 56, 57, 58, 70, 71, 72, 73, 74, 75, 76, 77, 78, 90, 91, 92, 93, 94, 95, 96, 97, 98, 110, 111, 112, 113, 114, 115, 116, 117, 118, 130, 131, 132, 133, 134, 135, 136, 137, 138, 150, 151, 152, 153, 154, 155, 156, 157, 158, 170, 171, 172, 173, 174, 175, 176, 177, 178, 190, 191, 192, 193, 194, 195, 196, 197, 198
00079, 50, 51, 52, 53, 54, 55, 56, 57, 58, 70, 71, 72, 73, 74, 75, 76, 77, 78, 90, 91, 92, 93, 94, 95, 96, 97, 98, 110, 111, 112, 113, 114, 115, 116, 117, 118, 130, 131, 132, 133, 134, 135, 136, 137, 138, 150, 151, 152, 153, 154, 155, 156, 157, 158, 170, 171, 172, 173, 174, 175, 176, 177, 178, 190, 191, 192, 193, 194, 195, 196, 197, 198
00080, 50, 51, 52, 53, 54, 55, 56, 57, 58, 70, 71, 72, 73, 74, 75, 76, 77, 78, 90, 91, 92, 93, 94, 95, 96, 97, 98, 110, 111, 112, 113, 114, 115, 116, 117, 118, 130, 131, 132, 133, 134, 135, 136, 137, 138, 150, 151, 152, 153, 154, 155, 156, 157, 158, 170, 171, 172, 173, 174, 175, 176, 177, 178, 190, 191, 192, 193, 194, 195, 196, 197, 198
00081, 50, 51, 52, 53, 54, 55, 56, 57, 58, 70, 71, 72, 73, 74, 75, 76, 77, 78, 90, 91, 92, 93, 94, 95, 96, 97, 98, 110, 111, 112, 113, 114, 115, 116, 117, 118, 130, 131, 132, 133, 134, 135, 136, 137, 138, 150, 151, 152, 153, 154, 155, 156, 157, 158, 170, 171, 172, 173, 174, 175, 176, 177, 178, 190, 191, 192, 193, 194, 195, 196, 197, 198
00082, 50, 51, 52, 53, 54, 55, 56, 57, 58, 70, 71, 72, 73, 74, 75, 76, 77, 78, 90, 91, 92, 93, 94, 95, 96, 97, 98, 110, 111, 112, 113, 114, 115, 116, 117, 118, 130, 131, 132, 133, 134, 135, 136, 137, 138, 150, 151, 152, 153, 154, 155, 156, 157, 158, 170, 171, 172, 173, 174, 175, 176, 177, 178, 190, 191, 192, 193, 194, 195, 196, 197, 198
00083, 50, 51, 52, 53, 54, 55, 56, 57, 58, 70, 71, 72, 73, 74, 75, 76, 77, 78, 90, 91, 92, 93, 94, 95, 96, 97, 98, 110, 111, 112, 113, 114, 115, 116, 117, 118, 130, 131, 132, 133, 134, 135, 136, 137, 138, 150, 151, 152, 153, 154, 155, 156, 157, 158, 170, 171, 172, 173, 174, 175, 176, 177, 178, 190, 191, 192, 193, 194, 195, 196, 197, 198
00084, 50, 51, 52, 53, 54, 55, 56, 57, 58, 70, 71, 72, 73, 74, 75, 76, 77, 78, 90, 91, 92, 93, 94, 95, 96, 97, 98, 110, 111, 112, 113, 114, 115, 116, 117, 118, 130, 131, 132, 133, 134, 135, 136, 137, 138, 150, 151, 152, 153, 154, 155, 156, 157, 158, 170, 171, 172, 173, 174, 175, 176, 177, 178, 190, 191, 192, 193, 194, 195, 196, 197, 198
00085, 50, 51, 52, 53, 54, 55, 56, 57, 58, 70, 71, 72, 73, 74, 75, 76, 77, 78, 90, 91, 92, 93, 94, 95, 96, 97, 98, 110, 111, 112, 113, 114, 115, 116, 117, 118, 130, 131, 132, 133, 134, 135, 136, 137, 138, 150, 151, 152, 153, 154, 155, 156, 157, 158, 170, 171, 172, 173, 174, 175, 176, 177, 178, 190, 191, 192, 193, 194, 195, 196, 197, 198
00086, 50, 51, 52, 53, 54, 55, 56, 57, 58, 70, 71, 72, 73, 74, 75, 76, 77, 78, 90, 91, 92, 93, 94, 95, 96, 97, 98, 110, 111, 112, 113, 114, 115, 116, 117, 118, 130, 131, 132, 133, 134, 135, 136, 137, 138, 150, 151, 152, 153, 154, 155, 156, 157, 158, 170, 171, 172, 173, 174, 175, 176, 177, 178, 190, 191, 192, 193, 194, 195, 196, 197, 198
00087, 50, 51, 52, 53, 54, 55, 56, 57, 58, 70, 71, 72, 73, 74, 75, 76, 77, 78, 90, 91, 92, 93, 94, 95, 96, 97, 98, 110, 111, 112, 113, 114, 115, 116, 117, 118, 130, 131, 132, 133, 134, 135, 136, 137, 138, 150, 151, 152, 153, 154, 155, 156, 157, 158, 170, 171, 172, 173, 174, 175, 176, 177, 178, 190, 191, 192, 193, 194, 195, 196, 197, 198
00088, 50, 51, 52, 53, 54, 55, 56, 57, 58, 70, 71, 72, 73, 74, 75, 76, 77, 78, 90, 91, 92, 93, 94, 95, 96, 97, 98, 110, 111, 112, 113, 114, 115, 116, 117, 118, 130, 131, 132, 133, 134, 135, 136, 137, 138, 150, 151, 152, 153, 154, 155, 156, 157, 158, 170, 171, 172, 173, 174, 175, 176, 177, 178, 190, 191, 192, 193, 194, 195, 196, 197, 198
00089, 50, 51, 52, 53, 54, 55, 56, 57, 58, 70, 71, 72, 73, 74, 75, 76, 77, 78, 90, 91, 92, 93, 94, 95, 96, 97, 98, 110, 111, 112, 113, 114, 115, 116, 117, 118, 130, 131, 132, 133, 134, 135, 136, 137, 138, 150, 151, 152, 153, 154, 155, 156, 157, 158, 170, 171, 172, 173, 174, 175, 176, 177, 178, 190, 191, 192, 193, 194, 195, 196, 197, 198
00090, 50, 51, 52, 53, 54, 55, 56, 57, 58, 70, 71, 72, 73, 74, 75, 76, 77, 78, 90, 91, 92, 93, 94, 95, 96, 97, 98, 110, 111, 112, 113, 114, 115, 116, 117, 118, 130, 131, 132, 133, 134, 135, 136, 137, 138, 150, 151, 152, 153, 154, 155, 156, 157, 158, 170, 171, 172, 173, 174, 175, 176, 177, 178, 190, 191, 192, 193, 194, 195, 196, 197, 198
00091, 50, 51, 52, 53, 54, 55, 56, 57, 58, 70, 71, 72, 73, 74, 75, 76, 77, 78, 90, 91, 92, 93, 94, 95, 96, 97, 98, 110, 111, 112, 113, 114, 115, 116, 117, 118, 130, 131, 132, 133, 134, 135, 136, 137, 138, 150, 151, 152, 153, 154, 155, 156, 157, 158, 170, 171, 172, 173, 174, 175, 176, 177, 178, 190, 191, 192, 193, 194, 195, 196, 197, 198
00092, 50, 51, 52, 53, 54, 55, 56, 57, 58, 70, 71, 72, 73, 74, 75, 76, 77, 78, 90, 91, 92, 93, 94, 95, 96, 97, 98, 110, 111, 112, 113, 114, 115, 116, 117, 118, 130, 131, 132, 133, 134, 135, 136, 137, 138, 150, 151, 152, 153, 154, 155, 156, 157, 158, 170, 171, 172, 173, 174, 175, 176, 177, 178, 190, 191, 192, 193, 194, 195, 196, 197, 198
00093, 50, 51, 52, 53, 54, 55, 56, 57, 58, 70, 71, 72, 73, 74, 75, 76, 77, 78, 90, 91, 92, 93, 94, 95, 96, 97, 98, 110, 111, 112, 113, 114, 115, 116, 117, 118, 130, 131, 132, 133, 134, 135, 136, 137, 138, 150, 151, 152, 153, 154, 155, 156, 157, 158, 170, 171, 172, 173, 174, 175, 176, 177, 178, 190, 191, 192, 193, 194, 195, 196, 197, 198
00094, 50, 51, 52, 53, 54, 55, 56, 57, 58, 70, 71, 72, 73, 74, 75, 76, 77, 78, 90, 91, 92, 93, 94, 95, 96, 97, 98, 110, 111, 112, 113, 114, 115, 116, 117, 118, 130, 131, 132, 133, 134, 135, 136, 137, 138, 150, 151, 152, 153, 154, 155, 156, 157, 158, 170, 171, 172, 173, 174, 175, 176, 177, 178, 190, 191, 192, 193, 194, 195, 196, 197, 198
00095, 51, 52, 53, 54, 55, 56, 57, 58, 59, 71, 72, 73, 74, 75, 76, 77, 78, 79, 91, 92, 93, 94, 95, 96, 97, 98, 99, 111, 112, 113, 114, 115, 116, 117, 118, 119, 131, 132, 133, 134, 135, 136, 137, 138, 139, 151, 152, 153, 154, 155, 156, 157, 158, 159, 171, 172, 173, 174, 175, 176, 177, 178, 179, 191, 192, 193, 194, 195, 196, 197, 198, 199
00096, 51, 52, 53, 54, 55, 56, 57, 58, 59, 71, 72, 73, 74, 75, 76, 77, 78, 79, 91, 92, 93, 94, 95, 96, 97, 98, 99, 111, 112, 113, 114, 115, 116, 117, 118, 119, 131, 132, 133, 134, 135, 136, 137, 138, 139, 151, 152, 153, 154, 155, 156, 157, 158, 159, 171, 172, 173, 174, 175, 176, 177, 178, 179, 191, 192, 193, 194, 195, 196, 197, 198, 199
00097, 51, 52, 53, 54, 55, 56, 57, 58, 59, 71, 72, 73, 74, 75, 76, 77, 78, 79, 91, 92, 93, 94, 95, 96, 97, 98, 99, 111, 112, 113, 114, 115, 116, 117, 118, 119, 131, 132, 133, 134, 135, 136, 137, 138, 139, 151, 152, 153, 154, 155, 156, 157, 158, 159, 171, 172, 173, 174, 175, 176, 177, 178, 179, 191, 192, 193, 194, 195, 196, 197, 198, 199
00098, 51, 52, 53, 54, 55, 56, 57, 58, 59, 71, 72, 73, 74, 75, 76, 77, 78, 79, 91, 92, 93, 94, 95, 96, 97, 98, 99, 111, 112, 113, 114, 115, 116, 117, 118, 119, 131, 132, 133, 134, 135, 136, 137, 138, 139, 151, 152, 153, 154, 155, 156, 157, 158, 159, 171, 172, 173, 174, 175, 176, 177, 178, 179, 191, 192, 193, 194, 195, 196, 197, 198, 199
00099, 51, 52, 53, 54, 55, 56, 57, 58, 59, 71, 72, 73, 74, 75, 76, 77, 78, 79, 91, 92, 93, 94, 95, 96, 97, 98, 99, 111, 112, 113, 114, 115, 116, 117, 118, 119, 131, 132, 133, 134, 135, 136, 137, 138, 139, 151, 152, 153, 154, 155, 156, 157, 158, 159, 171, 172, 173, 174, 175, 176, 177, 178, 179, 191, 192, 193, 194, 195, 196, 197, 198, 199
00100, 51, 52, 53, 54, 55, 56, 57, 58, 59, 71, 72, 73, 74, 75, 76, 77, 78, 79, 91, 92, 93, 94, 95, 96, 97, 98, 99, 111, 112, 113, 114, 115, 116, 117, 118, 119, 131, 132, 133, 134, 135, 136, 137, 138, 139, 151, 152, 153, 154, 155, 156, 157, 158, 159, 171, 172, 173, 174, 175, 176, 177, 178, 179, 191, 192, 193, 194, 195, 196, 197, 198, 199
00101, 51, 52, 53, 54, 55, 56, 57, 58, 59, 71, 72, 73, 74, 75, 76, 77, 78, 79, 91, 92, 93, 94, 95, 96, 97, 98, 99, 111, 112, 113, 114, 115, 116, 117, 118, 119, 131, 132, 133, 134, 135, 136, 137, 138, 139, 151, 152, 153, 154, 155, 156, 157, 158, 159, 171, 172, 173, 174, 175, 176, 177, 178, 179, 191, 192, 193, 194, 195, 196, 197, 198, 199
00102, 51, 52, 53, 54, 55, 56, 57, 58, 59, 71, 72, 73, 74, 75, 76, 77, 78, 79, 91, 92, 93, 94, 95, 96, 97, 98, 99, 111, 112, 113, 114, 115, 116, 117, 118, 119, 131, 132, 133, 134, 135, 136, 137, 138, 139, 151, 152, 153, 154, 155, 156, 157, 158, 159, 171, 172, 173, 174, 175, 176, 177, 178, 179, 191, 192, 193, 194, 195, 196, 197, 198, 199
00103, 51, 52, 53, 54, 55, 56, 57, 58, 59, 71, 72, 73, 74, 75, 76, 77, 78, 79, 91, 92, 93, 94, 95, 96, 97, 98, 99, 111, 112, 113, 114, 115, 116, 117, 118, 119, 131, 132, 133, 134, 135, 136, 137, 138, 139, 151, 152, 153, 154, 155, 156, 157, 158, 159, 171, 172, 173, 174, 175, 176, 177, 178, 179, 191, 192, 193, 194, 195, 196, 197, 198, 199
00104, 51, 52, 53, 54, 55, 56, 57, 58, 59, 71, 72, 73, 74, 75, 76, 77, 78, 79, 91, 92, 93, 94, 95, 96, 97, 98, 99, 111, 112, 113, 114, 115, 116, 117, 118, 119, 131, 132, 133, 134, 135, 136, 137, 138, 139, 151, 152, 153, 154, 155, 156, 157, 158, 159, 171, 172, 173, 174, 175, 176, 177, 178, 179, 191, 192, 193, 194, 195, 196, 197, 198, 199
00105, 51, 52, 53, 54, 55, 56, 57, 58, 59, 71, 72, 73, 74, 75, 76, 77, 78, 79, 91, 92, 93, 94, 95, 96, 97, 98, 99, 111, 112, 113, 114, 115, 116, 117, 118, 119, 131, 132, 133, 134, 135, 136, 137, 138, 139, 151, 152, 153, 154, 155, 156, 157, 158, 159, 171, 172, 173, 174, 175, 176, 177, 178, 179, 191, 192, 193, 194, 195, 196, 197, 198, 199
00106, 51, 52, 53, 54, 55, 56, 57, 58, 59, 71, 72, 73, 74, 75, 76, 77, 78, 79, 91, 92, 93, 94, 95, 96, 97, 98, 99, 111, 112, 113, 114, 115, 116, 117, 118, 119, 131, 132, 133, 134, 135, 136, 137, 138, 139, 151, 152, 153, 154, 155, 156, 157, 158, 159, 171, 172, 173, 174, 175, 176, 177, 178, 179, 191, 192, 193, 194, 195, 196, 197, 198, 199
00107, 51, 52, 53, 54, 55, 56, 57, 58, 59, 71, 72, 73, 74, 75, 76, 77, 78, 79, 91, 92, 93, 94, 95, 96, 97, 98, 99, 111, 112, 113, 114, 115, 116, 117, 118, 119, 131, 132, 133, 134, 135, 136, 137, 138, 139, 151, 152, 153, 154, 155, 156, 157, 158, 159, 171, 172, 173, 174, 175, 176, 177, 178, 179, 191, 192, 193, 194, 195, 196, 197, 198, 199
00108, 51, 52, 53, 54, 55, 56, 57, 58, 59, 71, 72, 73, 74, 75, 76, 77, 78, 79, 91, 92, 93, 94, 95, 96, 97, 98, 99, 111, 112, 113, 114, 115, 116, 117, 118, 119, 131, 132, 133, 134, 135, 136, 137, 138, 139, 151, 152, 153, 154, 155, 156, 157, 158, 159, 171, 172, 173, 174, 175, 176, 177, 178, 179, 191, 192, 193, 194, 195, 196, 197, 198, 199
00109, 51, 52, 53, 54, 55, 56, 57, 58, 59, 71, 72, 73, 74, 75, 76, 77, 78, 79, 91, 92, 93, 94, 95, 96, 97, 98, 99, 111, 112, 113, 114, 115, 116, 117, 118, 119, 131, 132, 133, 134, 135, 136, 137, 138, 139, 151, 152, 153, 154, 155, 156, 157, 158, 159, 171, 172, 173, 174, 175, 176, 177, 178, 179, 191, 192, 193, 194, 195, 196, 197, 198, 199
00110, 51, 52, 53, 54, 55, 56, 57, 58, 59, 71, 72, 73, 74, 75, 76, 77, 78, 79, 91, 92, 93, 94, 95, 96, 97, 98, 99, 111, 112, 113, 114, 115, 116, 117, 118, 119, 131, 132, 133, 134, 135, 136, 137, 138, 139, 151, 152, 153, 154, 155, 156, 157, 158, 159, 171, 172, 173, 174, 175, 176, 177, 178, 179, 191, 192, 193, 194, 195, 196, 197, 198, 199
00111, 51, 52, 53, 54, 55, 56, 57, 58, 59, 71, 72, 73, 74, 75, 76, 77, 78, 79, 91, 92, 93, 94, 95, 96, 97, 98, 99, 111, 112, 113, 114, 115, 116, 117, 118, 119, 131, 132, 133, 134, 135, 136, 137, 138, 139, 151, 152, 153, 154, 155, 156, 157, 158, 159, 171, 172, 173, 174, 175, 176, 177, 178, 179, 191, 192, 193, 194, 195, 196, 197, 198, 199
00112, 51, 52, 53, 54, 55, 56, 57, 58, 59, 71, 72, 73, 74, 75, 76, 77, 78, 79, 91, 92, 93, 94, 95, 96, 97, 98, 99, 111, 112, 113, 114, 115, 116, 117, 118, 119, 131, 132, 133, 134, 135, 136, 137, 138, 139, 151, 152, 153, 154, 155, 156, 157, 158, 159, 171, 172, 173, 174, 175, 176, 177, 178, 179, 191, 192, 193, 194, 195, 196, 197, 198, 199
00113, 51, 52, 53, 54, 55, 56, 57, 58, 59, 71, 72, 73, 74, 75, 76, 77, 78, 79, 91, 92, 93, 94, 95, 96, 97, 98, 99, 111, 112, 113, 114, 115, 116, 117, 118, 119, 131, 132, 133, 134, 135, 136, 137, 138, 139, 151, 152, 153, 154, 155, 156, 157, 158, 159, 171, 172, 173, 174, 175, 176, 177, 178, 179, 191, 192, 193, 194, 195, 196, 197, 198, 199
00114, 51, 52, 53, 54, 55, 56, 57, 58, 59, 71, 72, 73, 74, 75, 76, 77, 78, 79, 91, 92, 93, 94, 95, 96, 97, 98, 99, 111, 112, 113, 114, 115, 116, 117, 118, 119, 131, 132, 133, 134, 135, 136, 137, 138, 139, 151, 152, 153, 154, 155, 156, 157, 158, 159, 171, 172, 173, 174, 175, 176, 177, 178, 179, 191, 192, 193, 194, 195, 196, 197, 198, 199
00115, 51, 52, 53, 54, 55, 56, 57, 58, 59, 71, 72, 73, 74, 75, 76, 77, 78, 79, 91, 92, 93, 94, 95, 96, 97, 98, 99, 111, 112, 113, 114, 115, 116, 117, 118, 119, 131, 132, 133, 134, 135, 136, 137, 138, 139, 151, 152, 153, 154, 155, 156, 157, 158, 159, 171, 172, 173, 174, 175, 176, 177, 178, 179, 191, 192, 193, 194, 195, 196, 197, 198, 199
00116, 51, 52, 53, 54, 55, 56, 57, 58, 59, 71, 72, 73, 74, 75, 76, 77, 78, 79, 91, 92, 93, 94, 95, 96, 97, 98, 99, 111, 112, 113, 114, 115, 116, 117, 118, 119, 131, 132, 133, 134, 135, 136, 137, 138, 139, 151, 152, 153, 154, 155, 156, 157, 158, 159, 171, 172, 173, 174, 175, 176, 177, 178, 179, 191, 192, 193, 194, 195, 196, 197, 198, 199
00117, 51, 52, 53, 54, 55, 56, 57, 58, 59, 71, 72, 73, 74, 75, 76, 77, 78, 79, 91, 92, 93, 94, 95, 96, 97, 98, 99, 111, 112, 113, 114, 115, 116, 117, 118, 119, 131, 132, 133, 134, 135, 136, 137, 138, 139, 151, 152, 153, 154, 155, 156, 157, 158, 159, 171, 172, 173, 174, 175, 176, 177, 178, 179, 191, 192, 193, 194, 195, 196, 197, 198, 199
00118, 51, 52, 53, 54, 55, 56, 57, 58, 59, 71, 72, 73, 74, 75, 76, 77, 78, 79, 91, 92, 93, 94, 95, 96, 97, 98, 99, 111, 112, 113, 114, 115, 116, 117, 118, 119, 131, 132, 133, 134, 135, 136, 137, 138, 139, 151, 152, 153, 154, 155, 156, 157, 158, 159, 171, 172, 173, 174, 175, 176, 177, 178, 179, 191, 192, 193, 194, 195, 196, 197, 198, 199
00119, 51, 52, 53, 54, 55, 56, 57, 58, 59, 71, 72, 73, 74, 75, 76, 77, 78, 79, 91, 92, 93, 94, 95, 96, 97, 98, 99, 111, 112, 113, 114, 115, 116, 117, 118, 119, 131, 132, 133, 134, 135, 136, 137, 138, 139, 151, 152, 153, 154, 155, 156, 157, 158, 159, 171, 172, 173, 174, 175, 176, 177, 178, 179, 191, 192, 193, 194, 195, 196, 197, 198, 199
00120, 51, 52, 53, 54, 55, 56, 57, 58, 59, 71, 72, 73, 74, 75, 76, 77, 78, 79, 91, 92, 93, 94, 95, 96, 97, 98, 99, 111, 112, 113, 114, 115, 116, 117, 118, 119, 131, 132, 133, 134, 135, 136, 137, 138, 139, 151, 152, 153, 154, 155, 156, 157, 158, 159, 171, 172, 173, 174, 175, 176, 177, 178, 179, 191, 192, 193, 194, 195, 196, 197, 198, 199
00121, 51, 52, 53, 54, 55, 56, 57, 58, 59, 71, 72, 73, 74, 75, 76, 77, 78, 79, 91, 92, 93, 94, 95, 96, 97, 98, 99, 111, 112, 113, 114, 115, 116, 117, 118, 119, 131, 132, 133, 134, 135, 136, 137, 138, 139, 151, 152, 153, 154, 155, 156, 157, 158, 159, 171, 172, 173, 174, 175, 176, 177, 178, 179, 191, 192, 193, 194, 195, 196, 197, 198, 199
00122, 51, 52, 53, 54, 55, 56, 57, 58, 59, 71, 72, 73, 74, 75, 76, 77, 78, 79, 91, 92, 93, 94, 95, 96, 97, 98, 99, 111, 112, 113, 114, 115, 116, 117, 118, 119, 131, 132, 133, 134, 135, 136, 137, 138, 139, 151, 152, 153, 154, 155, 156, 157, 158, 159, 171, 172, 173, 174, 175, 176, 177, 178, 179, 191, 192, 193, 194, 195, 196, 197, 198, 199
00123, 51, 52, 53, 54, 55, 56, 57, 58, 59, 71, 72, 73, 74, 75, 76, 77, 78, 79, 91, 92, 93, 94, 95, 96, 97, 98, 99, 111, 112, 113, 114, 115, 116, 117, 118, 119, 131, 132, 133, 134, 135, 136, 137, 138, 139, 151, 152, 153, 154, 155, 156, 157, 158, 159, 171, 172, 173, 174, 175, 176, 177, 178, 179, 191, 192, 193, 194, 195, 196, 197, 198, 199
00124, 51, 52, 53, 54, 55, 56, 57, 58, 59, 71, 72, 73, 74, 75, 76, 77, 78, 79, 91, 92, 93, 94, 95, 96, 97, 98, 99, 111, 112, 113, 114, 115, 116, 117, 118, 119, 131, 132, 133, 134, 135, 136, 137, 138, 139, 151, 152, 153, 154, 155, 156, 157, 158, 159, 171, 172, 173, 174, 175, 176, 177, 178, 179, 191, 192, 193, 194, 195, 196, 197, 198, 199
00125, 51, 52, 53, 54, 55, 56, 57, 58, 59, 71, 72, 73, 74, 75, 76, 77, 78, 79, 91, 92, 93, 94, 95, 96, 97, 98, 99, 111, 112, 113, 114, 115, 116, 117, 118, 119, 131, 132, 133, 134, 135, 136, 137, 138, 139, 151, 152, 153, 154, 155, 156, 157, 158, 159, 171, 172, 173, 174, 175, 176, 177, 178, 179, 191, 192, 193, 194, 195, 196, 197, 198, 199
00126, 51, 52, 53, 54, 55, 56, 57, 58, 59, 71, 72, 73, 74, 75, 76, 77, 78, 79, 91, 92, 93, 94, 95, 96, 97, 98, 99, 111, 112, 113, 114, 115, 116, 117, 118, 119, 131, 132, 133, 134, 135, 136, 137, 138, 139, 151, 152, 153, 154, 155, 156, 157, 158, 159, 171, 172, 173, 174, 175, 176, 177, 178, 179, 191, 192, 193, 194, 195, 196, 197, 198, 199
00127, 51, 52, 53, 54, 55, 56, 57, 58, 59, 71, 72, 73, 74, 75, 76, 77, 78, 79, 91, 92, 93, 94, 95, 96, 97, 98, 99, 111, 112, 113, 114, 115, 116, 117, 118, 119, 131, 132, 133, 134, 135, 136, 137, 138, 139, 151, 152, 153, 154, 155, 156, 157, 158, 159, 171, 172, 173, 174, 175, 176, 177, 178, 179, 191, 192, 193, 194, 195, 196, 197, 198, 199
00128, 51, 52, 53, 54, 55, 56, 57, 58, 59, 71, 72, 73, 74, 75, 76, 77, 78, 79, 91, 92, 93, 94, 95, 96, 97, 98, 99, 111, 112, 113, 114, 115, 116, 117, 118, 119, 131, 132, 133, 134, 135, 136, 137, 138, 139, 151, 152, 153, 154, 155, 156, 157, 158, 159, 171, 172, 173, 174, 175, 176, 177, 178, 179, 191, 192, 193, 194, 195, 196, 197, 198, 199
00129, 51, 52, 53, 54, 55, 56, 57, 58, 59, 71, 72, 73, 74, 75, 76, 77, 78, 79, 91, 92, 93, 94, 95, 96, 97, 98, 99, 111, 112, 113, 114, 115, 116, 117, 118, 119, 131, 132, 133, 134, 135, 136, 137, 138, 139, 151, 152, 153, 154, 155, 156, 157, 158, 159, 171, 172, 173, 174, 175, 176, 177, 178, 179, 191, 192, 193, 194, 195, 196, 197, 198, 199
00130, 51, 52, 53, 54, 55, 56, 57, 58, 59, 71, 72, 73, 74, 75, 76, 77, 78, 79, 91, 92, 93, 94, 95, 96, 97, 98, 99, 111, 112, 113, 114, 115, 116, 117, 118, 119, 131, 132, 133, 134, 135, 136, 137, 138, 139, 151, 152, 153, 154, 155, 156, 157, 158, 159, 171, 172, 173, 174, 175, 176, 177, 178, 179, 191, 192, 193, 194, 195, 196, 197, 198, 199
00131, 52, 53, 54, 55, 56, 57, 58, 59, 72, 73, 74, 75, 76, 77, 78, 79, 92, 93, 94, 95, 96, 97, 98, 99, 112, 113, 114, 115, 116, 117, 118, 119, 132, 133, 134, 135, 136, 137, 138, 139, 152, 153, 154, 155, 156, 157, 158, 159, 172, 173, 174, 175, 176, 177, 178, 179, 192, 193, 194, 195, 196, 197, 198, 199
00132, 52, 53, 54, 55, 56, 57, 58, 59, 72, 73, 74, 75, 76, 77, 78, 79, 92, 93, 94, 95, 96, 97, 98, 99, 112, 113, 114, 115, 116, 117, 118, 119, 132, 133, 134, 135, 136, 137, 138, 139, 152, 153, 154, 155, 156, 157, 158, 159, 172, 173, 174, 175, 176, 177, 178, 179, 192, 193, 194, 195, 196, 197, 198, 199
00133, 52, 53, 54, 55, 56, 57, 58, 59, 72, 73, 74, 75, 76, 77, 78, 79, 92, 93, 94, 95, 96, 97, 98, 99, 112, 113, 114, 115, 116, 117, 118, 119, 132, 133, 134, 135, 136, 137, 138, 139, 152, 153, 154, 155, 156, 157, 158, 159, 172, 173, 174, 175, 176, 177, 178, 179, 192, 193, 194, 195, 196, 197, 198, 199
00134, 52, 53, 54, 55, 56, 57, 58, 59, 72, 73, 74, 75, 76, 77, 78, 79, 92, 93, 94, 95, 96, 97, 98, 99, 112, 113, 114, 115, 116, 117, 118, 119, 132, 133, 134, 135, 136, 137, 138, 139, 152, 153, 154, 155, 156, 157, 158, 159, 172, 173, 174, 175, 176, 177, 178, 179, 192, 193, 194, 195, 196, 197, 198, 199
00135, 52, 53, 54, 55, 56, 57, 58, 59, 72, 73, 74, 75, 76, 77, 78, 79, 92, 93, 94, 95, 96, 97, 98, 99, 112, 113, 114, 115, 116, 117, 118, 119, 132, 133, 134, 135, 136, 137, 138, 139, 152, 153, 154, 155, 156, 157, 158, 159, 172, 173, 174, 175, 176, 177, 178, 179, 192, 193, 194, 195, 196, 197, 198, 199
00136, 52, 53, 54, 55, 56, 57, 58, 59, 72, 73, 74, 75, 76, 77, 78, 79, 92, 93, 94, 95, 96, 97, 98, 99, 112, 113, 114, 115, 116, 117, 118, 119, 132, 133, 134, 135, 136, 137, 138, 139, 152, 153, 154, 155, 156, 157, 158, 159, 172, 173, 174, 175, 176, 177, 178, 179, 192, 193, 194, 195, 196, 197, 198, 199
00137, 52, 53, 54, 55, 56, 57, 58, 59, 72, 73, 74, 75, 76, 77, 78, 79, 92, 93, 94, 95, 96, 97, 98, 99, 112, 113, 114, 115, 116, 117, 118, 119, 132, 133, 134, 135, 136, 137, 138, 139, 152, 153, 154, 155, 156, 157, 158, 159, 172, 173, 174, 175, 176, 177, 178, 179, 192, 193, 194, 195, 196, 197, 198, 199
00138, 52, 53, 54, 55, 56, 57, 58, 59, 72, 73, 74, 75, 76, 77, 78, 79, 92, 93, 94, 95, 96, 97, 98, 99, 112, 113, 114, 115, 116, 117, 118, 119, 132, 133, 134, 135, 136, 137, 138, 139, 152, 153, 154, 155, 156, 157, 158, 159, 172, 173, 174, 175, 176, 177, 178, 179, 192, 193, 194, 195, 196, 197, 198, 199
00139, 52, 53, 54, 55, 56, 57, 58, 59, 72, 73, 74, 75, 76, 77, 78, 79, 92, 93, 94, 95, 96, 97, 98, 99, 112, 113, 114, 115, 116, 117, 118, 119, 132, 133, 134, 135, 136, 137, 138, 139, 152, 153, 154, 155, 156, 157, 158, 159, 172, 173, 174, 175, 176, 177, 178, 179, 192, 193, 194, 195, 196, 197, 198, 199
00140, 52, 53, 54, 55, 56, 57, 58, 59, 72, 73, 74, 75, 76, 77, 78, 79, 92, 93, 94, 95, 96, 97, 98, 99, 112, 113, 114, 115, 116, 117, 118, 119, 132, 133, 134, 135, 136, 137, 138, 139, 152, 153, 154, 155, 156, 157, 158, 159, 172, 173, 174, 175, 176, 177, 178, 179, 192, 193, 194, 195, 196, 197, 198, 199
00141, 52, 53, 54, 55, 56, 57, 58, 59, 72, 73, 74, 75, 76, 77, 78, 79, 92, 93, 94, 95, 96, 97, 98, 99, 112, 113, 114, 115, 116, 117, 118, 119, 132, 133, 134, 135, 136, 137, 138, 139, 152, 153, 154, 155, 156, 157, 158, 159, 172, 173, 174, 175, 176, 177, 178, 179, 192, 193, 194, 195, 196, 197, 198, 199
00142, 52, 53, 54, 55, 56, 57, 58, 59, 72, 73, 74, 75, 76, 77, 78, 79, 92, 93, 94, 95, 96, 97, 98, 99, 112, 113, 114, 115, 116, 117, 118, 119, 132, 133, 134, 135, 136, 137, 138, 139, 152, 153, 154, 155, 156, 157, 158, 159, 172, 173, 174, 175, 176, 177, 178, 179, 192, 193, 194, 195, 196, 197, 198, 199
00143, 52, 53, 54, 55, 56, 57, 58, 59, 72, 73, 74, 75, 76, 77, 78, 79, 92, 93, 94, 95, 96, 97, 98, 99, 112, 113, 114, 115, 116, 117, 118, 119, 132, 133, 134, 135, 136, 137, 138, 139, 152, 153, 154, 155, 156, 157, 158, 159, 172, 173, 174, 175, 176, 177, 178, 179, 192, 193, 194, 195, 196, 197, 198, 199
00144, 52, 53, 54, 55, 56, 57, 58, 59, 72, 73, 74, 75, 76, 77, 78, 79, 92, 93, 94, 95, 96, 97, 98, 99, 112, 113, 114, 115, 116, 117, 118, 119, 132, 133, 134, 135, 136, 137, 138, 139, 152, 153, 154, 155, 156, 157, 158, 159, 172, 173, 174, 175, 176, 177, 178, 179, 192, 193, 194, 195, 196, 197, 198, 199
00145, 52, 53, 54, 55, 56, 57, 58, 59, 72, 73, 74, 75, 76, 77, 78, 79, 92, 93, 94, 95, 96, 97, 98, 99, 112, 113, 114, 115, 116, 117, 118, 119, 132, 133, 134, 135, 136, 137, 138, 139, 152, 153, 154, 155, 156, 157, 158, 159, 172, 173, 174, 175, 176, 177, 178, 179, 192, 193, 194, 195, 196, 197, 198, 199
00146, 52, 53, 54, 55, 56, 57, 58, 59, 72, 73, 74, 75, 76, 77, 78, 79, 92, 93, 94, 95, 96, 97, 98, 99, 112, 113, 114, 115, 116, 117, 118, 119, 132, 133, 134, 135, 136, 137, 138, 139, 152, 153, 154, 155, 156, 157, 158, 159, 172, 173, 174, 175, 176, 177, 178, 179, 192, 193, 194, 195, 196, 197, 198, 199
00147, 52, 53, 54, 55, 56, 57, 58, 59, 72, 73, 74, 75, 76, 77, 78, 79, 92, 93, 94, 95, 96, 97, 98, 99, 112, 113, 114, 115, 116, 117, 118, 119, 132, 133, 134, 135, 136, 137, 138, 139, 152, 153, 154, 155, 156, 157, 158, 159, 172, 173, 174, 175, 176, 177, 178, 179, 192, 193, 194, 195, 196, 197, 198, 199
00148, 52, 53, 54, 55, 56, 57, 58, 59, 72, 73, 74, 75, 76, 77, 78, 79, 92, 93, 94, 95, 96, 97, 98, 99, 112, 113, 114, 115, 116, 117, 118, 119, 132, 133, 134, 135, 136, 137, 138, 139, 152, 153, 154, 155, 156, 157, 158, 159, 172, 173, 174, 175, 176, 177, 178, 179, 192, 193, 194, 195, 196, 197, 198, 199
00149, 52, 53, 54, 55, 56, 57, 58, 59, 72, 73, 74, 75, 76, 77, 78, 79, 92, 93, 94, 95, 96, 97, 98, 99, 112, 113, 114, 115, 116, 117, 118, 119, 132, 133, 134, 135, 136, 137, 138, 139, 152, 153, 154, 155, 156, 157, 158, 159, 172, 173, 174, 175, 176, 177, 178, 179, 192, 193, 194, 195, 196, 197, 198, 199
00150, 52, 53, 54, 55, 56, 57, 58, 59, 72, 73, 74, 75, 76, 77, 78, 79, 92, 93, 94, 95, 96, 97, 98, 99, 112, 113, 114, 115, 116, 117, 118, 119, 132, 133, 134, 135, 136, 137, 138, 139, 152, 153, 154, 155, 156, 157, 158, 159, 172, 173, 174, 175, 176, 177, 178, 179, 192, 193, 194, 195, 196, 197, 198, 199
00151, 52, 53, 54, 55, 56, 57, 58, 59, 72, 73, 74, 75, 76, 77, 78, 79, 92, 93, 94, 95, 96, 97, 98, 99, 112, 113, 114, 115, 116, 117, 118, 119, 132, 133, 134, 135, 136, 137, 138, 139, 152, 153, 154, 155, 156, 157, 158, 159, 172, 173, 174, 175, 176, 177, 178, 179, 192, 193, 194, 195, 196, 197, 198, 199
00152, 52, 53, 54, 55, 56, 57, 58, 59, 72, 73, 74, 75, 76, 77, 78, 79, 92, 93, 94, 95, 96, 97, 98, 99, 112, 113, 114, 115, 116, 117, 118, 119, 132, 133, 134, 135, 136, 137, 138, 139, 152, 153, 154, 155, 156, 157, 158, 159, 172, 173, 174, 175, 176, 177, 178, 179, 192, 193, 194, 195, 196, 197, 198, 199
00153, 52, 53, 54, 55, 56, 57, 58, 59, 72, 73, 74, 75, 76, 77, 78, 79, 92, 93, 94, 95, 96, 97, 98, 99, 112, 113, 114, 115, 116, 117, 118, 119, 132, 133, 134, 135, 136, 137, 138, 139, 152, 153, 154, 155, 156, 157, 158, 159, 172, 173, 174, 175, 176, 177, 178, 179, 192, 193, 194, 195, 196, 197, 198, 199
00154, 52, 53, 54, 55, 56, 57, 58, 59, 72, 73, 74, 75, 76, 77, 78, 79, 92, 93, 94, 95, 96, 97, 98, 99, 112, 113, 114, 115, 116, 117, 118, 119, 132, 133, 134, 135, 136, 137, 138, 139, 152, 153, 154, 155, 156, 157, 158, 159, 172, 173, 174, 175, 176, 177, 178, 179, 192, 193, 194, 195, 196, 197, 198, 199
00155, 52, 53, 54, 55, 56, 57, 58, 59, 72, 73, 74, 75, 76, 77, 78, 79, 92, 93, 94, 95, 96, 97, 98, 99, 112, 113, 114, 115, 116, 117, 118, 119, 132, 133, 134, 135, 136, 137, 138, 139, 152, 153, 154, 155, 156, 157, 158, 159, 172, 173, 174, 175, 176, 177, 178, 179, 192, 193, 194, 195, 196, 197, 198, 199
00156, 52, 53, 54, 55, 56, 57, 58, 59, 72, 73, 74, 75, 76, 77, 78, 79, 92, 93, 94, 95, 96, 97, 98, 99, 112, 113, 114, 115, 116, 117, 118, 119, 132, 133, 134, 135, 136, 137, 138, 139, 152, 153, 154, 155, 156, 157, 158, 159, 172, 173, 174, 175, 176, 177, 178, 179, 192, 193, 194, 195, 196, 197, 198, 199
00157, 52, 53, 54, 55, 56, 57, 58, 59, 72, 73, 74, 75, 76, 77, 78, 79, 92, 93, 94, 95, 96, 97, 98, 99, 112, 113, 114, 115, 116, 117, 118, 119, 132, 133, 134, 135, 136, 137, 138, 139, 152, 153, 154, 155, 156, 157, 158, 159, 172, 173, 174, 175, 176, 177, 178, 179, 192, 193, 194, 195, 196, 197, 198, 199
00158, 52, 53, 54, 55, 56, 57, 58, 59, 72, 73, 74, 75, 76, 77, 78, 79, 92, 93, 94, 95, 96, 97, 98, 99, 112, 113, 114, 115, 116, 117, 118, 119, 132, 133, 134, 135, 136, 137, 138, 139, 152, 153, 154, 155, 156, 157, 158, 159, 172, 173, 174, 175, 176, 177, 178, 179, 192, 193, 194, 195, 196, 197, 198, 199
00159, 52, 53, 54, 55, 56, 57, 58, 59, 72, 73, 74, 75, 76, 77, 78, 79, 92, 93, 94, 95, 96, 97, 98, 99, 112, 113, 114, 115, 116, 117, 118, 119, 132, 133, 134, 135, 136, 137, 138, 139, 152, 153, 154, 155, 156, 157, 158, 159, 172, 173, 174, 175, 176, 177, 178, 179, 192, 193, 194, 195, 196, 197, 198, 199
00160, 52, 53, 54, 55, 56, 57, 58, 59, 72, 73, 74, 75, 76, 77, 78, 79, 92, 93, 94, 95, 96, 97, 98, 99, 112, 113, 114, 115, 116, 117, 118, 119, 132, 133, 134, 135, 136, 137, 138, 139, 152, 153, 154, 155, 156, 157, 158, 159, 172, 173, 174, 175, 176, 177, 178, 179, 192, 193, 194, 195, 196, 197, 198, 199
00161, 52, 53, 54, 55, 56, 57, 58, 59, 72, 73, 74, 75, 76, 77, 78, 79, 92, 93, 94, 95, 96, 97, 98, 99, 112, 113, 114, 115, 116, 117, 118, 119, 132, 133, 134, 135, 136, 137, 138, 139, 152, 153, 154, 155, 156, 157, 158, 159, 172, 173, 174, 175, 176, 177, 178, 179, 192, 193, 194, 195, 196, 197, 198, 199
00162, 52, 53, 54, 55, 56, 57, 58, 59, 72, 73, 74, 75, 76, 77, 78, 79, 92, 93, 94, 95, 96, 97, 98, 99, 112, 113, 114, 115, 116, 117, 118, 119, 132, 133, 134, 135, 136, 137, 138, 139, 152, 153, 154, 155, 156, 157, 158, 159, 172, 173, 174, 175, 176, 177, 178, 179, 192, 193, 194, 195, 196, 197, 198, 199
00163, 52, 53, 54, 55, 56, 57, 58, 59, 72, 73, 74, 75, 76, 77, 78, 79, 92, 93, 94, 95, 96, 97, 98, 99, 112, 113, 114, 115, 116, 117, 118, 119, 132, 133, 134, 135, 136, 137, 138, 139, 152, 153, 154, 155, 156, 157, 158, 159, 172, 173, 174, 175, 176, 177, 178, 179, 192, 193, 194, 195, 196, 197, 198, 199
00164, 52, 53, 54, 55, 56, 57, 58, 59, 72, 73, 74, 75, 76, 77, 78, 79, 92, 93, 94, 95, 96, 97, 98, 99, 112, 113, 114, 115, 116, 117, 118, 119, 132, 133, 134, 135, 136, 137, 138, 139, 152, 153, 154, 155, 156, 157, 158, 159, 172, 173, 174, 175, 176, 177, 178, 179, 192, 193, 194, 195, 196, 197, 198, 199
00165, 52, 53, 54, 55, 56, 57, 58, 59, 72, 73, 74, 75, 76, 77, 78, 79, 92, 93, 94, 95, 96, 97, 98, 99, 112, 113, 114, 115, 116, 117, 118, 119, 132, 133, 134, 135, 136, 137, 138, 139, 152, 153, 154, 155, 156, 157, 158, 159, 172, 173, 174, 175, 176, 177, 178, 179, 192, 193, 194, 195, 196, 197, 198, 199
00166, 52, 53, 54, 55, 56, 57, 58, 59, 72, 73, 74, 75, 76, 77, 78, 79, 92, 93, 94, 95, 96, 97, 98, 99, 112, 113, 114, 115, 116, 117, 118, 119, 132, 133, 134, 135, 136, 137, 138, 139, 152, 153, 154, 155, 156, 157, 158, 159, 172, 173, 174, 175, 176, 177, 178, 179, 192, 193, 194, 195, 196, 197, 198, 199
00167, 52, 53, 54, 55, 56, 57, 58, 59, 72, 73, 74, 75, 76, 77, 78, 79, 92, 93, 94, 95, 96, 97, 98, 99, 112, 113, 114, 115, 116, 117, 118, 119, 132, 133, 134, 135, 136, 137, 138, 139, 152, 153, 154, 155, 156, 157, 158, 159, 172, 173, 174, 175, 176, 177, 178, 179, 192, 193, 194, 195, 196, 197, 198, 199
00168, 52, 53, 54, 55, 56, 57, 58, 59, 72, 73, 74, 75, 76, 77, 78, 79, 92, 93, 94, 95, 96, 97, 98, 99, 112, 113, 114, 115, 116, 117, 118, 119, 132, 133, 134, 135, 136, 137, 138, 139, 152, 153, 154, 155, 156, 157, 158, 159, 172, 173, 174, 175, 176, 177, 178, 179, 192, 193, 194, 195, 196, 197, 198, 199
00169, 52, 53, 54, 55, 56, 57, 58, 59, 72, 73, 74, 75, 76, 77, 78, 79, 92, 93, 94, 95, 96, 97, 98, 99, 112, 113, 114, 115, 116, 117, 118, 119, 132, 133, 134, 135, 136, 137, 138, 139, 152, 153, 154, 155, 156, 157, 158, 159, 172, 173, 174, 175, 176, 177, 178, 179, 192, 193, 194, 195, 196, 197, 198, 199
00170, 52, 53, 54, 55, 56, 57, 58, 59, 72, 73, 74, 75, 76, 77, 78, 79, 92, 93, 94, 95, 96, 97, 98, 99, 112, 113, 114, 115, 116, 117, 118, 119, 132, 133, 134, 135, 136, 137, 138, 139, 152, 153, 154, 155, 156, 157, 158, 159, 172, 173, 174, 175, 176, 177, 178, 179, 192, 193, 194, 195, 196, 197, 198, 199
00171, 52, 53, 54, 55, 56, 57, 58, 59, 72, 73, 74, 75, 76, 77, 78, 79, 92, 93, 94, 95, 96, 97, 98, 99, 112, 113, 114, 115, 116, 117, 118, 119, 132, 133, 134, 135, 136, 137, 138, 139, 152, 153, 154, 155, 156, 157, 158, 159, 172, 173, 174, 175, 176, 177, 178, 179, 192, 193, 194, 195, 196, 197, 198, 199
00172, 51, 52, 53, 54, 55, 56, 57, 58, 59, 71, 72, 73, 74, 75, 76, 77, 78, 79, 91, 92, 93, 94, 95, 96, 97, 98, 99, 111, 112, 113, 114, 115, 116, 117, 118, 119, 131, 132, 133, 134, 135, 136, 137, 138, 139, 151, 152, 153, 154, 155, 156, 157, 158, 159, 171, 172, 173, 174, 175, 176, 177, 178, 179, 191, 192, 193, 194, 195, 196, 197, 198, 199
00173, 51, 52, 53, 54, 55, 56, 57, 58, 59, 71, 72, 73, 74, 75, 76, 77, 78, 79, 91, 92, 93, 94, 95, 96, 97, 98, 99, 111, 112, 113, 114, 115, 116, 117, 118, 119, 131, 132, 133, 134, 135, 136, 137, 138, 139, 151, 152, 153, 154, 155, 156, 157, 158, 159, 171, 172, 173, 174, 175, 176, 177, 178, 179, 191, 192, 193, 194, 195, 196, 197, 198, 199
00174, 51, 52, 53, 54, 55, 56, 57, 58, 59, 71, 72, 73, 74, 75, 76, 77, 78, 79, 91, 92, 93, 94, 95, 96, 97, 98, 99, 111, 112, 113, 114, 115, 116, 117, 118, 119, 131, 132, 133, 134, 135, 136, 137, 138, 139, 151, 152, 153, 154, 155, 156, 157, 158, 159, 171, 172, 173, 174, 175, 176, 177, 178, 179, 191, 192, 193, 194, 195, 196, 197, 198, 199
00175, 51, 52, 53, 54, 55, 56, 57, 58, 59, 71, 72, 73, 74, 75, 76, 77, 78, 79, 91, 92, 93, 94, 95, 96, 97, 98, 99, 111, 112, 113, 114, 115, 116, 117, 118, 119, 131, 132, 133, 134, 135, 136, 137, 138, 139, 151, 152, 153, 154, 155, 156, 157, 158, 159, 171, 172, 173, 174, 175, 176, 177, 178, 179, 191, 192, 193, 194, 195, 196, 197, 198, 199
00176, 51, 52, 53, 54, 55, 56, 57, 58, 59, 71, 72, 73, 74, 75, 76, 77, 78, 79, 91, 92, 93, 94, 95, 96, 97, 98, 99, 111, 112, 113, 114, 115, 116, 117, 118, 119, 131, 132, 133, 134, 135, 136, 137, 138, 139, 151, 152, 153, 154, 155, 156, 157, 158, 159, 171, 172, 173, 174, 175, 176, 177, 178, 179, 191, 192, 193, 194, 195, 196, 197, 198, 199
00177, 51, 52, 53, 54, 55, 56, 57, 58, 59, 71, 72, 73, 74, 75, 76, 77, 78, 79, 91, 92, 93, 94, 95, 96, 97, 98, 99, 111, 112, 113, 114, 115, 116, 117, 118, 119, 131, 132, 133, 134, 135, 136, 137, 138, 139, 151, 152, 153, 154, 155, 156, 157, 158, 159, 171, 172, 173, 174, 175, 176, 177, 178, 179, 191, 192, 193, 194, 195, 196, 197, 198, 199
00178, 51, 52, 53, 54, 55, 56, 57, 58, 59, 71, 72, 73, 74, 75, 76, 77, 78, 79, 91, 92, 93, 94, 95, 96, 97, 98, 99, 111, 112, 113, 114, 115, 116, 117, 118, 119, 131, 132, 133, 134, 135, 136, 137, 138, 139, 151, 152, 153, 154, 155, 156, 157, 158, 159, 171, 172, 173, 174, 175, 176, 177, 178, 179, 191, 192, 193, 194, 195, 196, 197, 198, 199
00179, 51, 52, 53, 54, 55, 56, 57, 58, 59, 71, 72, 73, 74, 75, 76, 77, 78, 79, 91, 92, 93, 94, 95, 96, 97, 98, 99, 111, 112, 113, 114, 115, 116, 117, 118, 119, 131, 132, 133, 134, 135, 136, 137, 138, 139, 151, 152, 153, 154, 155, 156, 157, 158, 159, 171, 172, 173, 174, 175, 176, 177, 178, 179, 191, 192, 193, 194, 195, 196, 197, 198, 199
00180, 51, 52, 53, 54, 55, 56, 57, 58, 59, 71, 72, 73, 74, 75, 76, 77, 78, 79, 91, 92, 93, 94, 95, 96, 97, 98, 99, 111, 112, 113, 114, 115, 116, 117, 118, 119, 131, 132, 133, 134, 135, 136, 137, 138, 139, 151, 152, 153, 154, 155, 156, 157, 158, 159, 171, 172, 173, 174, 175, 176, 177, 178, 179, 191, 192, 193, 194, 195, 196, 197, 198, 199
00181, 51, 52, 53, 54, 55, 56, 57, 58, 59, 71, 72, 73, 74, 75, 76, 77, 78, 79, 91, 92, 93, 94, 95, 96, 97, 98, 99, 111, 112, 113, 114, 115, 116, 117, 118, 119, 131, 132, 133, 134, 135, 136, 137, 138, 139, 151, 152, 153, 154, 155, 156, 157, 158, 159, 171, 172, 173, 174, 175, 176, 177, 178, 179, 191, 192, 193, 194, 195, 196, 197, 198, 199
00182, 51, 52, 53, 54, 55, 56, 57, 58, 59, 71, 72, 73, 74, 75, 76, 77, 78, 79, 91, 92, 93, 94, 95, 96, 97, 98, 99, 111, 112, 113, 114, 115, 116, 117, 118, 119, 131, 132, 133, 134, 135, 136, 137, 138, 139, 151, 152, 153, 154, 155, 156, 157, 158, 159, 171, 172, 173, 174, 175, 176, 177, 178, 179, 191, 192, 193, 194, 195, 196, 197, 198, 199
00183, 51, 52, 53, 54, 55, 56, 57, 58, 59, 71, 72, 73, 74, 75, 76, 77, 78, 79, 91, 92, 93, 94, 95, 96, 97, 98, 99, 111, 112, 113, 114, 115, 116, 117, 118, 119, 131, 132, 133, 134, 135, 136, 137, 138, 139, 151, 152, 153, 154, 155, 156, 157, 158, 159, 171, 172, 173, 174, 175, 176, 177, 178, 179, 191, 192, 193, 194, 195, 196, 197, 198, 199
00184, 51, 52, 53, 54, 55, 56, 57, 58, 59, 71, 72, 73, 74, 75, 76, 77, 78, 79, 91, 92, 93, 94, 95, 96, 97, 98, 99, 111, 112, 113, 114, 115, 116, 117, 118, 119, 131, 132, 133, 134, 135, 136, 137, 138, 139, 151, 152, 153, 154, 155, 156, 157, 158, 159, 171, 172, 173, 174, 175, 176, 177, 178, 179, 191, 192, 193, 194, 195, 196, 197, 198, 199
00185, 51, 52, 53, 54, 55, 56, 57, 58, 59, 71, 72, 73, 74, 75, 76, 77, 78, 79, 91, 92, 93, 94, 95, 96, 97, 98, 99, 111, 112, 113, 114, 115, 116, 117, 118, 119, 131, 132, 133, 134, 135, 136, 137, 138, 139, 151, 152, 153, 154, 155, 156, 157, 158, 159, 171, 172, 173, 174, 175, 176, 177, 178, 179, 191, 192, 193, 194, 195, 196, 197, 198, 199
00186, 51, 52, 53, 54, 55, 56, 57, 58, 59, 71, 72, 73, 74, 75, 76, 77, 78, 79, 91, 92, 93, 94, 95, 96, 97, 98, 99, 111, 112, 113, 114, 115, 116, 117, 118, 119, 131, 132, 133, 134, 135, 136, 137, 138, 139, 151, 152, 153, 154, 155, 156, 157, 158, 159, 171, 172, 173, 174, 175, 176, 177, 178, 179, 191, 192, 193, 194, 195, 196, 197, 198, 199
00187, 51, 52, 53, 54, 55, 56, 57, 58, 59, 71, 72, 73, 74, 75, 76, 77, 78, 79, 91, 92, 93, 94, 95, 96, 97, 98, 99, 111, 112, 113, 114, 115, 116, 117, 118, 119, 131, 132, 133, 134, 135, 136, 137, 138, 139, 151, 152, 153, 154, 155, 156, 157, 158, 159, 171, 172, 173, 174, 175, 176, 177, 178, 179, 191, 192, 193, 194, 195, 196, 197, 198, 199
00188, 51, 52, 53, 54, 55, 56, 57, 58, 59, 71, 72, 73, 74, 75, 76, 77, 78, 79, 91, 92, 93, 94, 95, 96, 97, 98, 99, 111, 112, 113, 114, 115, 116, 117, 118, 119, 131, 132, 133, 134, 135, 136, 137, 138, 139, 151, 152, 153, 154, 155, 156, 157, 158, 159, 171, 172, 173, 174, 175, 176, 177, 178, 179, 191, 192, 193, 194, 195, 196, 197, 198, 199
00189, 51, 52, 53, 54, 55, 56, 57, 58, 59, 71, 72, 73, 74, 75, 76, 77, 78, 79, 91, 92, 93, 94, 95, 96, 97, 98, 99, 111, 112, 113, 114, 115, 116, 117, 118, 119, 131, 132, 133, 134, 135, 136, 137, 138, 139, 151, 152, 153, 154, 155, 156, 157, 158, 159, 171, 172, 173, 174, 175, 176, 177, 178, 179, 191, 192, 193, 194, 195, 196, 197, 198, 199
00190, 51, 52, 53, 54, 55, 56, 57, 58, 59, 71, 72, 73, 74, 75, 76, 77, 78, 79, 91, 92, 93, 94, 95, 96, 97, 98, 99, 111, 112, 113, 114, 115, 116, 117, 118, 119, 131, 132, 133, 134, 135, 136, 137, 138, 139, 151, 152, 153, 154, 155, 156, 157, 158, 159, 171, 172, 173, 174, 175, 176, 177, 178, 179, 191, 192, 193, 194, 195, 196, 197, 198, 199
00191, 51, 52, 53, 54, 55, 56, 57, 58, 59, 71, 72, 73, 74, 75, 76, 77, 78, 79, 91, 92, 93, 94, 95, 96, 97, 98, 99, 111, 112, 113, 114, 115, 116, 117, 118, 119, 131, 132, 133, 134, 135, 136, 137, 138, 139, 151, 152, 153, 154, 155, 156, 157, 158, 159, 171, 172, 173, 174, 175, 176, 177, 178, 179, 191, 192, 193, 194, 195, 196, 197, 198, 199
00192, 51, 52, 53, 54, 55, 56, 57, 58, 59, 71, 72, 73, 74, 75, 76, 77, 78, 79, 91, 92, 93, 94, 95, 96, 97, 98, 99, 111, 112, 113, 114, 115, 116, 117, 118, 119, 131, 132, 133, 134, 135, 136, 137, 138, 139, 151, 152, 153, 154, 155, 156, 157, 158, 159, 171, 172, 173, 174, 175, 176, 177, 178, 179, 191, 192, 193, 194, 195, 196, 197, 198, 199
00193, 51, 52, 53, 54, 55, 56, 57, 58, 59, 71, 72, 73, 74, 75, 76, 77, 78, 79, 91, 92, 93, 94, 95, 96, 97, 98, 99, 111, 112, 113, 114, 115, 116, 117, 118, 119, 131, 132, 133, 134, 135, 136, 137, 138, 139, 151, 152, 153, 154, 155, 156, 157, 158, 159, 171, 172, 173, 174, 175, 176, 177, 178, 179, 191, 192, 193, 194, 195, 196, 197, 198, 199
00194, 51, 52, 53, 54, 55, 56, 57, 58, 59, 71, 72, 73, 74, 75, 76, 77, 78, 79, 91, 92, 93, 94, 95, 96, 97, 98, 99, 111, 112, 113, 114, 115, 116, 117, 118, 119, 131, 132, 133, 134, 135, 136, 137, 138, 139, 151, 152, 153, 154, 155, 156, 157, 158, 159, 171, 172, 173, 174, 175, 176, 177, 178, 179, 191, 192, 193, 194, 195, 196, 197, 198, 199
00195, 51, 52, 53, 54, 55, 56, 57, 58, 59, 71, 72, 73, 74, 75, 76, 77, 78, 79, 91, 92, 93, 94, 95, 96, 97, 98, 99, 111, 112, 113, 114, 115, 116, 117, 118, 119, 131, 132, 133, 134, 135, 136, 137, 138, 139, 151, 152, 153, 154, 155, 156, 157, 158, 159, 171, 172, 173, 174, 175, 176, 177, 178, 179, 191, 192, 193, 194, 195, 196, 197, 198, 199
00196, 51, 52, 53, 54, 55, 56, 57, 58, 59, 71, 72, 73, 74, 75, 76, 77, 78, 79, 91, 92, 93, 94, 95, 96, 97, 98, 99, 111, 112, 113, 114, 115, 116, 117, 118, 119, 131, 132, 133, 134, 135, 136, 137, 138, 139, 151, 152, 153, 154, 155, 156, 157, 158, 159, 171, 172, 173, 174, 175, 176, 177, 178, 179, 191, 192, 193, 194, 195, 196, 197, 198, 199
00197, 51, 52, 53, 54, 55, 56, 57, 58, 59, 71, 72, 73, 74, 75, 76, 77, 78, 79, 91, 92, 93, 94, 95, 96, 97, 98, 99, 111, 112, 113, 114, 115, 116, 117, 118, 119, 131, 132, 133, 134, 135, 136, 137, 138, 139, 151, 152, 153, 154, 155, 156, 157, 158, 159, 171, 172, 173, 174, 175, 176, 177, 178, 179, 191, 192, 193, 194, 195, 196, 197, 198, 199
00198, 51, 52, 53, 54, 55, 56, 57, 58, 59, 71, 72, 73, 74, 75, 76, 77, 78, 79, 91, 92, 93, 94, 95, 96, 97, 98, 99, 111, 112, 113, 114, 115, 116, 117, 118, 119, 131, 132, 133, 134, 135, 136, 137, 138, 139, 151, 152, 153, 154, 155, 156, 157, 158, 159, 171, 172, 173, 174, 175, 176, 177, 178, 179, 191, 192, 193, 194, 195, 196, 197, 198, 199
00199, 51, 52, 53, 54, 55, 56, 57, 58, 59, 71, 72, 73, 74, 75, 76, 77, 78, 79, 91, 92, 93, 94, 95, 96, 97, 98, 99, 111, 112, 113, 114, 115, 116, 117, 118, 119, 131, 132, 133, 134, 135, 136, 137, 138, 139, 151, 152, 153, 154, 155, 156, 157, 158, 159, 171, 172, 173, 174, 175, 176, 177, 178, 179, 191, 192, 193, 194, 195, 196, 197, 198, 199
00200, 51, 52, 53, 54, 55, 56, 57, 58, 59, 71, 72, 73, 74, 75, 76, 77, 78, 79, 91, 92, 93, 94, 95, 96, 97, 98, 99, 111, 112, 113, 114, 115, 116, 117, 118, 119, 131, 132, 133, 134, 135, 136, 137, 138, 139, 151, 152, 153, 154, 155, 156, 157, 158, 159, 171, 172, 173, 174, 175, 176, 177, 178, 179, 191, 192, 193, 194, 195, 196, 197, 198, 199
00201, 51, 52, 53, 54, 55, 56, 57, 58, 59, 71, 72, 73, 74, 75, 76, 77, 78, 79, 91, 92, 93, 94, 95, 96, 97, 98, 99, 111, 112, 113, 114, 115, 116, 117, 118, 119, 131, 132, 133, 134, 135, 136, 137, 138, 139, 151, 152, 153, 154, 155, 156, 157, 158, 159, 171, 172, 173, 174, 175, 176, 177, 178, 179, 191, 192, 193, 194, 195, 196, 197, 198, 199
00202, 51, 52, 53, 54, 55, 56, 57, 58, 59, 71, 72, 73, 74, 75, 76, 77, 78, 79, 91, 92, 93, 94, 95, 96, 97, 98, 99, 111, 112, 113, 114, 115, 116, 117, 118, 119, 131, 132, 133, 134, 135, 136, 137, 138, 139, 151, 152, 153, 154, 155, 156, 157, 158, 159, 171, 172, 173, 174, 175, 176, 177, 178, 179, 191, 192, 193, 194, 195, 196, 197, 198, 199
00203, 51, 52, 53, 54, 55, 56, 57, 58, 59, 71, 72, 73, 74, 75, 76, 77, 78, 79, 91, 92, 93, 94, 95, 96, 97, 98, 99, 111, 112, 113, 114, 115, 116, 117, 118, 119, 131, 132, 133, 134, 135, 136, 137, 138, 139, 151, 152, 153, 154, 155, 156, 157, 158, 159, 171, 172, 173, 174, 175, 176, 177, 178, 179, 191, 192, 193, 194, 195, 196, 197, 198, 199
00204, 31, 32, 33, 34, 35, 36, 37, 38, 39, 51, 52, 53, 54, 55, 56, 57, 58, 59, 71, 72, 73, 74, 75, 76, 77, 78, 79, 91, 92, 93, 94, 95, 96, 97, 98, 99, 111, 112, 113, 114, 115, 116, 117, 118, 119, 131, 132, 133, 134, 135, 136, 137, 138, 139, 151, 152, 153, 154, 155, 156, 157, 158, 159, 171, 172, 173, 174, 175, 176, 177, 178, 179, 191, 192, 193, 194, 195, 196, 197, 198, 199
00205, 31, 32, 33, 34, 35, 36, 37, 38, 39, 51, 52, 53, 54, 55, 56, 57, 58, 59, 71, 72, 73, 74, 75, 76, 77, 78, 79, 91, 92, 93, 94, 95, 96, 97, 98, 99, 111, 112, 113, 114, 115, 116, 117, 118, 119, 131, 132, 133, 134, 135, 136, 137, 138, 139, 151, 152, 153, 154, 155, 156, 157, 158, 159, 171, 172, 173, 174, 175, 176, 177, 178, 179, 191, 192, 193, 194, 195, 196, 197, 198, 199
00206, 31, 32, 33, 34, 35, 36, 37, 38, 39, 51, 52, 53, 54, 55, 56, 57, 58, 59, 71, 72, 73, 74, 75, 76, 77, 78, 79, 91, 92, 93, 94, 95, 96, 97, 98, 99, 111, 112, 113, 114, 115, 116, 117, 118, 119, 131, 132, 133, 134, 135, 136, 137, 138, 139, 151, 152, 153, 154, 155, 156, 157, 158, 159, 171, 172, 173, 174, 175, 176, 177, 178, 179, 191, 192, 193, 194, 195, 196, 197, 198, 199
00207, 31, 32, 33, 34, 35, 36, 37, 38, 39, 51, 52, 53, 54, 55, 56, 57, 58, 59, 71, 72, 73, 74, 75, 76, 77, 78, 79, 91, 92, 93, 94, 95, 96, 97, 98, 99, 111, 112, 113, 114, 115, 116, 117, 118, 119, 131, 132, 133, 134, 135, 136, 137, 138, 139, 151, 152, 153, 154, 155, 156, 157, 158, 159, 171, 172, 173, 174, 175, 176, 177, 178, 179, 191, 192, 193, 194, 195, 196, 197, 198, 199
00208, 31, 32, 33, 34, 35, 36, 37, 38, 39, 51, 52, 53, 54, 55, 56, 57, 58, 59, 71, 72, 73, 74, 75, 76, 77, 78, 79, 91, 92, 93, 94, 95, 96, 97, 98, 99, 111, 112, 113, 114, 115, 116, 117, 118, 119, 131, 132, 133, 134, 135, 136, 137, 138, 139, 151, 152, 153, 154, 155, 156, 157, 158, 159, 171, 172, 173, 174, 175, 176, 177, 178, 179, 191, 192, 193, 194, 195, 196, 197, 198, 199
00209, 30, 31, 32, 33, 34, 35, 36, 37, 38, 50, 51, 52, 53, 54, 55, 56, 57, 58, 70, 71, 72, 73, 74, 75, 76, 77, 78, 90, 91, 92, 93, 94, 95, 96, 97, 98, 110, 111, 112, 113, 114, 115, 116, 117, 118, 130, 131, 132, 133, 134, 135, 136, 137, 138, 150, 151, 152, 153, 154, 155, 156, 157, 158, 170, 171, 172, 173, 174, 175, 176, 177, 178, 190, 191, 192, 193, 194, 195, 196, 197, 198
00210, 30, 31, 32, 33, 34, 35, 36, 37, 38, 50, 51, 52, 53, 54, 55, 56, 57, 58, 70, 71, 72, 73, 74, 75, 76, 77, 78, 90, 91, 92, 93, 94, 95, 96, 97, 98, 110, 111, 112, 113, 114, 115, 116, 117, 118, 130, 131, 132, 133, 134, 135, 136, 137, 138, 150, 151, 152, 153, 154, 155, 156, 157, 158, 170, 171, 172, 173, 174, 175, 176, 177, 178, 190, 191, 192, 193, 194, 195, 196, 197, 198
00211, 30, 31, 32, 33, 34, 35, 36, 37, 38, 50, 51, 52, 53, 54, 55, 56, 57, 58, 70, 71, 72, 73, 74, 75, 76, 77, 78, 90, 91, 92, 93, 94, 95, 96, 97, 98, 110, 111, 112, 113, 114, 115, 116, 117, 118, 130, 131, 132, 133, 134, 135, 136, 137, 138, 150, 151, 152, 153, 154, 155, 156, 157, 158, 170, 171, 172, 173, 174, 175, 176, 177, 178, 190, 191, 192, 193, 194, 195, 196, 197, 198
00212, 30, 31, 32, 33, 34, 35, 36, 37, 38, 50, 51, 52, 53, 54, 55, 56, 57, 58, 70, 71, 72, 73, 74, 75, 76, 77, 78, 90, 91, 92, 93, 94, 95, 96, 97, 98, 110, 111, 112, 113, 114, 115, 116, 117, 118, 130, 131, 132, 133, 134, 135, 136, 137, 138, 150, 151, 152, 153, 154, 155, 156, 157, 158, 170, 171, 172, 173, 174, 175, 176, 177, 178, 190, 191, 192, 193, 194, 195, 196, 197, 198
00213, 30, 31, 32, 33, 34, 35, 36, 37, 38, 50, 51, 52, 53, 54, 55, 56, 57, 58, 70, 71, 72, 73, 74, 75, 76, 77, 78, 90, 91, 92, 93, 94, 95, 96, 97, 98, 110, 111, 112, 113, 114, 115, 116, 117, 118, 130, 131, 132, 133, 134, 135, 136, 137, 138, 150, 151, 152, 153, 154, 155, 156, 157, 158, 170, 171, 172, 173, 174, 175, 176, 177, 178, 190, 191, 192, 193, 194, 195, 196, 197, 198
00214, 30, 31, 32, 33, 34, 35, 36, 37, 38, 50, 51, 52, 53, 54, 55, 56, 57, 58, 70, 71, 72, 73, 74, 75, 76, 77, 78, 90, 91, 92, 93, 94, 95, 96, 97, 98, 110, 111, 112, 113, 114, 115, 116, 117, 118, 130, 131, 132, 133, 134, 135, 136, 137, 138, 150, 151, 152, 153, 154, 155, 156, 157, 158, 170, 171, 172, 173, 174, 175, 176, 177, 178, 190, 191, 192, 193, 194, 195, 196, 197, 198
00215, 30, 31, 32, 33, 34, 35, 36, 37, 38, 50, 51, 52, 53, 54, 55, 56, 57, 58, 70, 71, 72, 73, 74, 75, 76, 77, 78, 90, 91, 92, 93, 94, 95, 96, 97, 98, 110, 111, 112, 113, 114, 115, 116, 117, 118, 130, 131, 132, 133, 134, 135, 136, 137, 138, 150, 151, 152, 153, 154, 155, 156, 157, 158, 170, 171, 172, 173, 174, 175, 176, 177, 178, 190, 191, 192, 193, 194, 195, 196, 197, 198
00216, 30, 31, 32, 33, 34, 35, 36, 37, 38, 50, 51, 52, 53, 54, 55, 56, 57, 58, 70, 71, 72, 73, 74, 75, 76, 77, 78, 90, 91, 92, 93, 94, 95, 96, 97, 98, 110, 111, 112, 113, 114, 115, 116, 117, 118, 130, 131, 132, 133, 134, 135, 136, 137, 138, 150, 151, 152, 153, 154, 155, 156, 157, 158, 170, 171, 172, 173, 174, 175, 176, 177, 178, 190, 191, 192, 193, 194, 195, 196, 197, 198
00217, 30, 31, 32, 33, 34, 35, 36, 37, 38, 50, 51, 52, 53, 54, 55, 56, 57, 58, 70, 71, 72, 73, 74, 75, 76, 77, 78, 90, 91, 92, 93, 94, 95, 96, 97, 98, 110, 111, 112, 113, 114, 115, 116, 117, 118, 130, 131, 132, 133, 134, 135, 136, 137, 138, 150, 151, 152, 153, 154, 155, 156, 157, 158, 170, 171, 172, 173, 174, 175, 176, 177, 178, 190, 191, 192, 193, 194, 195, 196, 197, 198
00218, 30, 31, 32, 33, 34, 35, 36, 37, 38, 50, 51, 52, 53, 54, 55, 56, 57, 58, 70, 71, 72, 73, 74, 75, 76, 77, 78, 90, 91, 92, 93, 94, 95, 96, 97, 98, 110, 111, 112, 113, 114, 115, 116, 117, 118, 130, 131, 132, 133, 134, 135, 136, 137, 138, 150, 151, 152, 153, 154, 155, 156, 157, 158, 170, 171, 172, 173, 174, 175, 176, 177, 178, 190, 191, 192, 193, 194, 195, 196, 197, 198
00219, 30, 31, 32, 33, 34, 35, 36, 37, 38, 50, 51, 52, 53, 54, 55, 56, 57, 58, 70, 71, 72, 73, 74, 75, 76, 77, 78, 90, 91, 92, 93, 94, 95, 96, 97, 98, 110, 111, 112, 113, 114, 115, 116, 117, 118, 130, 131, 132, 133, 134, 135, 136, 137, 138, 150, 151, 152, 153, 154, 155, 156, 157, 158, 170, 171, 172, 173, 174, 175, 176, 177, 178, 190, 191, 192, 193, 194, 195, 196, 197, 198
00220, 30, 31, 32, 33, 34, 35, 36, 37, 38, 50, 51, 52, 53, 54, 55, 56, 57, 58, 70, 71, 72, 73, 74, 75, 76, 77, 78, 90, 91, 92, 93, 94, 95, 96, 97, 98, 110, 111, 112, 113, 114, 115, 116, 117, 118, 130, 131, 132, 133, 134, 135, 136, 137, 138, 150, 151, 152, 153, 154, 155, 156, 157, 158, 170, 171, 172, 173, 174, 175, 176, 177, 178, 190, 191, 192, 193, 194, 195, 196, 197, 198
00221, 30, 31, 32, 33, 34, 35, 36, 37, 38, 50, 51, 52, 53, 54, 55, 56, 57, 58, 70, 71, 72, 73, 74, 75, 76, 77, 78, 90, 91, 92, 93, 94, 95, 96, 97, 98, 110, 111, 112, 113, 114, 115, 116, 117, 118, 130, 131, 132, 133, 134, 135, 136, 137, 138, 150, 151, 152, 153, 154, 155, 156, 157, 158, 170, 171, 172, 173, 174, 175, 176, 177, 178, 190, 191, 192, 193, 194, 195, 196, 197, 198
00222, 30, 31, 32, 33, 34, 35, 36, 37, 38, 50, 51, 52, 53, 54, 55, 56, 57, 58, 70, 71, 72, 73, 74, 75, 76, 77, 78, 90, 91, 92, 93, 94, 95, 96, 97, 98, 110, 111, 112, 113, 114, 115, 116, 117, 118, 130, 131, 132, 133, 134, 135, 136, 137, 138, 150, 151, 152, 153, 154, 155, 156, 157, 158, 170, 171, 172, 173, 174, 175, 176, 177, 178, 190, 191, 192, 193, 194, 195, 196, 197, 198
00223, 30, 31, 32, 33, 34, 35, 36, 37, 38, 50, 51, 52, 53, 54, 55, 56, 57, 58, 70, 71, 72, 73, 74, 75, 76, 77, 78, 90, 91, 92, 93, 94, 95, 96, 97, 98, 110, 111, 112, 113, 114, 115, 116, 117, 118, 130, 131, 132, 133, 134, 135, 136, 137, 138, 150, 151, 152, 153, 154, 155, 156, 157, 158, 170, 171, 172, 173, 174, 175, 176, 177, 178, 190, 191, 192, 193, 194, 195, 196, 197, 198
00224, 30, 31, 32, 33, 34, 35, 36, 37, 38, 50, 51, 52, 53, 54, 55, 56, 57, 58, 70, 71, 72, 73, 74, 75, 76, 77, 78, 90, 91, 92, 93, 94, 95, 96, 97, 98, 110, 111, 112, 113, 114, 115, 116, 117, 118, 130, 131, 132, 133, 134, 135, 136, 137, 138, 150, 151, 152, 153, 154, 155, 156, 157, 158, 170, 171, 172, 173, 174, 175, 176, 177, 178, 190, 191, 192, 193, 194, 195, 196, 197, 198
00225, 30, 31, 32, 33, 34, 35, 36, 37, 38, 50, 51, 52, 53, 54, 55, 56, 57, 58, 70, 71, 72, 73, 74, 75, 76, 77, 78, 90, 91, 92, 93, 94, 95, 96, 97, 98, 110, 111, 112, 113, 114, 115, 116, 117, 118, 130, 131, 132, 133, 134, 135, 136, 137, 138, 150, 151, 152, 153, 154, 155, 156, 157, 158, 170, 171, 172, 173, 174, 175, 176, 177, 178, 190, 191, 192, 193, 194, 195, 196, 197, 198
00226, 30, 31, 32, 33, 34, 35, 36, 37, 38, 50, 51, 52, 53, 54, 55, 56, 57, 58, 70, 71, 72, 73, 74, 75, 76, 77, 78, 90, 91, 92, 93, 94, 95, 96, 97, 98, 110, 111, 112, 113, 114, 115, 116, 117, 118, 130, 131, 132, 133, 134, 135, 136, 137, 138, 150, 151, 152, 153, 154, 155, 156, 157, 158, 170, 171, 172, 173, 174, 175, 176, 177, 178, 190, 191, 192, 193, 194, 195, 196, 197, 198
00227, 30, 31, 32, 33, 34, 35, 36, 37, 38, 50, 51, 52, 53, 54, 55, 56, 57, 58, 70, 71, 72, 73, 74, 75, 76, 77, 78, 90, 91, 92, 93, 94, 95, 96, 97, 98, 110, 111, 112, 113, 114, 115, 116, 117, 118, 130, 131, 132, 133, 134, 135, 136, 137, 138, 150, 151, 152, 153, 154, 155, 156, 157, 158, 170, 171, 172, 173, 174, 175, 176, 177, 178, 190, 191, 192, 193, 194, 195, 196, 197, 198
00228, 30, 31, 32, 33, 34, 35, 36, 37, 38, 50, 51, 52, 53, 54, 55, 56, 57, 58, 70, 71, 72, 73, 74, 75, 76, 77, 78, 90, 91, 92, 93, 94, 95, 96, 97, 98, 110, 111, 112, 113, 114, 115, 116, 117, 118, 130, 131, 132, 133, 134, 135, 136, 137, 138, 150, 151, 152, 153, 154, 155, 156, 157, 158, 170, 171, 172, 173, 174, 175, 176, 177, 178, 190, 191, 192, 193, 194, 195, 196, 197, 198
00229, 30, 31, 32, 33, 34, 35, 36, 37, 38, 50, 51, 52, 53, 54, 55, 56, 57, 58, 70, 71, 72, 73, 74, 75, 76, 77, 78, 90, 91, 92, 93, 94, 95, 96, 97, 98, 110, 111, 112, 113, 114, 115, 116, 117, 118, 130, 131, 132, 133, 134, 135, 136, 137, 138, 150, 151, 152, 153, 154, 155, 156, 157, 158, 170, 171, 172, 173, 174, 175, 176, 177, 178, 190, 191, 192, 193, 194, 195, 196, 197, 198
00230, 30, 31, 32, 33, 34, 35, 36, 37, 38, 50, 51, 52, 53, 54, 55, 56, 57, 58, 70, 71, 72, 73, 74, 75, 76, 77, 78, 90, 91, 92, 93, 94, 95, 96, 97, 98, 110, 111, 112, 113, 114, 115, 116, 117, 118, 130, 131, 132, 133, 134, 135, 136, 137, 138, 150, 151, 152, 153, 154, 155, 156, 157, 158, 170, 171, 172, 173, 174, 175, 176, 177, 178, 190, 191, 192, 193, 194, 195, 196, 197, 198
00231, 29, 30, 31, 32, 33, 34, 35, 36, 37, 49, 50, 51, 52, 53, 54, 55, 56, 57, 69, 70, 71, 72, 73, 74, 75, 76, 77, 89, 90, 91, 92, 93, 94, 95, 96, 97, 109, 110, 111, 112, 113, 114, 115, 116, 117, 129, 130, 131, 132, 133, 134, 135, 136, 137, 149, 150, 151, 152, 153, 154, 155, 156, 157, 169, 170, 171, 172, 173, 174, 175, 176, 177, 189, 190, 191, 192, 193, 194, 195, 196, 197
00232, 29, 30, 31, 32, 33, 34, 35, 36, 37, 49, 50, 51, 52, 53, 54, 55, 56, 57, 69, 70, 71, 72, 73, 74, 75, 76, 77, 89, 90, 91, 92, 93, 94, 95, 96, 97, 109, 110, 111, 112, 113, 114, 115, 116, 117, 129, 130, 131, 132, 133, 134, 135, 136, 137, 149, 150, 151, 152, 153, 154, 155, 156, 157, 169, 170, 171, 172, 173, 174, 175, 176, 177, 189, 190, 191, 192, 193, 194, 195, 196, 197
00233, 29, 30, 31, 32, 33, 34, 35, 36, 37, 49, 50, 51, 52, 53, 54, 55, 56, 57, 69, 70, 71, 72, 73, 74, 75, 76, 77, 89, 90, 91, 92, 93, 94, 95, 96, 97, 109, 110, 111, 112, 113, 114, 115, 116, 117, 129, 130, 131, 132, 133, 134, 135, 136, 137, 149, 150, 151, 152, 153, 154, 155, 156, 157, 169, 170, 171, 172, 173, 174, 175, 176, 177, 189, 190, 191, 192, 193, 194, 195, 196, 197
00234, 29, 30, 31, 32, 33, 34, 35, 36, 37, 49, 50, 51, 52, 53, 54, 55, 56, 57, 69, 70, 71, 72, 73, 74, 75, 76, 77, 89, 90, 91, 92, 93, 94, 95, 96, 97, 109, 110, 111, 112, 113, 114, 115, 116, 117, 129, 130, 131, 132, 133, 134, 135, 136, 137, 149, 150, 151, 152, 153, 154, 155, 156, 157, 169, 170, 171, 172, 173, 174, 175, 176, 177, 189, 190, 191, 192, 193, 194, 195, 196, 197
00235, 29, 30, 31, 32, 33, 34, 35, 36, 37, 49, 50, 51, 52, 53, 54, 55, 56, 57, 69, 70, 71, 72, 73, 74, 75, 76, 77, 89, 90, 91, 92, 93, 94, 95, 96, 97, 109, 110, 111, 112, 113, 114, 115, 116, 117, 129, 130, 131, 132, 133, 134, 135, 136, 137, 149, 150, 151, 152, 153, 154, 155, 156, 157, 169, 170, 171, 172, 173, 174, 175, 176, 177, 189, 190, 191, 192, 193, 194, 195, 196, 197
00236, 29, 30, 31, 32, 33, 34, 35, 36, 37, 49, 50, 51, 52, 53, 54, 55, 56, 57, 69, 70, 71, 72, 73, 74, 75, 76, 77, 89, 90, 91, 92, 93, 94, 95, 96, 97, 109, 110, 111, 112, 113, 114, 115, 116, 117, 129, 130, 131, 132, 133, 134, 135, 136, 137, 149, 150, 151, 152, 153, 154, 155, 156, 157, 169, 170, 171, 172, 173, 174, 175, 176, 177, 189, 190, 191, 192, 193, 194, 195, 196, 197
00237, 29, 30, 31, 32, 33, 34, 35, 36, 37, 49, 50, 51, 52, 53, 54, 55, 56, 57, 69, 70, 71, 72, 73, 74, 75, 76, 77, 89, 90, 91, 92, 93, 94, 95, 96, 97, 109, 110, 111, 112, 113, 114, 115, 116, 117, 129, 130, 131, 132, 133, 134, 135, 136, 137, 149, 150, 151, 152, 153, 154, 155, 156, 157, 169, 170, 171, 172, 173, 174, 175, 176, 177, 189, 190, 191, 192, 193, 194, 195, 196, 197
00238, 29, 30, 31, 32, 33, 34, 35, 36, 37, 49, 50, 51, 52, 53, 54, 55, 56, 57, 69, 70, 71, 72, 73, 74, 75, 76, 77, 89, 90, 91, 92, 93, 94, 95, 96, 97, 109, 110, 111, 112, 113, 114, 115, 116, 117, 129, 130, 131, 132, 133, 134, 135, 136, 137, 149, 150, 151, 152, 153, 154, 155, 156, 157, 169, 170, 171, 172, 173, 174, 175, 176, 177, 189, 190, 191, 192, 193, 194, 195, 196, 197
00239, 29, 30, 31, 32, 33, 34, 35, 36, 37, 49, 50, 51, 52, 53, 54, 55, 56, 57, 69, 70, 71, 72, 73, 74, 75, 76, 77, 89, 90, 91, 92, 93, 94, 95, 96, 97, 109, 110, 111, 112, 113, 114, 115, 116, 117, 129, 130, 131, 132, 133, 134, 135, 136, 137, 149, 150, 151, 152, 153, 154, 155, 156, 157, 169, 170, 171, 172, 173, 174, 175, 176, 177, 189, 190, 191, 192, 193, 194, 195, 196, 197
00240, 29, 30, 31, 32, 33, 34, 35, 36, 37, 49, 50, 51, 52, 53, 54, 55, 56, 57, 69, 70, 71, 72, 73, 74, 75, 76, 77, 89, 90, 91, 92, 93, 94, 95, 96, 97, 109, 110, 111, 112, 113, 114, 115, 116, 117, 129, 130, 131, 132, 133, 134, 135, 136, 137, 149, 150, 151, 152, 153, 154, 155, 156, 157, 169, 170, 171, 172, 173, 174, 175, 176, 177, 189, 190, 191, 192, 193, 194, 195, 196, 197
00241, 29, 30, 31, 32, 33, 34, 35, 36, 37, 49, 50, 51, 52, 53, 54, 55, 56, 57, 69, 70, 71, 72, 73, 74, 75, 76, 77, 89, 90, 91, 92, 93, 94, 95, 96, 97, 109, 110, 111, 112, 113, 114, 115, 116, 117, 129, 130, 131, 132, 133, 134, 135, 136, 137, 149, 150, 151, 152, 153, 154, 155, 156, 157, 169, 170, 171, 172, 173, 174, 175, 176, 177, 189, 190, 191, 192, 193, 194, 195, 196, 197
00242, 29, 30, 31, 32, 33, 34, 35, 36, 37, 49, 50, 51, 52, 53, 54, 55, 56, 57, 69, 70, 71, 72, 73, 74, 75, 76, 77, 89, 90, 91, 92, 93, 94, 95, 96, 97, 109, 110, 111, 112, 113, 114, 115, 116, 117, 129, 130, 131, 132, 133, 134, 135, 136, 137, 149, 150, 151, 152, 153, 154, 155, 156, 157, 169, 170, 171, 172, 173, 174, 175, 176, 177, 189, 190, 191, 192, 193, 194, 195, 196, 197
00243, 29, 30, 31, 32, 33, 34, 35, 36, 37, 49, 50, 51, 52, 53, 54, 55, 56, 57, 69, 70, 71, 72, 73, 74, 75, 76, 77, 89, 90, 91, 92, 93, 94, 95, 96, 97, 109, 110, 111, 112, 113, 114, 115, 116, 117, 129, 130, 131, 132, 133, 134, 135, 136, 137, 149, 150, 151, 152, 153, 154, 155, 156, 157, 169, 170, 171, 172, 173, 174, 175, 176, 177, 189, 190, 191, 192, 193, 194, 195, 196, 197
00244, 29, 30, 31, 32, 33, 34, 35, 36, 37, 49, 50, 51, 52, 53, 54, 55, 56, 57, 69, 70, 71, 72, 73, 74, 75, 76, 77, 89, 90, 91, 92, 93, 94, 95, 96, 97, 109, 110, 111, 112, 113, 114, 115, 116, 117, 129, 130, 131, 132, 133, 134, 135, 136, 137, 149, 150, 151, 152, 153, 154, 155, 156, 157, 169, 170, 171, 172, 173, 174, 175, 176, 177, 189, 190, 191, 192, 193, 194, 195, 196, 197
00245, 29, 30, 31, 32, 33, 34, 35, 36, 37, 49, 50, 51, 52, 53, 54, 55, 56, 57, 69, 70, 71, 72, 73, 74, 75, 76, 77, 89, 90, 91, 92, 93, 94, 95, 96, 97, 109, 110, 111, 112, 113, 114, 115, 116, 117, 129, 130, 131, 132, 133, 134, 135, 136, 137, 149, 150, 151, 152, 153, 154, 155, 156, 157, 169, 170, 171, 172, 173, 174, 175, 176, 177, 189, 190, 191, 192, 193, 194, 195, 196, 197
00246, 29, 30, 31, 32, 33, 34, 35, 36, 37, 49, 50, 51, 52, 53, 54, 55, 56, 57, 69, 70, 71, 72, 73, 74, 75, 76, 77, 89, 90, 91, 92, 93, 94, 95, 96, 97, 109, 110, 111, 112, 113, 114, 115, 116, 117, 129, 130, 131, 132, 133, 134, 135, 136, 137, 149, 150, 151, 152, 153, 154, 155, 156, 157, 169, 170, 171, 172, 173, 174, 175, 176, 177, 189, 190, 191, 192, 193, 194, 195, 196, 197
00247, 29, 30, 31, 32, 33, 34, 35, 36, 37, 49, 50, 51, 52, 53, 54, 55, 56, 57, 69, 70, 71, 72, 73, 74, 75, 76, 77, 89, 90, 91, 92, 93, 94, 95, 96, 97, 109, 110, 111, 112, 113, 114, 115, 116, 117, 129, 130, 131, 132, 133, 134, 135, 136, 137, 149, 150, 151, 152, 153, 154, 155, 156, 157, 169, 170, 171, 172, 173, 174, 175, 176, 177, 189, 190, 191, 192, 193, 194, 195, 196, 197
00248, 29, 30, 31, 32, 33, 34, 35, 36, 37, 49, 50, 51, 52, 53, 54, 55, 56, 57, 69, 70, 71, 72, 73, 74, 75, 76, 77, 89, 90, 91, 92, 93, 94, 95, 96, 97, 109, 110, 111, 112, 113, 114, 115, 116, 117, 129, 130, 131, 132, 133, 134, 135, 136, 137, 149, 150, 151, 152, 153, 154, 155, 156, 157, 169, 170, 171, 172, 173, 174, 175, 176, 177, 189, 190, 191, 192, 193, 194, 195, 196, 197
00249, 28, 29, 30, 31, 32, 33, 34, 35, 36, 48, 49, 50, 51, 52, 53, 54, 55, 56, 68, 69, 70, 71, 72, 73, 74, 75, 76, 88, 89, 90, 91, 92, 93, 94, 95, 96, 108, 109, 110, 111, 112, 113, 114, 115, 116, 128, 129, 130, 131, 132, 133, 134, 135, 136, 148, 149, 150, 151, 152, 153, 154, 155, 156, 168, 169, 170, 171, 172, 173, 174, 175, 176, 188, 189, 190, 191, 192, 193, 194, 195, 196
00250, 28, 29, 30, 31, 32, 33, 34, 35, 36, 48, 49, 50, 51, 52, 53, 54, 55, 56, 68, 69, 70, 71, 72, 73, 74, 75, 76, 88, 89, 90, 91, 92, 93, 94, 95, 96, 108, 109, 110, 111, 112, 113, 114, 115, 116, 128, 129, 130, 131, 132, 133, 134, 135, 136, 148, 149, 150, 151, 152, 153, 154, 155, 156, 168, 169, 170, 171, 172, 173, 174, 175, 176, 188, 189, 190, 191, 192, 193, 194, 195, 196
00251, 28, 29, 30, 31, 32, 33, 34, 35, 36, 48, 49, 50, 51, 52, 53, 54, 55, 56, 68, 69, 70, 71, 72, 73, 74, 75, 76, 88, 89, 90, 91, 92, 93, 94, 95, 96, 108, 109, 110, 111, 112, 113, 114, 115, 116, 128, 129, 130, 131, 132, 133, 134, 135, 136, 148, 149, 150, 151, 152, 153, 154, 155, 156, 168, 169, 170, 171, 172, 173, 174, 175, 176, 188, 189, 190, 191, 192, 193, 194, 195, 196
00252, 28, 29, 30, 31, 32, 33, 34, 35, 36, 48, 49, 50, 51, 52, 53, 54, 55, 56, 68, 69, 70, 71, 72, 73, 74, 75, 76, 88, 89, 90, 91, 92, 93, 94, 95, 96, 108, 109, 110, 111, 112, 113, 114, 115, 116, 128, 129, 130, 131, 132, 133, 134, 135, 136, 148, 149, 150, 151, 152, 153, 154, 155, 156, 168, 169, 170, 171, 172, 173, 174, 175, 176, 188, 189, 190, 191, 192, 193, 194, 195, 196
00253, 28, 29, 30, 31, 32, 33, 34, 35, 36, 48, 49, 50, 51, 52, 53, 54, 55, 56, 68, 69, 70, 71, 72, 73, 74, 75, 76, 88, 89, 90, 91, 92, 93, 94, 95, 96, 108, 109, 110, 111, 112, 113, 114, 115, 116, 128, 129, 130, 131, 132, 133, 134, 135, 136, 148, 149, 150, 151, 152, 153, 154, 155, 156, 168, 169, 170, 171, 172, 173, 174, 175, 176, 188, 189, 190, 191, 192, 193, 194, 195, 196
00254, 28, 29, 30, 31, 32, 33, 34, 35, 36, 48, 49, 50, 51, 52, 53, 54, 55, 56, 68, 69, 70, 71, 72, 73, 74, 75, 76, 88, 89, 90, 91, 92, 93, 94, 95, 96, 108, 109, 110, 111, 112, 113, 114, 115, 116, 128, 129, 130, 131, 132, 133, 134, 135, 136, 148, 149, 150, 151, 152, 153, 154, 155, 156, 168, 169, 170, 171, 172, 173, 174, 175, 176, 188, 189, 190, 191, 192, 193, 194, 195, 196
00255, 28, 29, 30, 31, 32, 33, 34, 35, 36, 48, 49, 50, 51, 52, 53, 54, 55, 56, 68, 69, 70, 71, 72, 73, 74, 75, 76, 88, 89, 90, 91, 92, 93, 94, 95, 96, 108, 109, 110, 111, 112, 113, 114, 115, 116, 128, 129, 130, 131, 132, 133, 134, 135, 136, 148, 149, 150, 151, 152, 153, 154, 155, 156, 168, 169, 170, 171, 172, 173, 174, 175, 176, 188, 189, 190, 191, 192, 193, 194, 195, 196
00256, 28, 29, 30, 31, 32, 33, 34, 35, 36, 48, 49, 50, 51, 52, 53, 54, 55, 56, 68, 69, 70, 71, 72, 73, 74, 75, 76, 88, 89, 90, 91, 92, 93, 94, 95, 96, 108, 109, 110, 111, 112, 113, 114, 115, 116, 128, 129, 130, 131, 132, 133, 134, 135, 136, 148, 149, 150, 151, 152, 153, 154, 155, 156, 168, 169, 170, 171, 172, 173, 174, 175, 176, 188, 189, 190, 191, 192, 193, 194, 195, 196
00257, 28, 29, 30, 31, 32, 33, 34, 35, 36, 48, 49, 50, 51, 52, 53, 54, 55, 56, 68, 69, 70, 71, 72, 73, 74, 75, 76, 88, 89, 90, 91, 92, 93, 94, 95, 96, 108, 109, 110, 111, 112, 113, 114, 115, 116, 128, 129, 130, 131, 132, 133, 134, 135, 136, 148, 149, 150, 151, 152, 153, 154, 155, 156, 168, 169, 170, 171, 172, 173, 174, 175, 176, 188, 189, 190, 191, 192, 193, 194, 195, 196
00258, 28, 29, 30, 31, 32, 33, 34, 35, 36, 48, 49, 50, 51, 52, 53, 54, 55, 56, 68, 69, 70, 71, 72, 73, 74, 75, 76, 88, 89, 90, 91, 92, 93, 94, 95, 96, 108, 109, 110, 111, 112, 113, 114, 115, 116, 128, 129, 130, 131, 132, 133, 134, 135, 136, 148, 149, 150, 151, 152, 153, 154, 155, 156, 168, 169, 170, 171, 172, 173, 174, 175, 176, 188, 189, 190, 191, 192, 193, 194, 195, 196
00259, 28, 29, 30, 31, 32, 33, 34, 35, 36, 48, 49, 50, 51, 52, 53, 54, 55, 56, 68, 69, 70, 71, 72, 73, 74, 75, 76, 88, 89, 90, 91, 92, 93, 94, 95, 96, 108, 109, 110, 111, 112, 113, 114, 115, 116, 128, 129, 130, 131, 132, 133, 134, 135, 136, 148, 149, 150, 151, 152, 153, 154, 155, 156, 168, 169, 170, 171, 172, 173, 174, 175, 176, 188, 189, 190, 191, 192, 193, 194, 195, 196
00260, 28, 29, 30, 31, 32, 33, 34, 35, 36, 48, 49, 50, 51, 52, 53, 54, 55, 56, 68, 69, 70, 71, 72, 73, 74, 75, 76, 88, 89, 90, 91, 92, 93, 94, 95, 96, 108, 109, 110, 111, 112, 113, 114, 115, 116, 128, 129, 130, 131, 132, 133, 134, 135, 136, 148, 149, 150, 151, 152, 153, 154, 155, 156, 168, 169, 170, 171, 172, 173, 174, 175, 176, 188, 189, 190, 191, 192, 193, 194, 195, 196
00261, 28, 29, 30, 31, 32, 33, 34, 35, 36, 48, 49, 50, 51, 52, 53, 54, 55, 56, 68, 69, 70, 71, 72, 73, 74, 75, 76, 88, 89, 90, 91, 92, 93, 94, 95, 96, 108, 109, 110, 111, 112, 113, 114, 115, 116, 128, 129, 130, 131, 132, 133, 134, 135, 136, 148, 149, 150, 151, 152, 153, 154, 155, 156, 168, 169, 170, 171, 172, 173, 174, 175, 176, 188, 189, 190, 191, 192, 193, 194, 195, 196
00262, 28, 29, 30, 31, 32, 33, 34, 35, 36, 48, 49, 50, 51, 52, 53, 54, 55, 56, 68, 69, 70, 71, 72, 73, 74, 75, 76, 88, 89, 90, 91, 92, 93, 94, 95, 96, 108, 109, 110, 111, 112, 113, 114, 115, 116, 128, 129, 130, 131, 132, 133, 134, 135, 136, 148, 149, 150, 151, 152, 153, 154, 155, 156, 168, 169, 170, 171, 172, 173, 174, 175, 176, 188, 189, 190, 191, 192, 193, 194, 195, 196
00263, 28, 29, 30, 31, 32, 33, 34, 35, 36, 48, 49, 50, 51, 52, 53, 54, 55, 56, 68, 69, 70, 71, 72, 73, 74, 75, 76, 88, 89, 90, 91, 92, 93, 94, 95, 96, 108, 109, 110, 111, 112, 113, 114, 115, 116, 128, 129, 130, 131, 132, 133, 134, 135, 136, 148, 149, 150, 151, 152, 153, 154, 155, 156, 168, 169, 170, 171, 172, 173, 174, 175, 176, 188, 189, 190, 191, 192, 193, 194, 195, 196
00264, 28, 29, 30, 31, 32, 33, 34, 35, 36, 48, 49, 50, 51, 52, 53, 54, 55, 56, 68, 69, 70, 71, 72, 73, 74, 75, 76, 88, 89, 90, 91, 92, 93, 94, 95, 96, 108, 109, 110, 111, 112, 113, 114, 115, 116, 128, 129, 130, 131, 132, 133, 134, 135, 136, 148, 149, 150, 151, 152, 153, 154, 155, 156, 168, 169, 170, 171, 172, 173, 174, 175, 176, 188, 189, 190, 191, 192, 193, 194, 195, 196
00265, 27, 28, 29, 30, 31, 32, 33, 34, 35, 47, 48, 49, 50, 51, 52, 53, 54, 55, 67, 68, 69, 70, 71, 72, 73, 74, 75, 87, 88, 89, 90, 91, 92, 93, 94, 95, 107, 108, 109, 110, 111, 112, 113, 114, 115, 127, 128, 129, 130, 131, 132, 133, 134, 135, 147, 148, 149, 150, 151, 152, 153, 154, 155, 167, 168, 169, 170, 171, 172, 173, 174, 175, 187, 188, 189, 190, 191, 192, 193, 194, 195
00266, 27, 28, 29, 30, 31, 32, 33, 34, 35, 47, 48, 49, 50, 51, 52, 53, 54, 55, 67, 68, 69, 70, 71, 72, 73, 74, 75, 87, 88, 89, 90, 91, 92, 93, 94, 95, 107, 108, 109, 110, 111, 112, 113, 114, 115, 127, 128, 129, 130, 131, 132, 133, 134, 135, 147, 148, 149, 150, 151, 152, 153, 154, 155, 167, 168, 169, 170, 171, 172, 173, 174, 175, 187, 188, 189, 190, 191, 192, 193, 194, 195
00267, 27, 28, 29, 30, 31, 32, 33, 34, 35, 47, 48, 49, 50, 51, 52, 53, 54, 55, 67, 68, 69, 70, 71, 72, 73, 74, 75, 87, 88, 89, 90, 91, 92, 93, 94, 95, 107, 108, 109, 110, 111, 112, 113, 114, 115, 127, 128, 129, 130, 131, 132, 133, 134, 135, 147, 148, 149, 150, 151, 152, 153, 154, 155, 167, 168, 169, 170, 171, 172, 173, 174, 175, 187, 188, 189, 190, 191, 192, 193, 194, 195
00268, 27, 28, 29, 30, 31, 32, 33, 34, 35, 47, 48, 49, 50, 51, 52, 53, 54, 55, 67, 68, 69, 70, 71, 72, 73, 74, 75, 87, 88, 89, 90, 91, 92, 93, 94, 95, 107, 108, 109, 110, 111, 112, 113, 114, 115, 127, 128, 129, 130, 131, 132, 133, 134, 135, 147, 148, 149, 150, 151, 152, 153, 154, 155, 167, 168, 169, 170, 171, 172, 173, 174, 175, 187, 188, 189, 190, 191, 192, 193, 194, 195
00269, 27, 28, 29, 30, 31, 32, 33, 34, 35, 47, 48, 49, 50, 51, 52, 53, 54, 55, 67, 68, 69, 70, 71, 72, 73, 74, 75, 87, 88, 89, 90, 91, 92, 93, 94, 95, 107, 108, 109, 110, 111, 112, 113, 114, 115, 127, 128, 129, 130, 131, 132, 133, 134, 135, 147, 148, 149, 150, 151, 152, 153, 154, 155, 167, 168, 169, 170, 171, 172, 173, 174, 175, 187, 188, 189, 190, 191, 192, 193, 194, 195
00270, 27, 28, 29, 30, 31, 32, 33, 34, 35, 47, 48, 49, 50, 51, 52, 53, 54, 55, 67, 68, 69, 70, 71, 72, 73, 74, 75, 87, 88, 89, 90, 91, 92, 93, 94, 95, 107, 108, 109, 110, 111, 112, 113, 114, 115, 127, 128, 129, 130, 131, 132, 133, 134, 135, 147, 148, 149, 150, 151, 152, 153, 154, 155, 167, 168, 169, 170, 171, 172, 173, 174, 175, 187, 188, 189, 190, 191, 192, 193, 194, 195
00271, 27, 28, 29, 30, 31, 32, 33, 34, 35, 47, 48, 49, 50, 51, 52, 53, 54, 55, 67, 68, 69, 70, 71, 72, 73, 74, 75, 87, 88, 89, 90, 91, 92, 93, 94, 95, 107, 108, 109, 110, 111, 112, 113, 114, 115, 127, 128, 129, 130, 131, 132, 133, 134, 135, 147, 148, 149, 150, 151, 152, 153, 154, 155, 167, 168, 169, 170, 171, 172, 173, 174, 175, 187, 188, 189, 190, 191, 192, 193, 194, 195
00272, 27, 28, 29, 30, 31, 32, 33, 34, 35, 47, 48, 49, 50, 51, 52, 53, 54, 55, 67, 68, 69, 70, 71, 72, 73, 74, 75, 87, 88, 89, 90, 91, 92, 93, 94, 95, 107, 108, 109, 110, 111, 112, 113, 114, 115, 127, 128, 129, 130, 131, 132, 133, 134, 135, 147, 148, 149, 150, 151, 152, 153, 154, 155, 167, 168, 169, 170, 171, 172, 173, 174, 175, 187, 188, 189, 190, 191, 192, 193, 194, 195
00273, 27, 28, 29, 30, 31, 32, 33, 34, 35, 47, 48, 49, 50, 51, 52, 53, 54, 55, 67, 68, 69, 70, 71, 72, 73, 74, 75, 87, 88, 89, 90, 91, 92, 93, 94, 95, 107, 108, 109, 110, 111, 112, 113, 114, 115, 127, 128, 129, 130, 131, 132, 133, 134, 135, 147, 148, 149, 150, 151, 152, 153, 154, 155, 167, 168, 169, 170, 171, 172, 173, 174, 175, 187, 188, 189, 190, 191, 192, 193, 194, 195
00274, 27, 28, 29, 30, 31, 32, 33, 34, 35, 47, 48, 49, 50, 51, 52, 53, 54, 55, 67, 68, 69, 70, 71, 72, 73, 74, 75, 87, 88, 89, 90, 91, 92, 93, 94, 95, 107, 108, 109, 110, 111, 112, 113, 114, 115, 127, 128, 129, 130, 131, 132, 133, 134, 135, 147, 148, 149, 150, 151, 152, 153, 154, 155, 167, 168, 169, 170, 171, 172, 173, 174, 175, 187, 188, 189, 190, 191, 192, 193, 194, 195
00275, 27, 28, 29, 30, 31, 32, 33, 34, 35, 47, 48, 49, 50, 51, 52, 53, 54, 55, 67, 68, 69, 70, 71, 72, 73, 74, 75, 87, 88, 89, 90, 91, 92, 93, 94, 95, 107, 108, 109, 110, 111, 112, 113, 114, 115, 127, 128, 129, 130, 131, 132, 133, 134, 135, 147, 148, 149, 150, 151, 152, 153, 154, 155, 167, 168, 169, 170, 171, 172, 173, 174, 175, 187, 188, 189, 190, 191, 192, 193, 194, 195
00276, 7, 8, 9, 10, 11, 12, 13, 14, 15, 27, 28, 29, 30, 31, 32, 33, 34, 35, 47, 48, 49, 50, 51, 52, 53, 54, 55, 67, 68, 69, 70, 71, 72, 73, 74, 75, 87, 88, 89, 90, 91, 92, 93, 94, 95, 107, 108, 109, 110, 111, 112, 113, 114, 115, 127, 128, 129, 130, 131, 132, 133, 134, 135, 147, 148, 149, 150, 151, 152, 153, 154, 155, 167, 168, 169, 170, 171, 172, 173, 174, 175
00277, 7, 8, 9, 10, 11, 12, 13, 14, 15, 27, 28, 29, 30, 31, 32, 33, 34, 35, 47, 48, 49, 50, 51, 52, 53, 54, 55, 67, 68, 69, 70, 71, 72, 73, 74, 75, 87, 88, 89, 90, 91, 92, 93, 94, 95, 107, 108, 109, 110, 111, 112, 113, 114, 115, 127, 128, 129, 130, 131, 132, 133, 134, 135, 147, 148, 149, 150, 151, 152, 153, 154, 155, 167, 168, 169, 170, 171, 172, 173, 174, 175
00278, 7, 8, 9, 10, 11, 12, 13, 14, 15, 27, 28, 29, 30, 31, 32, 33, 34, 35, 47, 48, 49, 50, 51, 52, 53, 54, 55, 67, 68, 69, 70, 71, 72, 73, 74, 75, 87, 88, 89, 90, 91, 92, 93, 94, 95, 107, 108, 109, 110, 111, 112, 113, 114, 115, 127, 128, 129, 130, 131, 132, 133, 134, 135, 147, 148, 149, 150, 151, 152, 153, 154, 155, 167, 168, 169, 170, 171, 172, 173, 174, 175
00279, 7, 8, 9, 10, 11, 12, 13, 14, 15, 27, 28, 29, 30, 31, 32, 33, 34, 35, 47, 48, 49, 50, 51, 52, 53, 54, 55, 67, 68, 69, 70, 71, 72, 73, 74, 75, 87, 88, 89, 90, 91, 92, 93, 94, 95, 107, 108, 109, 110, 111, 112, 113, 114, 115, 127, 128, 129, 130, 131, 132, 133, 134, 135, 147, 148, 149, 150, 151, 152, 153, 154, 155, 167, 168, 169, 170, 171, 172, 173, 174, 175
00280, 6, 7, 8, 9, 10, 11, 12, 13, 14, 26, 27, 28, 29, 30, 31, 32, 33, 34, 46, 47, 48, 49, 50, 51, 52, 53, 54, 66, 67, 68, 69, 70, 71, 72, 73, 74, 86, 87, 88, 89, 90, 91, 92, 93, 94, 106, 107, 108, 109, 110, 111, 112, 113, 114, 126, 127, 128, 129, 130, 131, 132, 133, 134, 146, 147, 148, 149, 150, 151, 152, 153, 154, 166, 167, 168, 169, 170, 171, 172, 173, 174
00281, 6, 7, 8, 9, 10, 11, 12, 13, 14, 26, 27, 28, 29, 30, 31, 32, 33, 34, 46, 47, 48, 49, 50, 51, 52, 53, 54, 66, 67, 68, 69, 70, 71, 72, 73, 74, 86, 87, 88, 89, 90, 91, 92, 93, 94, 106, 107, 108, 109, 110, 111, 112, 113, 114, 126, 127, 128, 129, 130, 131, 132, 133, 134, 146, 147, 148, 149, 150, 151, 152, 153, 154, 166, 167, 168, 169, 170, 171, 172, 173, 174
00282, 6, 7, 8, 9, 10, 11, 12, 13, 14, 26, 27, 28, 29, 30, 31, 32, 33, 34, 46, 47, 48, 49, 50, 51, 52, 53, 54, 66, 67, 68, 69, 70, 71, 72, 73, 74, 86, 87, 88, 89, 90, 91, 92, 93, 94, 106, 107, 108, 109, 110, 111, 112, 113, 114, 126, 127, 128, 129, 130, 131, 132, 133, 134, 146, 147, 148, 149, 150, 151, 152, 153, 154, 166, 167, 168, 169, 170, 171, 172, 173, 174
00283, 6, 7, 8, 9, 10, 11, 12, 13, 14, 26, 27, 28, 29, 30, 31, 32, 33, 34, 46, 47, 48, 49, 50, 51, 52, 53, 54, 66, 67, 68, 69, 70, 71, 72, 73, 74, 86, 87, 88, 89, 90, 91, 92, 93, 94, 106, 107, 108, 109, 110, 111, 112, 113, 114, 126, 127, 128, 129, 130, 131, 132, 133, 134, 146, 147, 148, 149, 150, 151, 152, 153, 154, 166, 167, 168, 169, 170, 171, 172, 173, 174
00284, 6, 7, 8, 9, 10, 11, 12, 13, 14, 26, 27, 28, 29, 30, 31, 32, 33, 34, 46, 47, 48, 49, 50, 51, 52, 53, 54, 66, 67, 68, 69, 70, 71, 72, 73, 74, 86, 87, 88, 89, 90, 91, 92, 93, 94, 106, 107, 108, 109, 110, 111, 112, 113, 114, 126, 127, 128, 129, 130, 131, 132, 133, 134, 146, 147, 148, 149, 150, 151, 152, 153, 154, 166, 167, 168, 169, 170, 171, 172, 173, 174
00285, 6, 7, 8, 9, 10, 11, 12, 13, 14, 26, 27, 28, 29, 30, 31, 32, 33, 34, 46, 47, 48, 49, 50, 51, 52, 53, 54, 66, 67, 68, 69, 70, 71, 72, 73, 74, 86, 87, 88, 89, 90, 91, 92, 93, 94, 106, 107, 108, 109, 110, 111, 112, 113, 114, 126, 127, 128, 129, 130, 131, 132, 133, 134, 146, 147, 148, 149, 150, 151, 152, 153, 154, 166, 167, 168, 169, 170, 171, 172, 173, 174
00286, 6, 7, 8, 9, 10, 11, 12, 13, 14, 26, 27, 28, 29, 30, 31, 32, 33, 34, 46, 47, 48, 49, 50, 51, 52, 53, 54, 66, 67, 68, 69, 70, 71, 72, 73, 74, 86, 87, 88, 89, 90, 91, 92, 93, 94, 106, 107, 108, 109, 110, 111, 112, 113, 114, 126, 127, 128, 129, 130, 131, 132, 133, 134, 146, 147, 148, 149, 150, 151, 152, 153, 154, 166, 167, 168, 169, 170, 171, 172, 173, 174
00287, 6, 7, 8, 9, 10, 11, 12, 13, 14, 26, 27, 28, 29, 30, 31, 32, 33, 34, 46, 47, 48, 49, 50, 51, 52, 53, 54, 66, 67, 68, 69, 70, 71, 72, 73, 74, 86, 87, 88, 89, 90, 91, 92, 93, 94, 106, 107, 108, 109, 110, 111, 112, 113, 114, 126, 127, 128, 129, 130, 131, 132, 133, 134, 146, 147, 148, 149, 150, 151, 152, 153, 154, 166, 167, 168, 169, 170, 171, 172, 173, 174
00288, 6, 7, 8, 9, 10, 11, 12, 13, 14, 26, 27, 28, 29, 30, 31, 32, 33, 34, 46, 47, 48, 49, 50, 51, 52, 53, 54, 66, 67, 68, 69, 70, 71, 72, 73, 74, 86, 87, 88, 89, 90, 91, 92, 93, 94, 106, 107, 108, 109, 110, 111, 112, 113, 114, 126, 127, 128, 129, 130, 131, 132, 133, 134, 146, 147, 148, 149, 150, 151, 152, 153, 154, 166, 167, 168, 169, 170, 171, 172, 173, 174
00289, 6, 7, 8, 9, 10, 11, 12, 13, 14, 26, 27, 28, 29, 30, 31, 32, 33, 34, 46, 47, 48, 49, 50, 51, 52, 53, 54, 66, 67, 68, 69, 70, 71, 72, 73, 74, 86, 87, 88, 89, 90, 91, 92, 93, 94, 106, 107, 108, 109, 110, 111, 112, 113, 114, 126, 127, 128, 129, 130, 131, 132, 133, 134, 146, 147, 148, 149, 150, 151, 152, 153, 154, 166, 167, 168, 169, 170, 171, 172, 173, 174
00290, 6, 7, 8, 9, 10, 11, 12, 13, 14, 26, 27, 28, 29, 30, 31, 32, 33, 34, 46, 47, 48, 49, 50, 51, 52, 53, 54, 66, 67, 68, 69, 70, 71, 72, 73, 74, 86, 87, 88, 89, 90, 91, 92, 93, 94, 106, 107, 108, 109, 110, 111, 112, 113, 114, 126, 127, 128, 129, 130, 131, 132, 133, 134, 146, 147, 148, 149, 150, 151, 152, 153, 154, 166, 167, 168, 169, 170, 171, 172, 173, 174
00291, 6, 7, 8, 9, 10, 11, 12, 13, 14, 26, 27, 28, 29, 30, 31, 32, 33, 34, 46, 47, 48, 49, 50, 51, 52, 53, 54, 66, 67, 68, 69, 70, 71, 72, 73, 74, 86, 87, 88, 89, 90, 91, 92, 93, 94, 106, 107, 108, 109, 110, 111, 112, 113, 114, 126, 127, 128, 129, 130, 131, 132, 133, 134, 146, 147, 148, 149, 150, 151, 152, 153, 154, 166, 167, 168, 169, 170, 171, 172, 173, 174
00292, 6, 7, 8, 9, 10, 11, 12, 13, 14, 26, 27, 28, 29, 30, 31, 32, 33, 34, 46, 47, 48, 49, 50, 51, 52, 53, 54, 66, 67, 68, 69, 70, 71, 72, 73, 74, 86, 87, 88, 89, 90, 91, 92, 93, 94, 106, 107, 108, 109, 110, 111, 112, 113, 114, 126, 127, 128, 129, 130, 131, 132, 133, 134, 146, 147, 148, 149, 150, 151, 152, 153, 154, 166, 167, 168, 169, 170, 171, 172, 173, 174
00293, 6, 7, 8, 9, 10, 11, 12, 13, 14, 26, 27, 28, 29, 30, 31, 32, 33, 34, 46, 47, 48, 49, 50, 51, 52, 53, 54, 66, 67, 68, 69, 70, 71, 72, 73, 74, 86, 87, 88, 89, 90, 91, 92, 93, 94, 106, 107, 108, 109, 110, 111, 112, 113, 114, 126, 127, 128, 129, 130, 131, 132, 133, 134, 146, 147, 148, 149, 150, 151, 152, 153, 154, 166, 167, 168, 169, 170, 171, 172, 173, 174
00294, 5, 6, 7, 8, 9, 10, 11, 12, 13, 25, 26, 27, 28, 29, 30, 31, 32, 33, 45, 46, 47, 48, 49, 50, 51, 52, 53, 65, 66, 67, 68, 69, 70, 71, 72, 73, 85, 86, 87, 88, 89, 90, 91, 92, 93, 105, 106, 107, 108, 109, 110, 111, 112, 113, 125, 126, 127, 128, 129, 130, 131, 132, 133, 145, 146, 147, 148, 149, 150, 151, 152, 153, 165, 166, 167, 168, 169, 170, 171, 172, 173
00295, 5, 6, 7, 8, 9, 10, 11, 12, 13, 25, 26, 27, 28, 29, 30, 31, 32, 33, 45, 46, 47, 48, 49, 50, 51, 52, 53, 65, 66, 67, 68, 69, 70, 71, 72, 73, 85, 86, 87, 88, 89, 90, 91, 92, 93, 105, 106, 107, 108, 109, 110, 111, 112, 113, 125, 126, 127, 128, 129, 130, 131, 132, 133, 145, 146, 147, 148, 149, 150, 151, 152, 153, 165, 166, 167, 168, 169, 170, 171, 172, 173
00296, 5, 6, 7, 8, 9, 10, 11, 12, 13, 25, 26, 27, 28, 29, 30, 31, 32, 33, 45, 46, 47, 48, 49, 50, 51, 52, 53, 65, 66, 67, 68, 69, 70, 71, 72, 73, 85, 86, 87, 88, 89, 90, 91, 92, 93, 105, 106, 107, 108, 109, 110, 111, 112, 113, 125, 126, 127, 128, 129, 130, 131, 132, 133, 145, 146, 147, 148, 149, 150, 151, 152, 153, 165, 166, 167, 168, 169, 170, 171, 172, 173
00297, 5, 6, 7, 8, 9, 10, 11, 12, 13, 25, 26, 27, 28, 29, 30, 31, 32, 33, 45, 46, 47, 48, 49, 50, 51, 52, 53, 65, 66, 67, 68, 69, 70, 71, 72, 73, 85, 86, 87, 88, 89, 90, 91, 92, 93, 105, 106, 107, 108, 109, 110, 111, 112, 113, 125, 126, 127, 128, 129, 130, 131, 132, 133, 145, 146, 147, 148, 149, 150, 151, 152, 153, 165, 166, 167, 168, 169, 170, 171, 172, 173
00298, 5, 6, 7, 8, 9, 10, 11, 12, 13, 25, 26, 27, 28, 29, 30, 31, 32, 33, 45, 46, 47, 48, 49, 50, 51, 52, 53, 65, 66, 67, 68, 69, 70, 71, 72, 73, 85, 86, 87, 88, 89, 90, 91, 92, 93, 105, 106, 107, 108, 109, 110, 111, 112, 113, 125, 126, 127, 128, 129, 130, 131, 132, 133, 145, 146, 147, 148, 149, 150, 151, 152, 153, 165, 166, 167, 168, 169, 170, 171, 172, 173
00299, 5, 6, 7, 8, 9, 10, 11, 12, 13, 25, 26, 27, 28, 29, 30, 31, 32, 33, 45, 46, 47, 48, 49, 50, 51, 52, 53, 65, 66, 67, 68, 69, 70, 71, 72, 73, 85, 86, 87, 88, 89, 90, 91, 92, 93, 105, 106, 107, 108, 109, 110, 111, 112, 113, 125, 126, 127, 128, 129, 130, 131, 132, 133, 145, 146, 147, 148, 149, 150, 151, 152, 153, 165, 166, 167, 168, 169, 170, 171, 172, 173
00300, 5, 6, 7, 8, 9, 10, 11, 12, 13, 25, 26, 27, 28, 29, 30, 31, 32, 33, 45, 46, 47, 48, 49, 50, 51, 52, 53, 65, 66, 67, 68, 69, 70, 71, 72, 73, 85, 86, 87, 88, 89, 90, 91, 92, 93, 105, 106, 107, 108, 109, 110, 111, 112, 113, 125, 126, 127, 128, 129, 130, 131, 132, 133, 145, 146, 147, 148, 149, 150, 151, 152, 153, 165, 166, 167, 168, 169, 170, 171, 172, 173
00301, 5, 6, 7, 8, 9, 10, 11, 12, 13, 25, 26, 27, 28, 29, 30, 31, 32, 33, 45, 46, 47, 48, 49, 50, 51, 52, 53, 65, 66, 67, 68, 69, 70, 71, 72, 73, 85, 86, 87, 88, 89, 90, 91, 92, 93, 105, 106, 107, 108, 109, 110, 111, 112, 113, 125, 126, 127, 128, 129, 130, 131, 132, 133, 145, 146, 147, 148, 149, 150, 151, 152, 153, 165, 166, 167, 168, 169, 170, 171, 172, 173
00302, 5, 6, 7, 8, 9, 10, 11, 12, 13, 25, 26, 27, 28, 29, 30, 31, 32, 33, 45, 46, 47, 48, 49, 50, 51, 52, 53, 65, 66, 67, 68, 69, 70, 71, 72, 73, 85, 86, 87, 88, 89, 90, 91, 92, 93, 105, 106, 107, 108, 109, 110, 111, 112, 113, 125, 126, 127, 128, 129, 130, 131, 132, 133, 145, 146, 147, 148, 149, 150, 151, 152, 153, 165, 166, 167, 168, 169, 170, 171, 172, 173
00303, 5, 6, 7, 8, 9, 10, 11, 12, 13, 25, 26, 27, 28, 29, 30, 31, 32, 33, 45, 46, 47, 48, 49, 50, 51, 52, 53, 65, 66, 67, 68, 69, 70, 71, 72, 73, 85, 86, 87, 88, 89, 90, 91, 92, 93, 105, 106, 107, 108, 109, 110, 111, 112, 113, 125, 126, 127, 128, 129, 130, 131, 132, 133, 145, 146, 147, 148, 149, 150, 151, 152, 153, 165, 166, 167, 168, 169, 170, 171, 172, 173
00304, 5, 6, 7, 8, 9, 10, 11, 12, 13, 25, 26, 27, 28, 29, 30, 31, 32, 33, 45, 46, 47, 48, 49, 50, 51, 52, 53, 65, 66, 67, 68, 69, 70, 71, 72, 73, 85, 86, 87, 88, 89, 90, 91, 92, 93, 105, 106, 107, 108, 109, 110, 111, 112, 113, 125, 126, 127, 128, 129, 130, 131, 132, 133, 145, 146, 147, 148, 149, 150, 151, 152, 153, 165, 166, 167, 168, 169, 170, 171, 172, 173
00305, 5, 6, 7, 8, 9, 10, 11, 12, 13, 25, 26, 27, 28, 29, 30, 31, 32, 33, 45, 46, 47, 48, 49, 50, 51, 52, 53, 65, 66, 67, 68, 69, 70, 71, 72, 73, 85, 86, 87, 88, 89, 90, 91, 92, 93, 105, 106, 107, 108, 109, 110, 111, 112, 113, 125, 126, 127, 128, 129, 130, 131, 132, 133, 145, 146, 147, 148, 149, 150, 151, 152, 153, 165, 166, 167, 168, 169, 170, 171, 172, 173
00306, 5, 6, 7, 8, 9, 10, 11, 12, 13, 25, 26, 27, 28, 29, 30, 31, 32, 33, 45, 46, 47, 48, 49, 50, 51, 52, 53, 65, 66, 67, 68, 69, 70, 71, 72, 73, 85, 86, 87, 88, 89, 90, 91, 92, 93, 105, 106, 107, 108, 109, 110, 111, 112, 113, 125, 126, 127, 128, 129, 130, 131, 132, 133, 145, 146, 147, 148, 149, 150, 151, 152, 153, 165, 166, 167, 168, 169, 170, 171, 172, 173
00307, 5, 6, 7, 8, 9, 10, 11, 12, 13, 25, 26, 27, 28, 29, 30, 31, 32, 33, 45, 46, 47, 48, 49, 50, 51, 52, 53, 65, 66, 67, 68, 69, 70, 71, 72, 73, 85, 86, 87, 88, 89, 90, 91, 92, 93, 105, 106, 107, 108, 109, 110, 111, 112, 113, 125, 126, 127, 128, 129, 130, 131, 132, 133, 145, 146, 147, 148, 149, 150, 151, 152, 153, 165, 166, 167, 168, 169, 170, 171, 172, 173
00308, 5, 6, 7, 8, 9, 10, 11, 12, 13, 25, 26, 27, 28, 29, 30, 31, 32, 33, 45, 46, 47, 48, 49, 50, 51, 52, 53, 65, 66, 67, 68, 69, 70, 71, 72, 73, 85, 86, 87, 88, 89, 90, 91, 92, 93, 105, 106, 107, 108, 109, 110, 111, 112, 113, 125, 126, 127, 128, 129, 130, 131, 132, 133, 145, 146, 147, 148, 149, 150, 151, 152, 153, 165, 166, 167, 168, 169, 170, 171, 172, 173
00309, 4, 5, 6, 7, 8, 9, 10, 11, 12, 24, 25, 26, 27, 28, 29, 30, 31, 32, 44, 45, 46, 47, 48, 49, 50, 51, 52, 64, 65, 66, 67, 68, 69, 70, 71, 72, 84, 85, 86, 87, 88, 89, 90, 91, 92, 104, 105, 106, 107, 108, 109, 110, 111, 112, 124, 125, 126, 127, 128, 129, 130, 131, 132, 144, 145, 146, 147, 148, 149, 150, 151, 152, 164, 165, 166, 167, 168, 169, 170, 171, 172
00310, 4, 5, 6, 7, 8, 9, 10, 11, 12, 24, 25, 26, 27, 28, 29, 30, 31, 32, 44, 45, 46, 47, 48, 49, 50, 51, 52, 64, 65, 66, 67, 68, 69, 70, 71, 72, 84, 85, 86, 87, 88, 89, 90, 91, 92, 104, 105, 106, 107, 108, 109, 110, 111, 112, 124, 125, 126, 127, 128, 129, 130, 131, 132, 144, 145, 146, 147, 148, 149, 150, 151, 152, 164, 165, 166, 167, 168, 169, 170, 171, 172
00311, 4, 5, 6, 7, 8, 9, 10, 11, 12, 24, 25, 26, 27, 28, 29, 30, 31, 32, 44, 45, 46, 47, 48, 49, 50, 51, 52, 64, 65, 66, 67, 68, 69, 70, 71, 72, 84, 85, 86, 87, 88, 89, 90, 91, 92, 104, 105, 106, 107, 108, 109, 110, 111, 112, 124, 125, 126, 127, 128, 129, 130, 131, 132, 144, 145, 146, 147, 148, 149, 150, 151, 152, 164, 165, 166, 167, 168, 169, 170, 171, 172
00312, 4, 5, 6, 7, 8, 9, 10, 11, 12, 24, 25, 26, 27, 28, 29, 30, 31, 32, 44, 45, 46, 47, 48, 49, 50, 51, 52, 64, 65, 66, 67, 68, 69, 70, 71, 72, 84, 85, 86, 87, 88, 89, 90, 91, 92, 104, 105, 106, 107, 108, 109, 110, 111, 112, 124, 125, 126, 127, 128, 129, 130, 131, 132, 144, 145, 146, 147, 148, 149, 150, 151, 152, 164, 165, 166, 167, 168, 169, 170, 171, 172
00313, 4, 5, 6, 7, 8, 9, 10, 11, 12, 24, 25, 26, 27, 28, 29, 30, 31, 32, 44, 45, 46, 47, 48, 49, 50, 51, 52, 64, 65, 66, 67, 68, 69, 70, 71, 72, 84, 85, 86, 87, 88, 89, 90, 91, 92, 104, 105, 106, 107, 108, 109, 110, 111, 112, 124, 125, 126, 127, 128, 129, 130, 131, 132, 144, 145, 146, 147, 148, 149, 150, 151, 152, 164, 165, 166, 167, 168, 169, 170, 171, 172
00314, 4, 5, 6, 7, 8, 9, 10, 11, 12, 24, 25, 26, 27, 28, 29, 30, 31, 32, 44, 45, 46, 47, 48, 49, 50, 51, 52, 64, 65, 66, 67, 68, 69, 70, 71, 72, 84, 85, 86, 87, 88, 89, 90, 91, 92, 104, 105, 106, 107, 108, 109, 110, 111, 112, 124, 125, 126, 127, 128, 129, 130, 131, 132, 144, 145, 146, 147, 148, 149, 150, 151, 152, 164, 165, 166, 167, 168, 169, 170, 171, 172
00315, 4, 5, 6, 7, 8, 9, 10, 11, 12, 24, 25, 26, 27, 28, 29, 30, 31, 32, 44, 45, 46, 47, 48, 49, 50, 51, 52, 64, 65, 66, 67, 68, 69, 70, 71, 72, 84, 85, 86, 87, 88, 89, 90, 91, 92, 104, 105, 106, 107, 108, 109, 110, 111, 112, 124, 125, 126, 127, 128, 129, 130, 131, 132, 144, 145, 146, 147, 148, 149, 150, 151, 152, 164, 165, 166, 167, 168, 169, 170, 171, 172
00316, 4, 5, 6, 7, 8, 9, 10, 11, 12, 24, 25, 26, 27, 28, 29, 30, 31, 32, 44, 45, 46, 47, 48, 49, 50, 51, 52, 64, 65, 66, 67, 68, 69, 70, 71, 72, 84, 85, 86, 87, 88, 89, 90, 91, 92, 104, 105, 106, 107, 108, 109, 110, 111, 112, 124, 125, 126, 127, 128, 129, 130, 131, 132, 144, 145, 146, 147, 148, 149, 150, 151, 152, 164, 165, 166, 167, 168, 169, 170, 171, 172
00317, 4, 5, 6, 7, 8, 9, 10, 11, 12, 24, 25, 26, 27, 28, 29, 30, 31, 32, 44, 45, 46, 47, 48, 49, 50, 51, 52, 64, 65, 66, 67, 68, 69, 70, 71, 72, 84, 85, 86, 87, 88, 89, 90, 91, 92, 104, 105, 106, 107, 108, 109, 110, 111, 112, 124, 125, 126, 127, 128, 129, 130, 131, 132, 144, 145, 146, 147, 148, 149, 150, 151, 152, 164, 165, 166, 167, 168, 169, 170, 171, 172
00318, 4, 5, 6, 7, 8, 9, 10, 11, 12, 24, 25, 26, 27, 28, 29, 30, 31, 32, 44, 45, 46, 47, 48, 49, 50, 51, 52, 64, 65, 66, 67, 68, 69, 70, 71, 72, 84, 85, 86, 87, 88, 89, 90, 91, 92, 104, 105, 106, 107, 108, 109, 110, 111, 112, 124, 125, 126, 127, 128, 129, 130, 131, 132, 144, 145, 146, 147, 148, 149, 150, 151, 152, 164, 165, 166, 167, 168, 169, 170, 171, 172
00319, 4, 5, 6, 7, 8, 9, 10, 11, 12, 24, 25, 26, 27, 28, 29, 30, 31, 32, 44, 45, 46, 47, 48, 49, 50, 51, 52, 64, 65, 66, 67, 68, 69, 70, 71, 72, 84, 85, 86, 87, 88, 89, 90, 91, 92, 104, 105, 106, 107, 108, 109, 110, 111, 112, 124, 125, 126, 127, 128, 129, 130, 131, 132, 144, 145, 146, 147, 148, 149, 150, 151, 152, 164, 165, 166, 167, 168, 169, 170, 171, 172
00320, 4, 5, 6, 7, 8, 9, 10, 11, 12, 24, 25, 26, 27, 28, 29, 30, 31, 32, 44, 45, 46, 47, 48, 49, 50, 51, 52, 64, 65, 66, 67, 68, 69, 70, 71, 72, 84, 85, 86, 87, 88, 89, 90, 91, 92, 104, 105, 106, 107, 108, 109, 110, 111, 112, 124, 125, 126, 127, 128, 129, 130, 131, 132, 144, 145, 146, 147, 148, 149, 150, 151, 152, 164, 165, 166, 167, 168, 169, 170, 171, 172
00321, 4, 5, 6, 7, 8, 9, 10, 11, 12, 24, 25, 26, 27, 28, 29, 30, 31, 32, 44, 45, 46, 47, 48, 49, 50, 51, 52, 64, 65, 66, 67, 68, 69, 70, 71, 72, 84, 85, 86, 87, 88, 89, 90, 91, 92, 104, 105, 106, 107, 108, 109, 110, 111, 112, 124, 125, 126, 127, 128, 129, 130, 131, 132, 144, 145, 146, 147, 148, 149, 150, 151, 152, 164, 165, 166, 167, 168, 169, 170, 171, 172
00322, 4, 5, 6, 7, 8, 9, 10, 11, 12, 24, 25, 26, 27, 28, 29, 30, 31, 32, 44, 45, 46, 47, 48, 49, 50, 51, 52, 64, 65, 66, 67, 68, 69, 70, 71, 72, 84, 85, 86, 87, 88, 89, 90, 91, 92, 104, 105, 106, 107, 108, 109, 110, 111, 112, 124, 125, 126, 127, 128, 129, 130, 131, 132, 144, 145, 146, 147, 148, 149, 150, 151, 152, 164, 165, 166, 167, 168, 169, 170, 171, 172
00323, 3, 4, 5, 6, 7, 8, 9, 10, 11, 23, 24, 25, 26, 27, 28, 29, 30, 31, 43, 44, 45, 46, 47, 48, 49, 50, 51, 63, 64, 65, 66, 67, 68, 69, 70, 71, 83, 84, 85, 86, 87, 88, 89, 90, 91, 103, 104, 105, 106, 107, 108, 109, 110, 111, 123, 124, 125, 126, 127, 128, 129, 130, 131, 143, 144, 145, 146, 147, 148, 149, 150, 151, 163, 164, 165, 166, 167, 168, 169, 170, 171
00324, 3, 4, 5, 6, 7, 8, 9, 10, 11, 23, 24, 25, 26, 27, 28, 29, 30, 31, 43, 44, 45, 46, 47, 48, 49, 50, 51, 63, 64, 65, 66, 67, 68, 69, 70, 71, 83, 84, 85, 86, 87, 88, 89, 90, 91, 103, 104, 105, 106, 107, 108, 109, 110, 111, 123, 124, 125, 126, 127, 128, 129, 130, 131, 143, 144, 145, 146, 147, 148, 149, 150, 151, 163, 164, 165, 166, 167, 168, 169, 170, 171
00325, 3, 4, 5, 6, 7, 8, 9, 10, 11, 23, 24, 25, 26, 27, 28, 29, 30, 31, 43, 44, 45, 46, 47, 48, 49, 50, 51, 63, 64, 65, 66, 67, 68, 69, 70, 71, 83, 84, 85, 86, 87, 88, 89, 90, 91, 103, 104, 105, 106, 107, 108, 109, 110, 111, 123, 124, 125, 126, 127, 128, 129, 130, 131, 143, 144, 145, 146, 147, 148, 149, 150, 151, 163, 164, 165, 166, 167, 168, 169, 170, 171
00326, 3, 4, 5, 6, 7, 8, 9, 10, 11, 23, 24, 25, 26, 27, 28, 29, 30, 31, 43, 44, 45, 46, 47, 48, 49, 50, 51, 63, 64, 65, 66, 67, 68, 69, 70, 71, 83, 84, 85, 86, 87, 88, 89, 90, 91, 103, 104, 105, 106, 107, 108, 109, 110, 111, 123, 124, 125, 126, 127, 128, 129, 130, 131, 143, 144, 145, 146, 147, 148, 149, 150, 151, 163, 164, 165, 166, 167, 168, 169, 170, 171
00327, 3, 4, 5, 6, 7, 8, 9, 10, 11, 23, 24, 25, 26, 27, 28, 29, 30, 31, 43, 44, 45, 46, 47, 48, 49, 50, 51, 63, 64, 65, 66, 67, 68, 69, 70, 71, 83, 84, 85, 86, 87, 88, 89, 90, 91, 103, 104, 105, 106, 107, 108, 109, 110, 111, 123, 124, 125, 126, 127, 128, 129, 130, 131, 143, 144, 145, 146, 147, 148, 149, 150, 151, 163, 164, 165, 166, 167, 168, 169, 170, 171
00328, 3, 4, 5, 6, 7, 8, 9, 10, 11, 23, 24, 25, 26, 27, 28, 29, 30, 31, 43, 44, 45, 46, 47, 48, 49, 50, 51, 63, 64, 65, 66, 67, 68, 69, 70, 71, 83, 84, 85, 86, 87, 88, 89, 90, 91, 103, 104, 105, 106, 107, 108, 109, 110, 111, 123, 124, 125, 126, 127, 128, 129, 130, 131, 143, 144, 145, 146, 147, 148, 149, 150, 151, 163, 164, 165, 166, 167, 168, 169, 170, 171
00329, 3, 4, 5, 6, 7, 8, 9, 10, 11, 23, 24, 25, 26, 27, 28, 29, 30, 31, 43, 44, 45, 46, 47, 48, 49, 50, 51, 63, 64, 65, 66, 67, 68, 69, 70, 71, 83, 84, 85, 86, 87, 88, 89, 90, 91, 103, 104, 105, 106, 107, 108, 109, 110, 111, 123, 124, 125, 126, 127, 128, 129, 130, 131, 143, 144, 145, 146, 147, 148, 149, 150, 151, 163, 164, 165, 166, 167, 168, 169, 170, 171
00330, 3, 4, 5, 6, 7, 8, 9, 10, 11, 23, 24, 25, 26, 27, 28, 29, 30, 31, 43, 44, 45, 46, 47, 48, 49, 50, 51, 63, 64, 65, 66, 67, 68, 69, 70, 71, 83, 84, 85, 86, 87, 88, 89, 90, 91, 103, 104, 105, 106, 107, 108, 109, 110, 111, 123, 124, 125, 126, 127, 128, 129, 130, 131, 143, 144, 145, 146, 147, 148, 149, 150, 151, 163, 164, 165, 166, 167, 168, 169, 170, 171
00331, 3, 4, 5, 6, 7, 8, 9, 10, 11, 23, 24, 25, 26, 27, 28, 29, 30, 31, 43, 44, 45, 46, 47, 48, 49, 50, 51, 63, 64, 65, 66, 67, 68, 69, 70, 71, 83, 84, 85, 86, 87, 88, 89, 90, 91, 103, 104, 105, 106, 107, 108, 109, 110, 111, 123, 124, 125, 126, 127, 128, 129, 130, 131, 143, 144, 145, 146, 147, 148, 149, 150, 151, 163, 164, 165, 166, 167, 168, 169, 170, 171
00332, 3, 4, 5, 6, 7, 8, 9, 10, 11, 23, 24, 25, 26, 27, 28, 29, 30, 31, 43, 44, 45, 46, 47, 48, 49, 50, 51, 63, 64, 65, 66, 67, 68, 69, 70, 71, 83, 84, 85, 86, 87, 88, 89, 90, 91, 103, 104, 105, 106, 107, 108, 109, 110, 111, 123, 124, 125, 126, 127, 128, 129, 130, 131, 143, 144, 145, 146, 147, 148, 149, 150, 151, 163, 164, 165, 166, 167, 168, 169, 170, 171
00333, 3, 4, 5, 6, 7, 8, 9, 10, 11, 23, 24, 25, 26, 27, 28, 29, 30, 31, 43, 44, 45, 46, 47, 48, 49, 50, 51, 63, 64, 65, 66, 67, 68, 69, 70, 71, 83, 84, 85, 86, 87, 88, 89, 90, 91, 103, 104, 105, 106, 107, 108, 109, 110, 111, 123, 124, 125, 126, 127, 128, 129, 130, 131, 143, 144, 145, 146, 147, 148, 149, 150, 151, 163, 164, 165, 166, 167, 168, 169, 170, 171
00334, 3, 4, 5, 6, 7, 8, 9, 10, 11, 23, 24, 25, 26, 27, 28, 29, 30, 31, 43, 44, 45, 46, 47, 48, 49, 50, 51, 63, 64, 65, 66, 67, 68, 69, 70, 71, 83, 84, 85, 86, 87, 88, 89, 90, 91, 103, 104, 105, 106, 107, 108, 109, 110, 111, 123, 124, 125, 126, 127, 128, 129, 130, 131, 143, 144, 145, 146, 147, 148, 149, 150, 151, 163, 164, 165, 166, 167, 168, 169, 170, 171
00335, 3, 4, 5, 6, 7, 8, 9, 10, 11, 23, 24, 25, 26, 27, 28, 29, 30, 31, 43, 44, 45, 46, 47, 48, 49, 50, 51, 63, 64, 65, 66, 67, 68, 69, 70, 71, 83, 84, 85, 86, 87, 88, 89, 90, 91, 103, 104, 105, 106, 107, 108, 109, 110, 111, 123, 124, 125, 126, 127, 128, 129, 130, 131, 143, 144, 145, 146, 147, 148, 149, 150, 151, 163, 164, 165, 166, 167, 168, 169, 170, 171
00336, 3, 4, 5, 6, 7, 8, 9, 10, 11, 23, 24, 25, 26, 27, 28, 29, 30, 31, 43, 44, 45, 46, 47, 48, 49, 50, 51, 63, 64, 65, 66, 67, 68, 69, 70, 71, 83, 84, 85, 86, 87, 88, 89, 90, 91, 103, 104, 105, 106, 107, 108, 109, 110, 111, 123, 124, 125, 126, 127, 128, 129, 130, 131, 143, 144, 145, 146, 147, 148, 149, 150, 151, 163, 164, 165, 166, 167, 168, 169, 170, 171
00337, 3, 4, 5, 6, 7, 8, 9, 10, 11, 23, 24, 25, 26, 27, 28, 29, 30, 31, 43, 44, 45, 46, 47, 48, 49, 50, 51, 63, 64, 65, 66, 67, 68, 69, 70, 71, 83, 84, 85, 86, 87, 88, 89, 90, 91, 103, 104, 105, 106, 107, 108, 109, 110, 111, 123, 124, 125, 126, 127, 128, 129, 130, 131, 143, 144, 145, 146, 147, 148, 149, 150, 151, 163, 164, 165, 166, 167, 168, 169, 170, 171
00338, 2, 3, 4, 5, 6, 7, 8, 9, 10, 22, 23, 24, 25, 26, 27, 28, 29, 30, 42, 43, 44, 45, 46, 47, 48, 49, 50, 62, 63, 64, 65, 66, 67, 68, 69, 70, 82, 83, 84, 85, 86, 87, 88, 89, 90, 102, 103, 104, 105, 106, 107, 108, 109, 110, 122, 123, 124, 125, 126, 127, 128, 129, 130, 142, 143, 144, 145, 146, 147, 148, 149, 150, 162, 163, 164, 165, 166, 167, 168, 169, 170
00339, 2, 3, 4, 5, 6, 7, 8, 9, 10, 22, 23, 24, 25, 26, 27, 28, 29, 30, 42, 43, 44, 45, 46, 47, 48, 49, 50, 62, 63, 64, 65, 66, 67, 68, 69, 70, 82, 83, 84, 85, 86, 87, 88, 89, 90, 102, 103, 104, 105, 106, 107, 108, 109, 110, 122, 123, 124, 125, 126, 127, 128, 129, 130, 142, 143, 144, 145, 146, 147, 148, 149, 150, 162, 163, 164, 165, 166, 167, 168, 169, 170
00340, 2, 3, 4, 5, 6, 7, 8, 9, 10, 22, 23, 24, 25, 26, 27, 28, 29, 30, 42, 43, 44, 45, 46, 47, 48, 49, 50, 62, 63, 64, 65, 66, 67, 68, 69, 70, 82, 83, 84, 85, 86, 87, 88, 89, 90, 102, 103, 104, 105, 106, 107, 108, 109, 110, 122, 123, 124, 125, 126, 127, 128, 129, 130, 142, 143, 144, 145, 146, 147, 148, 149, 150, 162, 163, 164, 165, 166, 167, 168, 169, 170
00341, 2, 3, 4, 5, 6, 7, 8, 9, 10, 22, 23, 24, 25, 26, 27, 28, 29, 30, 42, 43, 44, 45, 46, 47, 48, 49, 50, 62, 63, 64, 65, 66, 67, 68, 69, 70, 82, 83, 84, 85, 86, 87, 88, 89, 90, 102, 103, 104, 105, 106, 107, 108, 109, 110, 122, 123, 124, 125, 126, 127, 128, 129, 130, 142, 143, 144, 145, 146, 147, 148, 149, 150
00342, 2, 3, 4, 5, 6, 7, 8, 9, 10, 22, 23, 24, 25, 26, 27, 28, 29, 30, 42, 43, 44, 45, 46, 47, 48, 49, 50, 62, 63, 64, 65, 66, 67, 68, 69, 70, 82, 83, 84, 85, 86, 87, 88, 89, 90, 102, 103, 104, 105, 106, 107, 108, 109, 110, 122, 123, 124, 125, 126, 127, 128, 129, 130, 142, 143, 144, 145, 146, 147, 148, 149, 150
00343, 2, 3, 4, 5, 6, 7, 8, 9, 10, 22, 23, 24, 25, 26, 27, 28, 29, 30, 42, 43, 44, 45, 46, 47, 48, 49, 50, 62, 63, 64, 65, 66, 67, 68, 69, 70, 82, 83, 84, 85, 86, 87, 88, 89, 90, 102, 103, 104, 105, 106, 107, 108, 109, 110, 122, 123, 124, 125, 126, 127, 128, 129, 130, 142, 143, 144, 145, 146, 147, 148, 149, 150
00344, 2, 3, 4, 5, 6, 7, 8, 9, 10, 22, 23, 24, 25, 26, 27, 28, 29, 30, 42, 43, 44, 45, 46, 47, 48, 49, 50, 62, 63, 64, 65, 66, 67, 68, 69, 70, 82, 83, 84, 85, 86, 87, 88, 89, 90, 102, 103, 104, 105, 106, 107, 108, 109, 110, 122, 123, 124, 125, 126, 127, 128, 129, 130, 142, 143, 144, 145, 146, 147, 148, 149, 150
00345, 2, 3, 4, 5, 6, 7, 8, 9, 10, 22, 23, 24, 25, 26, 27, 28, 29, 30, 42, 43, 44, 45, 46, 47, 48, 49, 50, 62, 63, 64, 65, 66, 67, 68, 69, 70, 82, 83, 84, 85, 86, 87, 88, 89, 90, 102, 103, 104, 105, 106, 107, 108, 109, 110, 122, 123, 124, 125, 126, 127, 128, 129, 130, 142, 143, 144, 145, 146, 147, 148, 149, 150
00346, 2, 3, 4, 5, 6, 7, 8, 9, 10, 22, 23, 24, 25, 26, 27, 28, 29, 30, 42, 43, 44, 45, 46, 47, 48, 49, 50, 62, 63, 64, 65, 66, 67, 68, 69, 70, 82, 83, 84, 85, 86, 87, 88, 89, 90, 102, 103, 104, 105, 106, 107, 108, 109, 110, 122, 123, 124, 125, 126, 127, 128, 129, 130, 142, 143, 144, 145, 146, 147, 148, 149, 150
00347, 2, 3, 4, 5, 6, 7, 8, 9, 10, 22, 23, 24, 25, 26, 27, 28, 29, 30, 42, 43, 44, 45, 46, 47, 48, 49, 50, 62, 63, 64, 65, 66, 67, 68, 69, 70, 82, 83, 84, 85, 86, 87, 88, 89, 90, 102, 103, 104, 105, 106, 107, 108, 109, 110, 122, 123, 124, 125, 126, 127, 128, 129, 130, 142, 143, 144, 145, 146, 147, 148, 149, 150
00348, 2, 3, 4, 5, 6, 7, 8, 9, 10, 22, 23, 24, 25, 26, 27, 28, 29, 30, 42, 43, 44, 45, 46, 47, 48, 49, 50, 62, 63, 64, 65, 66, 67, 68, 69, 70, 82, 83, 84, 85, 86, 87, 88, 89, 90, 102, 103, 104, 105, 106, 107, 108, 109, 110, 122, 123, 124, 125, 126, 127, 128, 129, 130, 142, 143, 144, 145, 146, 147, 148, 149, 150
00349, 2, 3, 4, 5, 6, 7, 8, 9, 10, 22, 23, 24, 25, 26, 27, 28, 29, 30, 42, 43, 44, 45, 46, 47, 48, 49, 50, 62, 63, 64, 65, 66, 67, 68, 69, 70, 82, 83, 84, 85, 86, 87, 88, 89, 90, 102, 103, 104, 105, 106, 107, 108, 109, 110, 122, 123, 124, 125, 126, 127, 128, 129, 130, 142, 143, 144, 145, 146, 147, 148, 149, 150
00350, 2, 3, 4, 5, 6, 7, 8, 9, 10, 22, 23, 24, 25, 26, 27, 28, 29, 30, 42, 43, 44, 45, 46, 47, 48, 49, 50, 62, 63, 64, 65, 66, 67, 68, 69, 70, 82, 83, 84, 85, 86, 87, 88, 89, 90, 102, 103, 104, 105, 106, 107, 108, 109, 110, 122, 123, 124, 125, 126, 127, 128, 129, 130, 142, 143, 144, 145, 146, 147, 148, 149, 150
00351, 2, 3, 4, 5, 6, 7, 8, 9, 10, 22, 23, 24, 25, 26, 27, 28, 29, 30, 42, 43, 44, 45, 46, 47, 48, 49, 50, 62, 63, 64, 65, 66, 67, 68, 69, 70, 82, 83, 84, 85, 86, 87, 88, 89, 90, 102, 103, 104, 105, 106, 107, 108, 109, 110, 122, 123, 124, 125, 126, 127, 128, 129, 130, 142, 143, 144, 145, 146, 147, 148, 149, 150
00352, 2, 3, 4, 5, 6, 7, 8, 9, 10, 22, 23, 24, 25, 26, 27, 28, 29, 30, 42, 43, 44, 45, 46, 47, 48, 49, 50, 62, 63, 64, 65, 66, 67, 68, 69, 70, 82, 83, 84, 85, 86, 87, 88, 89, 90, 102, 103, 104, 105, 106, 107, 108, 109, 110, 122, 123, 124, 125, 126, 127, 128, 129, 130, 142, 143, 144, 145, 146, 147, 148, 149, 150
00353, 2, 3, 4, 5, 6, 7, 8, 9, 10, 22, 23, 24, 25, 26, 27, 28, 29, 30, 42, 43, 44, 45, 46, 47, 48, 49, 50, 62, 63, 64, 65, 66, 67, 68, 69, 70, 82, 83, 84, 85, 86, 87, 88, 89, 90, 102, 103, 104, 105, 106, 107, 108, 109, 110, 122, 123, 124, 125, 126, 127, 128, 129, 130, 142, 143, 144, 145, 146, 147, 148, 149, 150
00354, 2, 3, 4, 5, 6, 7, 8, 9, 10, 22, 23, 24, 25, 26, 27, 28, 29, 30, 42, 43, 44, 45, 46, 47, 48, 49, 50, 62, 63, 64, 65, 66, 67, 68, 69, 70, 82, 83, 84, 85, 86, 87, 88, 89, 90, 102, 103, 104, 105, 106, 107, 108, 109, 110, 122, 123, 124, 125, 126, 127, 128, 129, 130, 142, 143, 144, 145, 146, 147, 148, 149, 150
00355, 1, 2, 3, 4, 5, 6, 7, 8, 9, 21, 22, 23, 24, 25, 26, 27, 28, 29, 41, 42, 43, 44, 45, 46, 47, 48, 49, 61, 62, 63, 64, 65, 66, 67, 68, 69, 81, 82, 83, 84, 85, 86, 87, 88, 89, 101, 102, 103, 104, 105, 106, 107, 108, 109, 121, 122, 123, 124, 125, 126, 127, 128, 129, 141, 142, 143, 144, 145, 146, 147, 148, 149
00356, 1, 2, 3, 4, 5, 6, 7, 8, 9, 21, 22, 23, 24, 25, 26, 27, 28, 29, 41, 42, 43, 44, 45, 46, 47, 48, 49, 61, 62, 63, 64, 65, 66, 67, 68, 69, 81, 82, 83, 84, 85, 86, 87, 88, 89, 101, 102, 103, 104, 105, 106, 107, 108, 109, 121, 122, 123, 124, 125, 126, 127, 128, 129, 141, 142, 143, 144, 145, 146, 147, 148, 149
00357, 1, 2, 3, 4, 5, 6, 7, 8, 9, 21, 22, 23, 24, 25, 26, 27, 28, 29, 41, 42, 43, 44, 45, 46, 47, 48, 49, 61, 62, 63, 64, 65, 66, 67, 68, 69, 81, 82, 83, 84, 85, 86, 87, 88, 89, 101, 102, 103, 104, 105, 106, 107, 108, 109, 121, 122, 123, 124, 125, 126, 127, 128, 129, 141, 142, 143, 144, 145, 146, 147, 148, 149
00358, 1, 2, 3, 4, 5, 6, 7, 8, 9, 21, 22, 23, 24, 25, 26, 27, 28, 29, 41, 42, 43, 44, 45, 46, 47, 48, 49, 61, 62, 63, 64, 65, 66, 67, 68, 69, 81, 82, 83, 84, 85, 86, 87, 88, 89, 101, 102, 103, 104, 105, 106, 107, 108, 109, 121, 122, 123, 124, 125, 126, 127, 128, 129, 141, 142, 143, 144, 145, 146, 147, 148, 149
00359, 1, 2, 3, 4, 5, 6, 7, 8, 9, 21, 22, 23, 24, 25, 26, 27, 28, 29, 41, 42, 43, 44, 45, 46, 47, 48, 49, 61, 62, 63, 64, 65, 66, 67, 68, 69, 81, 82, 83, 84, 85, 86, 87, 88, 89, 101, 102, 103, 104, 105, 106, 107, 108, 109, 121, 122, 123, 124, 125, 126, 127, 128, 129, 141, 142, 143, 144, 145, 146, 147, 148, 149
00360, 1, 2, 3, 4, 5, 6, 7, 8, 9, 21, 22, 23, 24, 25, 26, 27, 28, 29, 41, 42, 43, 44, 45, 46, 47, 48, 49, 61, 62, 63, 64, 65, 66, 67, 68, 69, 81, 82, 83, 84, 85, 86, 87, 88, 89, 101, 102, 103, 104, 105, 106, 107, 108, 109, 121, 122, 123, 124, 125, 126, 127, 128, 129, 141, 142, 143, 144, 145, 146, 147, 148, 149
00361, 1, 2, 3, 4, 5, 6, 7, 8, 9, 21, 22, 23, 24, 25, 26, 27, 28, 29, 41, 42, 43, 44, 45, 46, 47, 48, 49, 61, 62, 63, 64, 65, 66, 67, 68, 69, 81, 82, 83, 84, 85, 86, 87, 88, 89, 101, 102, 103, 104, 105, 106, 107, 108, 109, 121, 122, 123, 124, 125, 126, 127, 128, 129, 141, 142, 143, 144, 145, 146, 147, 148, 149
00362, 1, 2, 3, 4, 5, 6, 7, 8, 9, 21, 22, 23, 24, 25, 26, 27, 28, 29, 41, 42, 43, 44, 45, 46, 47, 48, 49, 61, 62, 63, 64, 65, 66, 67, 68, 69, 81, 82, 83, 84, 85, 86, 87, 88, 89, 101, 102, 103, 104, 105, 106, 107, 108, 109, 121, 122, 123, 124, 125, 126, 127, 128, 129, 141, 142, 143, 144, 145, 146, 147, 148, 149
00363, 1, 2, 3, 4, 5, 6, 7, 8, 9, 21, 22, 23, 24, 25, 26, 27, 28, 29, 41, 42, 43, 44, 45, 46, 47, 48, 49, 61, 62, 63, 64, 65, 66, 67, 68, 69, 81, 82, 83, 84, 85, 86, 87, 88, 89, 101, 102, 103, 104, 105, 106, 107, 108, 109, 121, 122, 123, 124, 125, 126, 127, 128, 129, 141, 142, 143, 144, 145, 146, 147, 148, 149
00364, 1, 2, 3, 4, 5, 6, 7, 8, 9, 21, 22, 23, 24, 25, 26, 27, 28, 29, 41, 42, 43, 44, 45, 46, 47, 48, 49, 61, 62, 63, 64, 65, 66, 67, 68, 69, 81, 82, 83, 84, 85, 86, 87, 88, 89, 101, 102, 103, 104, 105, 106, 107, 108, 109, 121, 122, 123, 124, 125, 126, 127, 128, 129, 141, 142, 143, 144, 145, 146, 147, 148, 149
00365, 1, 2, 3, 4, 5, 6, 7, 8, 9, 21, 22, 23, 24, 25, 26, 27, 28, 29, 41, 42, 43, 44, 45, 46, 47, 48, 49, 61, 62, 63, 64, 65, 66, 67, 68, 69, 81, 82, 83, 84, 85, 86, 87, 88, 89, 101, 102, 103, 104, 105, 106, 107, 108, 109, 121, 122, 123, 124, 125, 126, 127, 128, 129, 141, 142, 143, 144, 145, 146, 147, 148, 149
00366, 1, 2, 3, 4, 5, 6, 7, 8, 9, 21, 22, 23, 24, 25, 26, 27, 28, 29, 41, 42, 43, 44, 45, 46, 47, 48, 49, 61, 62, 63, 64, 65, 66, 67, 68, 69, 81, 82, 83, 84, 85, 86, 87, 88, 89, 101, 102, 103, 104, 105, 106, 107, 108, 109, 121, 122, 123, 124, 125, 126, 127, 128, 129, 141, 142, 143, 144, 145, 146, 147, 148, 149
00367, 1, 2, 3, 4, 5, 6, 7, 8, 9, 21, 22, 23, 24, 25, 26, 27, 28, 29, 41, 42, 43, 44, 45, 46, 47, 48, 49, 61, 62, 63, 64, 65, 66, 67, 68, 69, 81, 82, 83, 84, 85, 86, 87, 88, 89, 101, 102, 103, 104, 105, 106, 107, 108, 109, 121, 122, 123, 124, 125, 126, 127, 128, 129, 141, 142, 143, 144, 145, 146, 147, 148, 149
00368, 1, 2, 3, 4, 5, 6, 7, 8, 9, 21, 22, 23, 24, 25, 26, 27, 28, 29, 41, 42, 43, 44, 45, 46, 47, 48, 49, 61, 62, 63, 64, 65, 66, 67, 68, 69, 81, 82, 83, 84, 85, 86, 87, 88, 89, 101, 102, 103, 104, 105, 106, 107, 108, 109, 121, 122, 123, 124, 125, 126, 127, 128, 129, 141, 142, 143, 144, 145, 146, 147, 148, 149
00369, 1, 2, 3, 4, 5, 6, 7, 8, 9, 21, 22, 23, 24, 25, 26, 27, 28, 29, 41, 42, 43, 44, 45, 46, 47, 48, 49, 61, 62, 63, 64, 65, 66, 67, 68, 69, 81, 82, 83, 84, 85, 86, 87, 88, 89, 101, 102, 103, 104, 105, 106, 107, 108, 109, 121, 122, 123, 124, 125, 126, 127, 128, 129, 141, 142, 143, 144, 145, 146, 147, 148, 149
00370, 1, 2, 3, 4, 5, 6, 7, 8, 9, 21, 22, 23, 24, 25, 26, 27, 28, 29, 41, 42, 43, 44, 45, 46, 47, 48, 49, 61, 62, 63, 64, 65, 66, 67, 68, 69, 81, 82, 83, 84, 85, 86, 87, 88, 89, 101, 102, 103, 104, 105, 106, 107, 108, 109, 121, 122, 123, 124, 125, 126, 127, 128, 129, 141, 142, 143, 144, 145, 146, 147, 148, 149
00371, 1, 2, 3, 4, 5, 6, 7, 8, 9, 21, 22, 23, 24, 25, 26, 27, 28, 29, 41, 42, 43, 44, 45, 46, 47, 48, 49, 61, 62, 63, 64, 65, 66, 67, 68, 69, 81, 82, 83, 84, 85, 86, 87, 88, 89, 101, 102, 103, 104, 105, 106, 107, 108, 109, 121, 122, 123, 124, 125, 126, 127, 128, 129, 141, 142, 143, 144, 145, 146, 147, 148, 149
00372, 1, 2, 3, 4, 5, 6, 7, 8, 9, 21, 22, 23, 24, 25, 26, 27, 28, 29, 41, 42, 43, 44, 45, 46, 47, 48, 49, 61, 62, 63, 64, 65, 66, 67, 68, 69, 81, 82, 83, 84, 85, 86, 87, 88, 89, 101, 102, 103, 104, 105, 106, 107, 108, 109, 121, 122, 123, 124, 125, 126, 127, 128, 129, 141, 142, 143, 144, 145, 146, 147, 148, 149
00373, 0, 1, 2, 3, 4, 5, 6, 7, 8, 20, 21, 22, 23, 24, 25, 26, 27, 28, 40, 41, 42, 43, 44, 45, 46, 47, 48, 60, 61, 62, 63, 64, 65, 66, 67, 68, 80, 81, 82, 83, 84, 85, 86, 87, 88, 100, 101, 102, 103, 104, 105, 106, 107, 108, 120, 121, 122, 123, 124, 125, 126, 127, 128, 140, 141, 142, 143, 144, 145, 146, 147, 148
00374, 0, 1, 2, 3, 4, 5, 6, 7, 8, 20, 21, 22, 23, 24, 25, 26, 27, 28, 40, 41, 42, 43, 44, 45, 46, 47, 48, 60, 61, 62, 63, 64, 65, 66, 67, 68, 80, 81, 82, 83, 84, 85, 86, 87, 88, 100, 101, 102, 103, 104, 105, 106, 107, 108, 120, 121, 122, 123, 124, 125, 126, 127, 128, 140, 141, 142, 143, 144, 145, 146, 147, 148
00375, 0, 1, 2, 3, 4, 5, 6, 7, 8, 20, 21, 22, 23, 24, 25, 26, 27, 28, 40, 41, 42, 43, 44, 45, 46, 47, 48, 60, 61, 62, 63, 64, 65, 66, 67, 68, 80, 81, 82, 83, 84, 85, 86, 87, 88, 100, 101, 102, 103, 104, 105, 106, 107, 108, 120, 121, 122, 123, 124, 125, 126, 127, 128, 140, 141, 142, 143, 144, 145, 146, 147, 148
00376, 0, 1, 2, 3, 4, 5, 6, 7, 8, 20, 21, 22, 23, 24, 25, 26, 27, 28, 40, 41, 42, 43, 44, 45, 46, 47, 48, 60, 61, 62, 63, 64, 65, 66, 67, 68, 80, 81, 82, 83, 84, 85, 86, 87, 88, 100, 101, 102, 103, 104, 105, 106, 107, 108, 120, 121, 122, 123, 124, 125, 126, 127, 128, 140, 141, 142, 143, 144, 145, 146, 147, 148
00377, 0, 1, 2, 3, 4, 5, 6, 7, 8, 20, 21, 22, 23, 24, 25, 26, 27, 28, 40, 41, 42, 43, 44, 45, 46, 47, 48, 60, 61, 62, 63, 64, 65, 66, 67, 68, 80, 81, 82, 83, 84, 85, 86, 87, 88, 100, 101, 102, 103, 104, 105, 106, 107, 108, 120, 121, 122, 123, 124, 125, 126, 127, 128, 140, 141, 142, 143, 144, 145, 146, 147, 148
00378, 0, 1, 2, 3, 4, 5, 6, 7, 8, 20, 21, 22, 23, 24, 25, 26, 27, 28, 40, 41, 42, 43, 44, 45, 46, 47, 48, 60, 61, 62, 63, 64, 65, 66, 67, 68, 80, 81, 82, 83, 84, 85, 86, 87, 88, 100, 101, 102, 103, 104, 105, 106, 107, 108, 120, 121, 122, 123, 124, 125, 126, 127, 128, 140, 141, 142, 143, 144, 145, 146, 147, 148
00379, 0, 1, 2, 3, 4, 5, 6, 7, 8, 20, 21, 22, 23, 24, 25, 26, 27, 28, 40, 41, 42, 43, 44, 45, 46, 47, 48, 60, 61, 62, 63, 64, 65, 66, 67, 68, 80, 81, 82, 83, 84, 85, 86, 87, 88, 100, 101, 102, 103, 104, 105, 106, 107, 108, 120, 121, 122, 123, 124, 125, 126, 127, 128, 140, 141, 142, 143, 144, 145, 146, 147, 148
00380, 0, 1, 2, 3, 4, 5, 6, 7, 8, 20, 21, 22, 23, 24, 25, 26, 27, 28, 40, 41, 42, 43, 44, 45, 46, 47, 48, 60, 61, 62, 63, 64, 65, 66, 67, 68, 80, 81, 82, 83, 84, 85, 86, 87, 88, 100, 101, 102, 103, 104, 105, 106, 107, 108, 120, 121, 122, 123, 124, 125, 126, 127, 128, 140, 141, 142, 143, 144, 145, 146, 147, 148
00381, 0, 1, 2, 3, 4, 5, 6, 7, 8, 20, 21, 22, 23, 24, 25, 26, 27, 28, 40, 41, 42, 43, 44, 45, 46, 47, 48, 60, 61, 62, 63, 64, 65, 66, 67, 68, 80, 81, 82, 83, 84, 85, 86, 87, 88, 100, 101, 102, 103, 104, 105, 106, 107, 108, 120, 121, 122, 123, 124, 125, 126, 127, 128, 140, 141, 142, 143, 144, 145, 146, 147, 148
00382, 0, 1, 2, 3, 4, 5, 6, 7, 8, 20, 21, 22, 23, 24, 25, 26, 27, 28, 40, 41, 42, 43, 44, 45, 46, 47, 48, 60, 61, 62, 63, 64, 65, 66, 67, 68, 80, 81, 82, 83, 84, 85, 86, 87, 88, 100, 101, 102, 103, 104, 105, 106, 107, 108, 120, 121, 122, 123, 124, 125, 126, 127, 128, 140, 141, 142, 143, 144, 145, 146, 147, 148
00383, 0, 1, 2, 3, 4, 5, 6, 7, 8, 20, 21, 22, 23, 24, 25, 26, 27, 28, 40, 41, 42, 43, 44, 45, 46, 47, 48, 60, 61, 62, 63, 64, 65, 66, 67, 68, 80, 81, 82, 83, 84, 85, 86, 87, 88, 100, 101, 102, 103, 104, 105, 106, 107, 108, 120, 121, 122, 123, 124, 125, 126, 127, 128, 140, 141, 142, 143, 144, 145, 146, 147, 148
00384, 0, 1, 2, 3, 4, 5, 6, 7, 8, 20, 21, 22, 23, 24, 25, 26, 27, 28, 40, 41, 42, 43, 44, 45, 46, 47, 48, 60, 61, 62, 63, 64, 65, 66, 67, 68, 80, 81, 82, 83, 84, 85, 86, 87, 88, 100, 101, 102, 103, 104, 105, 106, 107, 108, 120, 121, 122, 123, 124, 125, 126, 127, 128, 140, 141, 142, 143, 144, 145, 146, 147, 148
00385, 0, 1, 2, 3, 4, 5, 6, 7, 8, 20, 21, 22, 23, 24, 25, 26, 27, 28, 40, 41, 42, 43, 44, 45, 46, 47, 48, 60, 61, 62, 63, 64, 65, 66, 67, 68, 80, 81, 82, 83, 84, 85, 86, 87, 88, 100, 101, 102, 103, 104, 105, 106, 107, 108, 120, 121, 122, 123, 124, 125, 126, 127, 128, 140, 141, 142, 143, 144, 145, 146, 147, 148
00386, 0, 1, 2, 3, 4, 5, 6, 7, 8, 20, 21, 22, 23, 24, 25, 26, 27, 28, 40, 41, 42, 43, 44, 45, 46, 47, 48, 60, 61, 62, 63, 64, 65, 66, 67, 68, 80, 81, 82, 83, 84, 85, 86, 87, 88, 100, 101, 102, 103, 104, 105, 106, 107, 108, 120, 121, 122, 123, 124, 125, 126, 127, 128, 140, 141, 142, 143, 144, 145, 146, 147, 148
00387, 0, 1, 2, 3, 4, 5, 6, 7, 8, 20, 21, 22, 23, 24, 25, 26, 27, 28, 40, 41, 42, 43, 44, 45, 46, 47, 48, 60, 61, 62, 63, 64, 65, 66, 67, 68, 80, 81, 82, 83, 84, 85, 86, 87, 88, 100, 101, 102, 103, 104, 105, 106, 107, 108, 120, 121, 122, 123, 124, 125, 126, 127, 128, 140, 141, 142, 143, 144, 145, 146, 147, 148
00388, 0, 1, 2, 3, 4, 5, 6, 7, 8, 20, 21, 22, 23, 24, 25, 26, 27, 28, 40, 41, 42, 43, 44, 45, 46, 47, 48, 60, 61, 62, 63, 64, 65, 66, 67, 68, 80, 81, 82, 83, 84, 85, 86, 87, 88, 100, 101, 102, 103, 104, 105, 106, 107, 108, 120, 121, 122, 123, 124, 125, 126, 127, 128, 140, 141, 142, 143, 144, 145, 146, 147, 148
00389, 0, 1, 2, 3, 4, 5, 6, 7, 8, 20, 21, 22, 23, 24, 25, 26, 27, 28, 40, 41, 42, 43, 44, 45, 46, 47, 48, 60, 61, 62, 63, 64, 65, 66, 67, 68, 80, 81, 82, 83, 84, 85, 86, 87, 88, 100, 101, 102, 103, 104, 105, 106, 107, 108, 120, 121, 122, 123, 124, 125, 126, 127, 128, 140, 141, 142, 143, 144, 145, 146, 147, 148
00390, 0, 1, 2, 3, 4, 5, 6, 7, 8, 20, 21, 22, 23, 24, 25, 26, 27, 28, 40, 41, 42, 43, 44, 45, 46, 47, 48, 60, 61, 62, 63, 64, 65, 66, 67, 68, 80, 81, 82, 83, 84, 85, 86, 87, 88, 100, 101, 102, 103, 104, 105, 106, 107, 108, 120, 121, 122, 123, 124, 125, 126, 127, 128, 140, 141, 142, 143, 144, 145, 146, 147, 148
00391, 0, 1, 2, 3, 4, 5, 6, 7, 8, 20, 21, 22, 23, 24, 25, 26, 27, 28, 40, 41, 42, 43, 44, 45, 46, 47, 48, 60, 61, 62, 63, 64, 65, 66, 67, 68, 80, 81, 82, 83, 84, 85, 86, 87, 88, 100, 101, 102, 103, 104, 105, 106, 107, 108, 120, 121, 122, 123, 124, 125, 126, 127, 128, 140, 141, 142, 143, 144, 145, 146, 147, 148
00392, 0, 1, 2, 3, 4, 5, 6, 7, 8, 20, 21, 22, 23, 24, 25, 26, 27, 28, 40, 41, 42, 43, 44, 45, 46, 47, 48, 60, 61, 62, 63, 64, 65, 66, 67, 68, 80, 81, 82, 83, 84, 85, 86, 87, 88, 100, 101, 102, 103, 104, 105, 106, 107, 108, 120, 121, 122, 123, 124, 125, 126, 127, 128, 140, 141, 142, 143, 144, 145, 146, 147, 148
00393, 0, 1, 2, 3, 4, 5, 6, 7, 8, 20, 21, 22, 23, 24, 25, 26, 27, 28, 40, 41, 42, 43, 44, 45, 46, 47, 48, 60, 61, 62, 63, 64, 65, 66, 67, 68, 80, 81, 82, 83, 84, 85, 86, 87, 88, 100, 101, 102, 103, 104, 105, 106, 107, 108, 120, 121, 122, 123, 124, 125, 126, 127, 128, 140, 141, 142, 143, 144, 145, 146, 147, 148
00394, 0, 1, 2, 3, 4, 5, 6, 7, 8, 20, 21, 22, 23, 24, 25, 26, 27, 28, 40, 41, 42, 43, 44, 45, 46, 47, 48, 60, 61, 62, 63, 64, 65, 66, 67, 68, 80, 81, 82, 83, 84, 85, 86, 87, 88, 100, 101, 102, 103, 104, 105, 106, 107, 108, 120, 121, 122, 123, 124, 125, 126, 127, 128, 140, 141, 142, 143, 144, 145, 146, 147, 148
00395, 0, 1, 2, 3, 4, 5, 6, 7, 20, 21, 22, 23, 24, 25, 26, 27, 40, 41, 42, 43, 44, 45, 46, 47, 60, 61, 62, 63, 64, 65, 66, 67, 80, 81, 82, 83, 84, 85, 86, 87, 100, 101, 102, 103, 104, 105, 106, 107, 120, 121, 122, 123, 124, 125, 126, 127, 140, 141, 142, 143, 144, 145, 146, 147
00396, 0, 1, 2, 3, 4, 5, 6, 7, 20, 21, 22, 23, 24, 25, 26, 27, 40, 41, 42, 43, 44, 45, 46, 47, 60, 61, 62, 63, 64, 65, 66, 67, 80, 81, 82, 83, 84, 85, 86, 87, 100, 101, 102, 103, 104, 105, 106, 107, 120, 121, 122, 123, 124, 125, 126, 127, 140, 141, 142, 143, 144, 145, 146, 147
00397, 0, 1, 2, 3, 4, 5, 6, 7, 20, 21, 22, 23, 24, 25, 26, 27, 40, 41, 42, 43, 44, 45, 46, 47, 60, 61, 62, 63, 64, 65, 66, 67, 80, 81, 82, 83, 84, 85, 86, 87, 100, 101, 102, 103, 104, 105, 106, 107, 120, 121, 122, 123, 124, 125, 126, 127, 140, 141, 142, 143, 144, 145, 146, 147
00398, 0, 1, 2, 3, 4, 5, 6, 7, 20, 21, 22, 23, 24, 25, 26, 27, 40, 41, 42, 43, 44, 45, 46, 47, 60, 61, 62, 63, 64, 65, 66, 67, 80, 81, 82, 83, 84, 85, 86, 87, 100, 101, 102, 103, 104, 105, 106, 107, 120, 121, 122, 123, 124, 125, 126, 127, 140, 141, 142, 143, 144, 145, 146, 147
00399, 0, 1, 2, 3, 4, 5, 6, 7, 20, 21, 22, 23, 24, 25, 26, 27, 40, 41, 42, 43, 44, 45, 46, 47, 60, 61, 62, 63, 64, 65, 66, 67, 80, 81, 82, 83, 84, 85, 86, 87, 100, 101, 102, 103, 104, 105, 106, 107, 120, 121, 122, 123, 124, 125, 126, 127, 140, 141, 142, 143, 144, 145, 146, 147
00400, 0, 1, 2, 3, 4, 5, 6, 7, 20, 21, 22, 23, 24, 25, 26, 27, 40, 41, 42, 43, 44, 45, 46, 47, 60, 61, 62, 63, 64, 65, 66, 67, 80, 81, 82, 83, 84, 85, 86, 87, 100, 101, 102, 103, 104, 105, 106, 107, 120, 121, 122, 123, 124, 125, 126, 127, 140, 141, 142, 143, 144, 145, 146, 147
00401, 0, 1, 2, 3, 4, 5, 6, 7, 20, 21, 22, 23, 24, 25, 26, 27, 40, 41, 42, 43, 44, 45, 46, 47, 60, 61, 62, 63, 64, 65, 66, 67, 80, 81, 82, 83, 84, 85, 86, 87, 100, 101, 102, 103, 104, 105, 106, 107, 120, 121, 122, 123, 124, 125, 126, 127, 140, 141, 142, 143, 144, 145, 146, 147
00402, 0, 1, 2, 3, 4, 5, 6, 7, 20, 21, 22, 23, 24, 25, 26, 27, 40, 41, 42, 43, 44, 45, 46, 47, 60, 61, 62, 63, 64, 65, 66, 67, 80, 81, 82, 83, 84, 85, 86, 87, 100, 101, 102, 103, 104, 105, 106, 107, 120, 121, 122, 123, 124, 125, 126, 127, 140, 141, 142, 143, 144, 145, 146, 147
00403, 0, 1, 2, 3, 4, 5, 6, 7, 20, 21, 22, 23, 24, 25, 26, 27, 40, 41, 42, 43, 44, 45, 46, 47, 60, 61, 62, 63, 64, 65, 66, 67, 80, 81, 82, 83, 84, 85, 86, 87, 100, 101, 102, 103, 104, 105, 106, 107, 120, 121, 122, 123, 124, 125, 126, 127, 140, 141, 142, 143, 144, 145, 146, 147
00404, 0, 1, 2, 3, 4, 5, 6, 7, 20, 21, 22, 23, 24, 25, 26, 27, 40, 41, 42, 43, 44, 45, 46, 47, 60, 61, 62, 63, 64, 65, 66, 67, 80, 81, 82, 83, 84, 85, 86, 87, 100, 101, 102, 103, 104, 105, 106, 107, 120, 121, 122, 123, 124, 125, 126, 127, 140, 141, 142, 143, 144, 145, 146, 147
00405, 0, 1, 2, 3, 4, 5, 6, 7, 20, 21, 22, 23, 24, 25, 26, 27, 40, 41, 42, 43, 44, 45, 46, 47, 60, 61, 62, 63, 64, 65, 66, 67, 80, 81, 82, 83, 84, 85, 86, 87, 100, 101, 102, 103, 104, 105, 106, 107, 120, 121, 122, 123, 124, 125, 126, 127, 140, 141, 142, 143, 144, 145, 146, 147
00406, 0, 1, 2, 3, 4, 5, 6, 7, 20, 21, 22, 23, 24, 25, 26, 27, 40, 41, 42, 43, 44, 45, 46, 47, 60, 61, 62, 63, 64, 65, 66, 67, 80, 81, 82, 83, 84, 85, 86, 87, 100, 101, 102, 103, 104, 105, 106, 107, 120, 121, 122, 123, 124, 125, 126, 127, 140, 141, 142, 143, 144, 145, 146, 147
00407, 0, 1, 2, 3, 4, 5, 6, 7, 20, 21, 22, 23, 24, 25, 26, 27, 40, 41, 42, 43, 44, 45, 46, 47, 60, 61, 62, 63, 64, 65, 66, 67, 80, 81, 82, 83, 84, 85, 86, 87, 100, 101, 102, 103, 104, 105, 106, 107, 120, 121, 122, 123, 124, 125, 126, 127, 140, 141, 142, 143, 144, 145, 146, 147
00408, 0, 1, 2, 3, 4, 5, 6, 7, 20, 21, 22, 23, 24, 25, 26, 27, 40, 41, 42, 43, 44, 45, 46, 47, 60, 61, 62, 63, 64, 65, 66, 67, 80, 81, 82, 83, 84, 85, 86, 87, 100, 101, 102, 103, 104, 105, 106, 107, 120, 121, 122, 123, 124, 125, 126, 127, 140, 141, 142, 143, 144, 145, 146, 147
00409, 0, 1, 2, 3, 4, 5, 6, 7, 20, 21, 22, 23, 24, 25, 26, 27, 40, 41, 42, 43, 44, 45, 46, 47, 60, 61, 62, 63, 64, 65, 66, 67, 80, 81, 82, 83, 84, 85, 86, 87, 100, 101, 102, 103, 104, 105, 106, 107, 120, 121, 122, 123, 124, 125, 126, 127, 140, 141, 142, 143, 144, 145, 146, 147
00410, 0, 1, 2, 3, 4, 5, 6, 7, 20, 21, 22, 23, 24, 25, 26, 27, 40, 41, 42, 43, 44, 45, 46, 47, 60, 61, 62, 63, 64, 65, 66, 67, 80, 81, 82, 83, 84, 85, 86, 87, 100, 101, 102, 103, 104, 105, 106, 107, 120, 121, 122, 123, 124, 125, 126, 127, 140, 141, 142, 143, 144, 145, 146, 147
00411, 0, 1, 2, 3, 4, 5, 6, 7, 20, 21, 22, 23, 24, 25, 26, 27, 40, 41, 42, 43, 44, 45, 46, 47, 60, 61, 62, 63, 64, 65, 66, 67, 80, 81, 82, 83, 84, 85, 86, 87, 100, 101, 102, 103, 104, 105, 106, 107, 120, 121, 122, 123, 124, 125, 126, 127, 140, 141, 142, 143, 144, 145, 146, 147
00412, 0, 1, 2, 3, 4, 5, 6, 7, 20, 21, 22, 23, 24, 25, 26, 27, 40, 41, 42, 43, 44, 45, 46, 47, 60, 61, 62, 63, 64, 65, 66, 67, 80, 81, 82, 83, 84, 85, 86, 87, 100, 101, 102, 103, 104, 105, 106, 107, 120, 121, 122, 123, 124, 125, 126, 127, 140, 141, 142, 143, 144, 145, 146, 147
00413, 0, 1, 2, 3, 4, 5, 6, 7, 20, 21, 22, 23, 24, 25, 26, 27, 40, 41, 42, 43, 44, 45, 46, 47, 60, 61, 62, 63, 64, 65, 66, 67, 80, 81, 82, 83, 84, 85, 86, 87, 100, 101, 102, 103, 104, 105, 106, 107, 120, 121, 122, 123, 124, 125, 126, 127
00414, 0, 1, 2, 3, 4, 5, 6, 7, 20, 21, 22, 23, 24, 25, 26, 27, 40, 41, 42, 43, 44, 45, 46, 47, 60, 61, 62, 63, 64, 65, 66, 67, 80, 81, 82, 83, 84, 85, 86, 87, 100, 101, 102, 103, 104, 105, 106, 107, 120, 121, 122, 123, 124, 125, 126, 127
00415, 0, 1, 2, 3, 4, 5, 6, 7, 20, 21, 22, 23, 24, 25, 26, 27, 40, 41, 42, 43, 44, 45, 46, 47, 60, 61, 62, 63, 64, 65, 66, 67, 80, 81, 82, 83, 84, 85, 86, 87, 100, 101, 102, 103, 104, 105, 106, 107, 120, 121, 122, 123, 124, 125, 126, 127
00416, 0, 1, 2, 3, 4, 5, 6, 7, 20, 21, 22, 23, 24, 25, 26, 27, 40, 41, 42, 43, 44, 45, 46, 47, 60, 61, 62, 63, 64, 65, 66, 67, 80, 81, 82, 83, 84, 85, 86, 87, 100, 101, 102, 103, 104, 105, 106, 107, 120, 121, 122, 123, 124, 125, 126, 127
00417, 0, 1, 2, 3, 4, 5, 6, 7, 20, 21, 22, 23, 24, 25, 26, 27, 40, 41, 42, 43, 44, 45, 46, 47, 60, 61, 62, 63, 64, 65, 66, 67, 80, 81, 82, 83, 84, 85, 86, 87, 100, 101, 102, 103, 104, 105, 106, 107, 120, 121, 122, 123, 124, 125, 126, 127
00418, 0, 1, 2, 3, 4, 5, 6, 7, 20, 21, 22, 23, 24, 25, 26, 27, 40, 41, 42, 43, 44, 45, 46, 47, 60, 61, 62, 63, 64, 65, 66, 67, 80, 81, 82, 83, 84, 85, 86, 87, 100, 101, 102, 103, 104, 105, 106, 107, 120, 121, 122, 123, 124, 125, 126, 127
00419, 0, 1, 2, 3, 4, 5, 6, 7, 20, 21, 22, 23, 24, 25, 26, 27, 40, 41, 42, 43, 44, 45, 46, 47, 60, 61, 62, 63, 64, 65, 66, 67, 80, 81, 82, 83, 84, 85, 86, 87, 100, 101, 102, 103, 104, 105, 106, 107, 120, 121, 122, 123, 124, 125, 126, 127
00420, 0, 1, 2, 3, 4, 5, 6, 7, 20, 21, 22, 23, 24, 25, 26, 27, 40, 41, 42, 43, 44, 45, 46, 47, 60, 61, 62, 63, 64, 65, 66, 67, 80, 81, 82, 83, 84, 85, 86, 87, 100, 101, 102, 103, 104, 105, 106, 107, 120, 121, 122, 123, 124, 125, 126, 127
00421, 0, 1, 2, 3, 4, 5, 6, 7, 20, 21, 22, 23, 24, 25, 26, 27, 40, 41, 42, 43, 44, 45, 46, 47, 60, 61, 62, 63, 64, 65, 66, 67, 80, 81, 82, 83, 84, 85, 86, 87, 100, 101, 102, 103, 104, 105, 106, 107, 120, 121, 122, 123, 124, 125, 126, 127
00422, 0, 1, 2, 3, 4, 5, 6, 7, 20, 21, 22, 23, 24, 25, 26, 27, 40, 41, 42, 43, 44, 45, 46, 47, 60, 61, 62, 63, 64, 65, 66, 67, 80, 81, 82, 83, 84, 85, 86, 87, 100, 101, 102, 103, 104, 105, 106, 107, 120, 121, 122, 123, 124, 125, 126, 127
00423, 0, 1, 2, 3, 4, 5, 6, 7, 20, 21, 22, 23, 24, 25, 26, 27, 40, 41, 42, 43, 44, 45, 46, 47, 60, 61, 62, 63, 64, 65, 66, 67, 80, 81, 82, 83, 84, 85, 86, 87, 100, 101, 102, 103, 104, 105, 106, 107, 120, 121, 122, 123, 124, 125, 126, 127
00424, 0, 1, 2, 3, 4, 5, 6, 7, 20, 21, 22, 23, 24, 25, 26, 27, 40, 41, 42, 43, 44, 45, 46, 47, 60, 61, 62, 63, 64, 65, 66, 67, 80, 81, 82, 83, 84, 85, 86, 87, 100, 101, 102, 103, 104, 105, 106, 107, 120, 121, 122, 123, 124, 125, 126, 127
00425, 0, 1, 2, 3, 4, 5, 6, 7, 20, 21, 22, 23, 24, 25, 26, 27, 40, 41, 42, 43, 44, 45, 46, 47, 60, 61, 62, 63, 64, 65, 66, 67, 80, 81, 82, 83, 84, 85, 86, 87, 100, 101, 102, 103, 104, 105, 106, 107, 120, 121, 122, 123, 124, 125, 126, 127
00426, 0, 1, 2, 3, 4, 5, 6, 7, 20, 21, 22, 23, 24, 25, 26, 27, 40, 41, 42, 43, 44, 45, 46, 47, 60, 61, 62, 63, 64, 65, 66, 67, 80, 81, 82, 83, 84, 85, 86, 87, 100, 101, 102, 103, 104, 105, 106, 107, 120, 121, 122, 123, 124, 125, 126, 127
00427, 0, 1, 2, 3, 4, 5, 6, 7, 20, 21, 22, 23, 24, 25, 26, 27, 40, 41, 42, 43, 44, 45, 46, 47, 60, 61, 62, 63, 64, 65, 66, 67, 80, 81, 82, 83, 84, 85, 86, 87, 100, 101, 102, 103, 104, 105, 106, 107, 120, 121, 122, 123, 124, 125, 126, 127
00428, 0, 1, 2, 3, 4, 5, 6, 7, 20, 21, 22, 23, 24, 25, 26, 27, 40, 41, 42, 43, 44, 45, 46, 47, 60, 61, 62, 63, 64, 65, 66, 67, 80, 81, 82, 83, 84, 85, 86, 87, 100, 101, 102, 103, 104, 105, 106, 107, 120, 121, 122, 123, 124, 125, 126, 127
00429, 0, 1, 2, 3, 4, 5, 6, 7, 20, 21, 22, 23, 24, 25, 26, 27, 40, 41, 42, 43, 44, 45, 46, 47, 60, 61, 62, 63, 64, 65, 66, 67, 80, 81, 82, 83, 84, 85, 86, 87, 100, 101, 102, 103, 104, 105, 106, 107, 120, 121, 122, 123, 124, 125, 126, 127
00430, 0, 1, 2, 3, 4, 5, 6, 7, 20, 21, 22, 23, 24, 25, 26, 27, 40, 41, 42, 43, 44, 45, 46, 47, 60, 61, 62, 63, 64, 65, 66, 67, 80, 81, 82, 83, 84, 85, 86, 87, 100, 101, 102, 103, 104, 105, 106, 107, 120, 121, 122, 123, 124, 125, 126, 127
00431, 0, 1, 2, 3, 4, 5, 6, 20, 21, 22, 23, 24, 25, 26, 40, 41, 42, 43, 44, 45, 46, 60, 61, 62, 63, 64, 65, 66, 80, 81, 82, 83, 84, 85, 86, 100, 101, 102, 103, 104, 105, 106, 120, 121, 122, 123, 124, 125, 126
00432, 0, 1, 2, 3, 4, 5, 6, 20, 21, 22, 23, 24, 25, 26, 40, 41, 42, 43, 44, 45, 46, 60, 61, 62, 63, 64, 65, 66, 80, 81, 82, 83, 84, 85, 86, 100, 101, 102, 103, 104, 105, 106, 120, 121, 122, 123, 124, 125, 126
00433, 0, 1, 2, 3, 4, 5, 6, 20, 21, 22, 23, 24, 25, 26, 40, 41, 42, 43, 44, 45, 46, 60, 61, 62, 63, 64, 65, 66, 80, 81, 82, 83, 84, 85, 86, 100, 101, 102, 103, 104, 105, 106, 120, 121, 122, 123, 124, 125, 126
00434, 0, 1, 2, 3, 4, 5, 6, 20, 21, 22, 23, 24, 25, 26, 40, 41, 42, 43, 44, 45, 46, 60, 61, 62, 63, 64, 65, 66, 80, 81, 82, 83, 84, 85, 86, 100, 101, 102, 103, 104, 105, 106, 120, 121, 122, 123, 124, 125, 126
00435, 0, 1, 2, 3, 4, 5, 6, 20, 21, 22, 23, 24, 25, 26, 40, 41, 42, 43, 44, 45, 46, 60, 61, 62, 63, 64, 65, 66, 80, 81, 82, 83, 84, 85, 86, 100, 101, 102, 103, 104, 105, 106, 120, 121, 122, 123, 124, 125, 126
00436, 0, 1, 2, 3, 4, 5, 6, 20, 21, 22, 23, 24, 25, 26, 40, 41, 42, 43, 44, 45, 46, 60, 61, 62, 63, 64, 65, 66, 80, 81, 82, 83, 84, 85, 86, 100, 101, 102, 103, 104, 105, 106, 120, 121, 122, 123, 124, 125, 126
00437, 0, 1, 2, 3, 4, 5, 6, 20, 21, 22, 23, 24, 25, 26, 40, 41, 42, 43, 44, 45, 46, 60, 61, 62, 63, 64, 65, 66, 80, 81, 82, 83, 84, 85, 86, 100, 101, 102, 103, 104, 105, 106, 120, 121, 122, 123, 124, 125, 126
00438, 0, 1, 2, 3, 4, 5, 6, 20, 21, 22, 23, 24, 25, 26, 40, 41, 42, 43, 44, 45, 46, 60, 61, 62, 63, 64, 65, 66, 80, 81, 82, 83, 84, 85, 86, 100, 101, 102, 103, 104, 105, 106, 120, 121, 122, 123, 124, 125, 126
00439, 0, 1, 2, 3, 4, 5, 6, 20, 21, 22, 23, 24, 25, 26, 40, 41, 42, 43, 44, 45, 46, 60, 61, 62, 63, 64, 65, 66, 80, 81, 82, 83, 84, 85, 86, 100, 101, 102, 103, 104, 105, 106, 120, 121, 122, 123, 124, 125, 126
00440, 0, 1, 2, 3, 4, 5, 6, 20, 21, 22, 23, 24, 25, 26, 40, 41, 42, 43, 44, 45, 46, 60, 61, 62, 63, 64, 65, 66, 80, 81, 82, 83, 84, 85, 86, 100, 101, 102, 103, 104, 105, 106, 120, 121, 122, 123, 124, 125, 126
00441, 0, 1, 2, 3, 4, 5, 6, 20, 21, 22, 23, 24, 25, 26, 40, 41, 42, 43, 44, 45, 46, 60, 61, 62, 63, 64, 65, 66, 80, 81, 82, 83, 84, 85, 86, 100, 101, 102, 103, 104, 105, 106, 120, 121, 122, 123, 124, 125, 126
00442, 0, 1, 2, 3, 4, 5, 6, 20, 21, 22, 23, 24, 25, 26, 40, 41, 42, 43, 44, 45, 46, 60, 61, 62, 63, 64, 65, 66, 80, 81, 82, 83, 84, 85, 86, 100, 101, 102, 103, 104, 105, 106, 120, 121, 122, 123, 124, 125, 126
00443, 0, 1, 2, 3, 4, 5, 6, 20, 21, 22, 23, 24, 25, 26, 40, 41, 42, 43, 44, 45, 46, 60, 61, 62, 63, 64, 65, 66, 80, 81, 82, 83, 84, 85, 86, 100, 101, 102, 103, 104, 105, 106, 120, 121, 122, 123, 124, 125, 126
00444, 0, 1, 2, 3, 4, 5, 6, 20, 21, 22, 23, 24, 25, 26, 40, 41, 42, 43, 44, 45, 46, 60, 61, 62, 63, 64, 65, 66, 80, 81, 82, 83, 84, 85, 86, 100, 101, 102, 103, 104, 105, 106, 120, 121, 122, 123, 124, 125, 126
00445, 0, 1, 2, 3, 4, 5, 6, 20, 21, 22, 23, 24, 25, 26, 40, 41, 42, 43, 44, 45, 46, 60, 61, 62, 63, 64, 65, 66, 80, 81, 82, 83, 84, 85, 86, 100, 101, 102, 103, 104, 105, 106, 120, 121, 122, 123, 124, 125, 126
00446, 0, 1, 2, 3, 4, 5, 6, 20, 21, 22, 23, 24, 25, 26, 40, 41, 42, 43, 44, 45, 46, 60, 61, 62, 63, 64, 65, 66, 80, 81, 82, 83, 84, 85, 86, 100, 101, 102, 103, 104, 105, 106, 120, 121, 122, 123, 124, 125, 126
00447, 0, 1, 2, 3, 4, 5, 6, 20, 21, 22, 23, 24, 25, 26, 40, 41, 42, 43, 44, 45, 46, 60, 61, 62, 63, 64, 65, 66, 80, 81, 82, 83, 84, 85, 86, 100, 101, 102, 103, 104, 105, 106, 120, 121, 122, 123, 124, 125, 126
00448, 0, 1, 2, 3, 4, 5, 6, 20, 21, 22, 23, 24, 25, 26, 40, 41, 42, 43, 44, 45, 46, 60, 61, 62, 63, 64, 65, 66, 80, 81, 82, 83, 84, 85, 86, 100, 101, 102, 103, 104, 105, 106, 120, 121, 122, 123, 124, 125, 126
00449, 0, 1, 2, 3, 4, 5, 6, 20, 21, 22, 23, 24, 25, 26, 40, 41, 42, 43, 44, 45, 46, 60, 61, 62, 63, 64, 65, 66, 80, 81, 82, 83, 84, 85, 86, 100, 101, 102, 103, 104, 105, 106, 120, 121, 122, 123, 124, 125, 126
00450, 0, 1, 2, 3, 4, 5, 6, 20, 21, 22, 23, 24, 25, 26, 40, 41, 42, 43, 44, 45, 46, 60, 61, 62, 63, 64, 65, 66, 80, 81, 82, 83, 84, 85, 86, 100, 101, 102, 103, 104, 105, 106, 120, 121, 122, 123, 124, 125, 126
00451, 0, 1, 2, 3, 4, 5, 6, 20, 21, 22, 23, 24, 25, 26, 40, 41, 42, 43, 44, 45, 46, 60, 61, 62, 63, 64, 65, 66, 80, 81, 82, 83, 84, 85, 86, 100, 101, 102, 103, 104, 105, 106, 120, 121, 122, 123, 124, 125, 126
00452, 0, 1, 2, 3, 4, 5, 6, 20, 21, 22, 23, 24, 25, 26, 40, 41, 42, 43, 44, 45, 46, 60, 61, 62, 63, 64, 65, 66, 80, 81, 82, 83, 84, 85, 86, 100, 101, 102, 103, 104, 105, 106, 120, 121, 122, 123, 124, 125, 126
00453, 0, 1, 2, 3, 4, 5, 6, 20, 21, 22, 23, 24, 25, 26, 40, 41, 42, 43, 44, 45, 46, 60, 61, 62, 63, 64, 65, 66, 80, 81, 82, 83, 84, 85, 86, 100, 101, 102, 103, 104, 105, 106, 120, 121, 122, 123, 124, 125, 126
00454, 0, 1, 2, 3, 4, 5, 6, 20, 21, 22, 23, 24, 25, 26, 40, 41, 42, 43, 44, 45, 46, 60, 61, 62, 63, 64, 65, 66, 80, 81, 82, 83, 84, 85, 86, 100, 101, 102, 103, 104, 105, 106, 120, 121, 122, 123, 124, 125, 126
00455, 0, 1, 2, 3, 4, 5, 6, 20, 21, 22, 23, 24, 25, 26, 40, 41, 42, 43, 44, 45, 46, 60, 61, 62, 63, 64, 65, 66, 80, 81, 82, 83, 84, 85, 86, 100, 101, 102, 103, 104, 105, 106, 120, 121, 122, 123, 124, 125, 126
00456, 0, 1, 2, 3, 4, 5, 6, 20, 21, 22, 23, 24, 25, 26, 40, 41, 42, 43, 44, 45, 46, 60, 61, 62, 63, 64, 65, 66, 80, 81, 82, 83, 84, 85, 86, 100, 101, 102, 103, 104, 105, 106, 120, 121, 122, 123, 124, 125, 126
00457, 0, 1, 2, 3, 4, 5, 6, 20, 21, 22, 23, 24, 25, 26, 40, 41, 42, 43, 44, 45, 46, 60, 61, 62, 63, 64, 65, 66, 80, 81, 82, 83, 84, 85, 86, 100, 101, 102, 103, 104, 105, 106, 120, 121, 122, 123, 124, 125, 126
00458, 0, 1, 2, 3, 4, 5, 6, 20, 21, 22, 23, 24, 25, 26, 40, 41, 42, 43, 44, 45, 46, 60, 61, 62, 63, 64, 65, 66, 80, 81, 82, 83, 84, 85, 86, 100, 101, 102, 103, 104, 105, 106, 120, 121, 122, 123, 124, 125, 126
00459, 0, 1, 2, 3, 4, 5, 6, 20, 21, 22, 23, 24, 25, 26, 40, 41, 42, 43, 44, 45, 46, 60, 61, 62, 63, 64, 65, 66, 80, 81, 82, 83, 84, 85, 86, 100, 101, 102, 103, 104, 105, 106, 120, 121, 122, 123, 124, 125, 126
00460, 0, 1, 2, 3, 4, 5, 6, 20, 21, 22, 23, 24, 25, 26, 40, 41, 42, 43, 44, 45, 46, 60, 61, 62, 63, 64, 65, 66, 80, 81, 82, 83, 84, 85, 86, 100, 101, 102, 103, 104, 105, 106, 120, 121, 122, 123, 124, 125, 126
00461, 0, 1, 2, 3, 4, 5, 6, 20, 21, 22, 23, 24, 25, 26, 40, 41, 42, 43, 44, 45, 46, 60, 61, 62, 63, 64, 65, 66, 80, 81, 82, 83, 84, 85, 86, 100, 101, 102, 103, 104, 105, 106, 120, 121, 122, 123, 124, 125, 126
00462, 0, 1, 2, 3, 4, 5, 6, 20, 21, 22, 23, 24, 25, 26, 40, 41, 42, 43, 44, 45, 46, 60, 61, 62, 63, 64, 65, 66, 80, 81, 82, 83, 84, 85, 86, 100, 101, 102, 103, 104, 105, 106, 120, 121, 122, 123, 124, 125, 126
00463, 0, 1, 2, 3, 4, 5, 6, 20, 21, 22, 23, 24, 25, 26, 40, 41, 42, 43, 44, 45, 46, 60, 61, 62, 63, 64, 65, 66, 80, 81, 82, 83, 84, 85, 86, 100, 101, 102, 103, 104, 105, 106, 120, 121, 122, 123, 124, 125, 126
00464, 0, 1, 2, 3, 4, 5, 6, 20, 21, 22, 23, 24, 25, 26, 40, 41, 42, 43, 44, 45, 46, 60, 61, 62, 63, 64, 65, 66, 80, 81, 82, 83, 84, 85, 86, 100, 101, 102, 103, 104, 105, 106, 120, 121, 122, 123, 124, 125, 126
00465, 0, 1, 2, 3, 4, 5, 6, 20, 21, 22, 23, 24, 25, 26, 40, 41, 42, 43, 44, 45, 46, 60, 61, 62, 63, 64, 65, 66, 80, 81, 82, 83, 84, 85, 86, 100, 101, 102, 103, 104, 105, 106, 120, 121, 122, 123, 124, 125, 126
00466, 0, 1, 2, 3, 4, 5, 6, 20, 21, 22, 23, 24, 25, 26, 40, 41, 42, 43, 44, 45, 46, 60, 61, 62, 63, 64, 65, 66, 80, 81, 82, 83, 84, 85, 86, 100, 101, 102, 103, 104, 105, 106, 120, 121, 122, 123, 124, 125, 126
00467, 0, 1, 2, 3, 4, 5, 6, 20, 21, 22, 23, 24, 25, 26, 40, 41, 42, 43, 44, 45, 46, 60, 61, 62, 63, 64, 65, 66, 80, 81, 82, 83, 84, 85, 86, 100, 101, 102, 103, 104, 105, 106, 120, 121, 122, 123, 124, 125, 126
00468, 0, 1, 2, 3, 4, 5, 6, 20, 21, 22, 23, 24, 25, 26, 40, 41, 42, 43, 44, 45, 46, 60, 61, 62, 63, 64, 65, 66, 80, 81, 82, 83, 84, 85, 86, 100, 101, 102, 103, 104, 105, 106, 120, 121, 122, 123, 124, 125, 126
00469, 0, 1, 2, 3, 4, 5, 6, 20, 21, 22, 23, 24, 25, 26, 40, 41, 42, 43, 44, 45, 46, 60, 61, 62, 63, 64, 65, 66, 80, 81, 82, 83, 84, 85, 86, 100, 101, 102, 103, 104, 105, 106, 120, 121, 122, 123, 124, 125, 126
00470, 0, 1, 2, 3, 4, 5, 6, 20, 21, 22, 23, 24, 25, 26, 40, 41, 42, 43, 44, 45, 46, 60, 61, 62, 63, 64, 65, 66, 80, 81, 82, 83, 84, 85, 86, 100, 101, 102, 103, 104, 105, 106, 120, 121, 122, 123, 124, 125, 126
00471, 0, 1, 2, 3, 4, 5, 6, 20, 21, 22, 23, 24, 25, 26, 40, 41, 42, 43, 44, 45, 46, 60, 61, 62, 63, 64, 65, 66, 80, 81, 82, 83, 84, 85, 86, 100, 101, 102, 103, 104, 105, 106, 120, 121, 122, 123, 124, 125, 126
00472, 0, 1, 2, 3, 4, 5, 6, 7, 20, 21, 22, 23, 24, 25, 26, 27, 40, 41, 42, 43, 44, 45, 46, 47, 60, 61, 62, 63, 64, 65, 66, 67, 80, 81, 82, 83, 84, 85, 86, 87, 100, 101, 102, 103, 104, 105, 106, 107, 120, 121, 122, 123, 124, 125, 126, 127
00473, 0, 1, 2, 3, 4, 5, 6, 7, 20, 21, 22, 23, 24, 25, 26, 27, 40, 41, 42, 43, 44, 45, 46, 47, 60, 61, 62, 63, 64, 65, 66, 67, 80, 81, 82, 83, 84, 85, 86, 87, 100, 101, 102, 103, 104, 105, 106, 107, 120, 121, 122, 123, 124, 125, 126, 127
00474, 0, 1, 2, 3, 4, 5, 6, 7, 20, 21, 22, 23, 24, 25, 26, 27, 40, 41, 42, 43, 44, 45, 46, 47, 60, 61, 62, 63, 64, 65, 66, 67, 80, 81, 82, 83, 84, 85, 86, 87, 100, 101, 102, 103, 104, 105, 106, 107, 120, 121, 122, 123, 124, 125, 126, 127
00475, 0, 1, 2, 3, 4, 5, 6, 7, 20, 21, 22, 23, 24, 25, 26, 27, 40, 41, 42, 43, 44, 45, 46, 47, 60, 61, 62, 63, 64, 65, 66, 67, 80, 81, 82, 83, 84, 85, 86, 87, 100, 101, 102, 103, 104, 105, 106, 107, 120, 121, 122, 123, 124, 125, 126, 127
00476, 0, 1, 2, 3, 4, 5, 6, 7, 20, 21, 22, 23, 24, 25, 26, 27, 40, 41, 42, 43, 44, 45, 46, 47, 60, 61, 62, 63, 64, 65, 66, 67, 80, 81, 82, 83, 84, 85, 86, 87, 100, 101, 102, 103, 104, 105, 106, 107, 120, 121, 122, 123, 124, 125, 126, 127
00477, 0, 1, 2, 3, 4, 5, 6, 7, 20, 21, 22, 23, 24, 25, 26, 27, 40, 41, 42, 43, 44, 45, 46, 47, 60, 61, 62, 63, 64, 65, 66, 67, 80, 81, 82, 83, 84, 85, 86, 87, 100, 101, 102, 103, 104, 105, 106, 107, 120, 121, 122, 123, 124, 125, 126, 127
00478, 0, 1, 2, 3, 4, 5, 6, 7, 20, 21, 22, 23, 24, 25, 26, 27, 40, 41, 42, 43, 44, 45, 46, 47, 60, 61, 62, 63, 64, 65, 66, 67, 80, 81, 82, 83, 84, 85, 86, 87, 100, 101, 102, 103, 104, 105, 106, 107, 120, 121, 122, 123, 124, 125, 126, 127
00479, 0, 1, 2, 3, 4, 5, 6, 7, 20, 21, 22, 23, 24, 25, 26, 27, 40, 41, 42, 43, 44, 45, 46, 47, 60, 61, 62, 63, 64, 65, 66, 67, 80, 81, 82, 83, 84, 85, 86, 87, 100, 101, 102, 103, 104, 105, 106, 107, 120, 121, 122, 123, 124, 125, 126, 127
00480, 0, 1, 2, 3, 4, 5, 6, 7, 20, 21, 22, 23, 24, 25, 26, 27, 40, 41, 42, 43, 44, 45, 46, 47, 60, 61, 62, 63, 64, 65, 66, 67, 80, 81, 82, 83, 84, 85, 86, 87, 100, 101, 102, 103, 104, 105, 106, 107, 120, 121, 122, 123, 124, 125, 126, 127
00481, 0, 1, 2, 3, 4, 5, 6, 7, 20, 21, 22, 23, 24, 25, 26, 27, 40, 41, 42, 43, 44, 45, 46, 47, 60, 61, 62, 63, 64, 65, 66, 67, 80, 81, 82, 83, 84, 85, 86, 87, 100, 101, 102, 103, 104, 105, 106, 107, 120, 121, 122, 123, 124, 125, 126, 127
00482, 0, 1, 2, 3, 4, 5, 6, 7, 20, 21, 22, 23, 24, 25, 26, 27, 40, 41, 42, 43, 44, 45, 46, 47, 60, 61, 62, 63, 64, 65, 66, 67, 80, 81, 82, 83, 84, 85, 86, 87, 100, 101, 102, 103, 104, 105, 106, 107, 120, 121, 122, 123, 124, 125, 126, 127
00483, 0, 1, 2, 3, 4, 5, 6, 7, 20, 21, 22, 23, 24, 25, 26, 27, 40, 41, 42, 43, 44, 45, 46, 47, 60, 61, 62, 63, 64, 65, 66, 67, 80, 81, 82, 83, 84, 85, 86, 87, 100, 101, 102, 103, 104, 105, 106, 107, 120, 121, 122, 123, 124, 125, 126, 127
00484, 0, 1, 2, 3, 4, 5, 6, 7, 20, 21, 22, 23, 24, 25, 26, 27, 40, 41, 42, 43, 44, 45, 46, 47, 60, 61, 62, 63, 64, 65, 66, 67, 80, 81, 82, 83, 84, 85, 86, 87, 100, 101, 102, 103, 104, 105, 106, 107, 120, 121, 122, 123, 124, 125, 126, 127
00485, 0, 1, 2, 3, 4, 5, 6, 7, 20, 21, 22, 23, 24, 25, 26, 27, 40, 41, 42, 43, 44, 45, 46, 47, 60, 61, 62, 63, 64, 65, 66, 67, 80, 81, 82, 83, 84, 85, 86, 87, 100, 101, 102, 103, 104, 105, 106, 107, 120, 121, 122, 123, 124, 125, 126, 127
00486, 0, 1, 2, 3, 4, 5, 6, 7, 20, 21, 22, 23, 24, 25, 26, 27, 40, 41, 42, 43, 44, 45, 46, 47, 60, 61, 62, 63, 64, 65, 66, 67, 80, 81, 82, 83, 84, 85, 86, 87, 100, 101, 102, 103, 104, 105, 106, 107, 120, 121, 122, 123, 124, 125, 126, 127
00487, 0, 1, 2, 3, 4, 5, 6, 7, 20, 21, 22, 23, 24, 25, 26, 27, 40, 41, 42, 43, 44, 45, 46, 47, 60, 61, 62, 63, 64, 65, 66, 67, 80, 81, 82, 83, 84, 85, 86, 87, 100, 101, 102, 103, 104, 105, 106, 107, 120, 121, 122, 123, 124, 125, 126, 127
00488, 0, 1, 2, 3, 4, 5, 6, 7, 20, 21, 22, 23, 24, 25, 26, 27, 40, 41, 42, 43, 44, 45, 46, 47, 60, 61, 62, 63, 64, 65, 66, 67, 80, 81, 82, 83, 84, 85, 86, 87, 100, 101, 102, 103, 104, 105, 106, 107, 120, 121, 122, 123, 124, 125, 126, 127
00489, 0, 1, 2, 3, 4, 5, 6, 7, 20, 21, 22, 23, 24, 25, 26, 27, 40, 41, 42, 43, 44, 45, 46, 47, 60, 61, 62, 63, 64, 65, 66, 67, 80, 81, 82, 83, 84, 85, 86, 87, 100, 101, 102, 103, 104, 105, 106, 107, 120, 121, 122, 123, 124, 125, 126, 127
00490, 0, 1, 2, 3, 4, 5, 6, 7, 20, 21, 22, 23, 24, 25, 26, 27, 40, 41, 42, 43, 44, 45, 46, 47, 60, 61, 62, 63, 64, 65, 66, 67, 80, 81, 82, 83, 84, 85, 86, 87, 100, 101, 102, 103, 104, 105, 106, 107, 120, 121, 122, 123, 124, 125, 126, 127
00491, 0, 1, 2, 3, 4, 5, 6, 7, 20, 21, 22, 23, 24, 25, 26, 27, 40, 41, 42, 43, 44, 45, 46, 47, 60, 61, 62, 63, 64, 65, 66, 67, 80, 81, 82, 83, 84, 85, 86, 87, 100, 101, 102, 103, 104, 105, 106, 107, 120, 121, 122, 123, 124, 125, 126, 127
00492, 0, 1, 2, 3, 4, 5, 6, 7, 20, 21, 22, 23, 24, 25, 26, 27, 40, 41, 42, 43, 44, 45, 46, 47, 60, 61, 62, 63, 64, 65, 66, 67, 80, 81, 82, 83, 84, 85, 86, 87, 100, 101, 102, 103, 104, 105, 106, 107, 120, 121, 122, 123, 124, 125, 126, 127
00493, 0, 1, 2, 3, 4, 5, 6, 7, 20, 21, 22, 23, 24, 25, 26, 27, 40, 41, 42, 43, 44, 45, 46, 47, 60, 61, 62, 63, 64, 65, 66, 67, 80, 81, 82, 83, 84, 85, 86, 87, 100, 101, 102, 103, 104, 105, 106, 107, 120, 121, 122, 123, 124, 125, 126, 127
00494, 0, 1, 2, 3, 4, 5, 6, 7, 20, 21, 22, 23, 24, 25, 26, 27, 40, 41, 42, 43, 44, 45, 46, 47, 60, 61, 62, 63, 64, 65, 66, 67, 80, 81, 82, 83, 84, 85, 86, 87, 100, 101, 102, 103, 104, 105, 106, 107, 120, 121, 122, 123, 124, 125, 126, 127
00495, 0, 1, 2, 3, 4, 5, 6, 7, 20, 21, 22, 23, 24, 25, 26, 27, 40, 41, 42, 43, 44, 45, 46, 47, 60, 61, 62, 63, 64, 65, 66, 67, 80, 81, 82, 83, 84, 85, 86, 87, 100, 101, 102, 103, 104, 105, 106, 107, 120, 121, 122, 123, 124, 125, 126, 127
00496, 0, 1, 2, 3, 4, 5, 6, 7, 20, 21, 22, 23, 24, 25, 26, 27, 40, 41, 42, 43, 44, 45, 46, 47, 60, 61, 62, 63, 64, 65, 66, 67, 80, 81, 82, 83, 84, 85, 86, 87, 100, 101, 102, 103, 104, 105, 106, 107, 120, 121, 122, 123, 124, 125, 126, 127
00497, 0, 1, 2, 3, 4, 5, 6, 7, 20, 21, 22, 23, 24, 25, 26, 27, 40, 41, 42, 43, 44, 45, 46, 47, 60, 61, 62, 63, 64, 65, 66, 67, 80, 81, 82, 83, 84, 85, 86, 87, 100, 101, 102, 103, 104, 105, 106, 107, 120, 121, 122, 123, 124, 125, 126, 127
00498, 0, 1, 2, 3, 4, 5, 6, 7, 20, 21, 22, 23, 24, 25, 26, 27, 40, 41, 42, 43, 44, 45, 46, 47, 60, 61, 62, 63, 64, 65, 66, 67, 80, 81, 82, 83, 84, 85, 86, 87, 100, 101, 102, 103, 104, 105, 106, 107, 120, 121, 122, 123, 124, 125, 126, 127
00499, 0, 1, 2, 3, 4, 5, 6, 7, 20, 21, 22, 23, 24, 25, 26, 27, 40, 41, 42, 43, 44, 45, 46, 47, 60, 61, 62, 63, 64, 65, 66, 67, 80, 81, 82, 83, 84, 85, 86, 87, 100, 101, 102, 103, 104, 105, 106, 107, 120, 121, 122, 123, 124, 125, 126, 127
00500, 0, 1, 2, 3, 4, 5, 6, 7, 20, 21, 22, 23, 24, 25, 26, 27, 40, 41, 42, 43, 44, 45, 46, 47, 60, 61, 62, 63, 64, 65, 66, 67, 80, 81, 82, 83, 84, 85, 86, 87, 100, 101, 102, 103, 104, 105, 106, 107, 120, 121, 122, 123, 124, 125, 126, 127
00501, 0, 1, 2, 3, 4, 5, 6, 7, 20, 21, 22, 23, 24, 25, 26, 27, 40, 41, 42, 43, 44, 45, 46, 47, 60, 61, 62, 63, 64, 65, 66, 67, 80, 81, 82, 83, 84, 85, 86, 87, 100, 101, 102, 103, 104, 105, 106, 107, 120, 121, 122, 123, 124, 125, 126, 127
00502, 0, 1, 2, 3, 4, 5, 6, 7, 20, 21, 22, 23, 24, 25, 26, 27, 40, 41, 42, 43, 44, 45, 46, 47, 60, 61, 62, 63, 64, 65, 66, 67, 80, 81, 82, 83, 84, 85, 86, 87, 100, 101, 102, 103, 104, 105, 106, 107, 120, 121, 122, 123, 124, 125, 126, 127
00503, 0, 1, 2, 3, 4, 5, 6, 7, 20, 21, 22, 23, 24, 25, 26, 27, 40, 41, 42, 43, 44, 45, 46, 47, 60, 61, 62, 63, 64, 65, 66, 67, 80, 81, 82, 83, 84, 85, 86, 87, 100, 101, 102, 103, 104, 105, 106, 107, 120, 121, 122, 123, 124, 125, 126, 127
00504, 0, 1, 2, 3, 4, 5, 6, 7, 20, 21, 22, 23, 24, 25, 26, 27, 40, 41, 42, 43, 44, 45, 46, 47, 60, 61, 62, 63, 64, 65, 66, 67, 80, 81, 82, 83, 84, 85, 86, 87, 100, 101, 102, 103, 104, 105, 106, 107, 120, 121, 122, 123, 124, 125, 126, 127
00505, 0, 1, 2, 3, 4, 5, 6, 7, 20, 21, 22, 23, 24, 25, 26, 27, 40, 41, 42, 43, 44, 45, 46, 47, 60, 61, 62, 63, 64, 65, 66, 67, 80, 81, 82, 83, 84, 85, 86, 87, 100, 101, 102, 103, 104, 105, 106, 107, 120, 121, 122, 123, 124, 125, 126, 127
00506, 0, 1, 2, 3, 4, 5, 6, 7, 20, 21, 22, 23, 24, 25, 26, 27, 40, 41, 42, 43, 44, 45, 46, 47, 60, 61, 62, 63, 64, 65, 66, 67, 80, 81, 82, 83, 84, 85, 86, 87, 100, 101, 102, 103, 104, 105, 106, 107, 120, 121, 122, 123, 124, 125, 126, 127
00507, 0, 1, 2, 3, 4, 5, 6, 7, 20, 21, 22, 23, 24, 25, 26, 27, 40, 41, 42, 43, 44, 45, 46, 47, 60, 61, 62, 63, 64, 65, 66, 67, 80, 81, 82, 83, 84, 85, 86, 87, 100, 101, 102, 103, 104, 105, 106, 107, 120, 121, 122, 123, 124, 125, 126, 127
00508, 0, 1, 2, 3, 4, 5, 6, 7, 20, 21, 22, 23, 24, 25, 26, 27, 40, 41, 42, 43, 44, 45, 46, 47, 60, 61, 62, 63, 64, 65, 66, 67, 80, 81, 82, 83, 84, 85, 86, 87, 100, 101, 102, 103, 104, 105, 106, 107, 120, 121, 122, 123, 124, 125, 126, 127
00509, 0, 1, 2, 3, 4, 5, 6, 7, 8, 20, 21, 22, 23, 24, 25, 26, 27, 28, 40, 41, 42, 43, 44, 45, 46, 47, 48, 60, 61, 62, 63, 64, 65, 66, 67, 68, 80, 81, 82, 83, 84, 85, 86, 87, 88, 100, 101, 102, 103, 104, 105, 106, 107, 108, 120, 121, 122, 123, 124, 125, 126, 127, 128
00510, 0, 1, 2, 3, 4, 5, 6, 7, 8, 20, 21, 22, 23, 24, 25, 26, 27, 28, 40, 41, 42, 43, 44, 45, 46, 47, 48, 60, 61, 62, 63, 64, 65, 66, 67, 68, 80, 81, 82, 83, 84, 85, 86, 87, 88, 100, 101, 102, 103, 104, 105, 106, 107, 108, 120, 121, 122, 123, 124, 125, 126, 127, 128
00511, 0, 1, 2, 3, 4, 5, 6, 7, 8, 20, 21, 22, 23, 24, 25, 26, 27, 28, 40, 41, 42, 43, 44, 45, 46, 47, 48, 60, 61, 62, 63, 64, 65, 66, 67, 68, 80, 81, 82, 83, 84, 85, 86, 87, 88, 100, 101, 102, 103, 104, 105, 106, 107, 108, 120, 121, 122, 123, 124, 125, 126, 127, 128
00512, 0, 1, 2, 3, 4, 5, 6, 7, 8, 20, 21, 22, 23, 24, 25, 26, 27, 28, 40, 41, 42, 43, 44, 45, 46, 47, 48, 60, 61, 62, 63, 64, 65, 66, 67, 68, 80, 81, 82, 83, 84, 85, 86, 87, 88, 100, 101, 102, 103, 104, 105, 106, 107, 108, 120, 121, 122, 123, 124, 125, 126, 127, 128
00513, 0, 1, 2, 3, 4, 5, 6, 7, 8, 20, 21, 22, 23, 24, 25, 26, 27, 28, 40, 41, 42, 43, 44, 45, 46, 47, 48, 60, 61, 62, 63, 64, 65, 66, 67, 68, 80, 81, 82, 83, 84, 85, 86, 87, 88, 100, 101, 102, 103, 104, 105, 106, 107, 108, 120, 121, 122, 123, 124, 125, 126, 127, 128
00514, 0, 1, 2, 3, 4, 5, 6, 7, 8, 20, 21, 22, 23, 24, 25, 26, 27, 28, 40, 41, 42, 43, 44, 45, 46, 47, 48, 60, 61, 62, 63, 64, 65, 66, 67, 68, 80, 81, 82, 83, 84, 85, 86, 87, 88, 100, 101, 102, 103, 104, 105, 106, 107, 108, 120, 121, 122, 123, 124, 125, 126, 127, 128
00515, 0, 1, 2, 3, 4, 5, 6, 7, 8, 20, 21, 22, 23, 24, 25, 26, 27, 28, 40, 41, 42, 43, 44, 45, 46, 47, 48, 60, 61, 62, 63, 64, 65, 66, 67, 68, 80, 81, 82, 83, 84, 85, 86, 87, 88, 100, 101, 102, 103, 104, 105, 106, 107, 108, 120, 121, 122, 123, 124, 125, 126, 127, 128
00516, 0, 1, 2, 3, 4, 5, 6, 7, 8, 20, 21, 22, 23, 24, 25, 26, 27, 28, 40, 41, 42, 43, 44, 45, 46, 47, 48, 60, 61, 62, 63, 64, 65, 66, 67, 68, 80, 81, 82, 83, 84, 85, 86, 87, 88, 100, 101, 102, 103, 104, 105, 106, 107, 108, 120, 121, 122, 123, 124, 125, 126, 127, 128
00517, 0, 1, 2, 3, 4, 5, 6, 7, 8, 20, 21, 22, 23, 24, 25, 26, 27, 28, 40, 41, 42, 43, 44, 45, 46, 47, 48, 60, 61, 62, 63, 64, 65, 66, 67, 68, 80, 81, 82, 83, 84, 85, 86, 87, 88, 100, 101, 102, 103, 104, 105, 106, 107, 108, 120, 121, 122, 123, 124, 125, 126, 127, 128
00518, 0, 1, 2, 3, 4, 5, 6, 7, 8, 20, 21, 22, 23, 24, 25, 26, 27, 28, 40, 41, 42, 43, 44, 45, 46, 47, 48, 60, 61, 62, 63, 64, 65, 66, 67, 68, 80, 81, 82, 83, 84, 85, 86, 87, 88, 100, 101, 102, 103, 104, 105, 106, 107, 108, 120, 121, 122, 123, 124, 125, 126, 127, 128
00519, 0, 1, 2, 3, 4, 5, 6, 7, 8, 20, 21, 22, 23, 24, 25, 26, 27, 28, 40, 41, 42, 43, 44, 45, 46, 47, 48, 60, 61, 62, 63, 64, 65, 66, 67, 68, 80, 81, 82, 83, 84, 85, 86, 87, 88, 100, 101, 102, 103, 104, 105, 106, 107, 108, 120, 121, 122, 123, 124, 125, 126, 127, 128
00520, 0, 1, 2, 3, 4, 5, 6, 7, 8, 20, 21, 22, 23, 24, 25, 26, 27, 28, 40, 41, 42, 43, 44, 45, 46, 47, 48, 60, 61, 62, 63, 64, 65, 66, 67, 68, 80, 81, 82, 83, 84, 85, 86, 87, 88, 100, 101, 102, 103, 104, 105, 106, 107, 108, 120, 121, 122, 123, 124, 125, 126, 127, 128
00521, 0, 1, 2, 3, 4, 5, 6, 7, 8, 20, 21, 22, 23, 24, 25, 26, 27, 28, 40, 41, 42, 43, 44, 45, 46, 47, 48, 60, 61, 62, 63, 64, 65, 66, 67, 68, 80, 81, 82, 83, 84, 85, 86, 87, 88, 100, 101, 102, 103, 104, 105, 106, 107, 108, 120, 121, 122, 123, 124, 125, 126, 127, 128
00522, 0, 1, 2, 3, 4, 5, 6, 7, 8, 20, 21, 22, 23, 24, 25, 26, 27, 28, 40, 41, 42, 43, 44, 45, 46, 47, 48, 60, 61, 62, 63, 64, 65, 66, 67, 68, 80, 81, 82, 83, 84, 85, 86, 87, 88, 100, 101, 102, 103, 104, 105, 106, 107, 108, 120, 121, 122, 123, 124, 125, 126, 127, 128
00523, 0, 1, 2, 3, 4, 5, 6, 7, 8, 20, 21, 22, 23, 24, 25, 26, 27, 28, 40, 41, 42, 43, 44, 45, 46, 47, 48, 60, 61, 62, 63, 64, 65, 66, 67, 68, 80, 81, 82, 83, 84, 85, 86, 87, 88, 100, 101, 102, 103, 104, 105, 106, 107, 108, 120, 121, 122, 123, 124, 125, 126, 127, 128
00524, 0, 1, 2, 3, 4, 5, 6, 7, 8, 20, 21, 22, 23, 24, 25, 26, 27, 28, 40, 41, 42, 43, 44, 45, 46, 47, 48, 60, 61, 62, 63, 64, 65, 66, 67, 68, 80, 81, 82, 83, 84, 85, 86, 87, 88, 100, 101, 102, 103, 104, 105, 106, 107, 108, 120, 121, 122, 123, 124, 125, 126, 127, 128
00525, 0, 1, 2, 3, 4, 5, 6, 7, 8, 20, 21, 22, 23, 24, 25, 26, 27, 28, 40, 41, 42, 43, 44, 45, 46, 47, 48, 60, 61, 62, 63, 64, 65, 66, 67, 68, 80, 81, 82, 83, 84, 85, 86, 87, 88, 100, 101, 102, 103, 104, 105, 106, 107, 108, 120, 121, 122, 123, 124, 125, 126, 127, 128
00526, 0, 1, 2, 3, 4, 5, 6, 7, 8, 20, 21, 22, 23, 24, 25, 26, 27, 28, 40, 41, 42, 43, 44, 45, 46, 47, 48, 60, 61, 62, 63, 64, 65, 66, 67, 68, 80, 81, 82, 83, 84, 85, 86, 87, 88, 100, 101, 102, 103, 104, 105, 106, 107, 108, 120, 121, 122, 123, 124, 125, 126, 127, 128
00527, 0, 1, 2, 3, 4, 5, 6, 7, 8, 20, 21, 22, 23, 24, 25, 26, 27, 28, 40, 41, 42, 43, 44, 45, 46, 47, 48, 60, 61, 62, 63, 64, 65, 66, 67, 68, 80, 81, 82, 83, 84, 85, 86, 87, 88, 100, 101, 102, 103, 104, 105, 106, 107, 108, 120, 121, 122, 123, 124, 125, 126, 127, 128
00528, 0, 1, 2, 3, 4, 5, 6, 7, 8, 20, 21, 22, 23, 24, 25, 26, 27, 28, 40, 41, 42, 43, 44, 45, 46, 47, 48, 60, 61, 62, 63, 64, 65, 66, 67, 68, 80, 81, 82, 83, 84, 85, 86, 87, 88, 100, 101, 102, 103, 104, 105, 106, 107, 108, 120, 121, 122, 123, 124, 125, 126, 127, 128
00529, 0, 1, 2, 3, 4, 5, 6, 7, 8, 20, 21, 22, 23, 24, 25, 26, 27, 28, 40, 41, 42, 43, 44, 45, 46, 47, 48, 60, 61, 62, 63, 64, 65, 66, 67, 68, 80, 81, 82, 83, 84, 85, 86, 87, 88, 100, 101, 102, 103, 104, 105, 106, 107, 108, 120, 121, 122, 123, 124, 125, 126, 127, 128
00530, 0, 1, 2, 3, 4, 5, 6, 7, 8, 20, 21, 22, 23, 24, 25, 26, 27, 28, 40, 41, 42, 43, 44, 45, 46, 47, 48, 60, 61, 62, 63, 64, 65, 66, 67, 68, 80, 81, 82, 83, 84, 85, 86, 87, 88, 100, 101, 102, 103, 104, 105, 106, 107, 108, 120, 121, 122, 123, 124, 125, 126, 127, 128
00531, 1, 2, 3, 4, 5, 6, 7, 8, 9, 21, 22, 23, 24, 25, 26, 27, 28, 29, 41, 42, 43, 44, 45, 46, 47, 48, 49, 61, 62, 63, 64, 65, 66, 67, 68, 69, 81, 82, 83, 84, 85, 86, 87, 88, 89, 101, 102, 103, 104, 105, 106, 107, 108, 109, 121, 122, 123, 124, 125, 126, 127, 128, 129
00532, 1, 2, 3, 4, 5, 6, 7, 8, 9, 21, 22, 23, 24, 25, 26, 27, 28, 29, 41, 42, 43, 44, 45, 46, 47, 48, 49, 61, 62, 63, 64, 65, 66, 67, 68, 69, 81, 82, 83, 84, 85, 86, 87, 88, 89, 101, 102, 103, 104, 105, 106, 107, 108, 109, 121, 122, 123, 124, 125, 126, 127, 128, 129
00533, 1, 2, 3, 4, 5, 6, 7, 8, 9, 21, 22, 23, 24, 25, 26, 27, 28, 29, 41, 42, 43, 44, 45, 46, 47, 48, 49, 61, 62, 63, 64, 65, 66, 67, 68, 69, 81, 82, 83, 84, 85, 86, 87, 88, 89, 101, 102, 103, 104, 105, 106, 107, 108, 109, 121, 122, 123, 124, 125, 126, 127, 128, 129
00534, 1, 2, 3, 4, 5, 6, 7, 8, 9, 21, 22, 23, 24, 25, 26, 27, 28, 29, 41, 42, 43, 44, 45, 46, 47, 48, 49, 61, 62, 63, 64, 65, 66, 67, 68, 69, 81, 82, 83, 84, 85, 86, 87, 88, 89, 101, 102, 103, 104, 105, 106, 107, 108, 109, 121, 122, 123, 124, 125, 126, 127, 128, 129
00535, 1, 2, 3, 4, 5, 6, 7, 8, 9, 21, 22, 23, 24, 25, 26, 27, 28, 29, 41, 42, 43, 44, 45, 46, 47, 48, 49, 61, 62, 63, 64, 65, 66, 67, 68, 69, 81, 82, 83, 84, 85, 86, 87, 88, 89, 101, 102, 103, 104, 105, 106, 107, 108, 109, 121, 122, 123, 124, 125, 126, 127, 128, 129
00536, 1, 2, 3, 4, 5, 6, 7, 8, 9, 21, 22, 23, 24, 25, 26, 27, 28, 29, 41, 42, 43, 44, 45, 46, 47, 48, 49, 61, 62, 63, 64, 65, 66, 67, 68, 69, 81, 82, 83, 84, 85, 86, 87, 88, 89, 101, 102, 103, 104, 105, 106, 107, 108, 109, 121, 122, 123, 124, 125, 126, 127, 128, 129
00537, 1, 2, 3, 4, 5, 6, 7, 8, 9, 21, 22, 23, 24, 25, 26, 27, 28, 29, 41, 42, 43, 44, 45, 46, 47, 48, 49, 61, 62, 63, 64, 65, 66, 67, 68, 69, 81, 82, 83, 84, 85, 86, 87, 88, 89, 101, 102, 103, 104, 105, 106, 107, 108, 109, 121, 122, 123, 124, 125, 126, 127, 128, 129
00538, 1, 2, 3, 4, 5, 6, 7, 8, 9, 21, 22, 23, 24, 25, 26, 27, 28, 29, 41, 42, 43, 44, 45, 46, 47, 48, 49, 61, 62, 63, 64, 65, 66, 67, 68, 69, 81, 82, 83, 84, 85, 86, 87, 88, 89, 101, 102, 103, 104, 105, 106, 107, 108, 109, 121, 122, 123, 124, 125, 126, 127, 128, 129
00539, 1, 2, 3, 4, 5, 6, 7, 8, 9, 21, 22, 23, 24, 25, 26, 27, 28, 29, 41, 42, 43, 44, 45, 46, 47, 48, 49, 61, 62, 63, 64, 65, 66, 67, 68, 69, 81, 82, 83, 84, 85, 86, 87, 88, 89, 101, 102, 103, 104, 105, 106, 107, 108, 109, 121, 122, 123, 124, 125, 126, 127, 128, 129
00540, 1, 2, 3, 4, 5, 6, 7, 8, 9, 21, 22, 23, 24, 25, 26, 27, 28, 29, 41, 42, 43, 44, 45, 46, 47, 48, 49, 61, 62, 63, 64, 65, 66, 67, 68, 69, 81, 82, 83, 84, 85, 86, 87, 88, 89, 101, 102, 103, 104, 105, 106, 107, 108, 109, 121, 122, 123, 124, 125, 126, 127, 128, 129
00541, 1, 2, 3, 4, 5, 6, 7, 8, 9, 21, 22, 23, 24, 25, 26, 27, 28, 29, 41, 42, 43, 44, 45, 46, 47, 48, 49, 61, 62, 63, 64, 65, 66, 67, 68, 69, 81, 82, 83, 84, 85, 86, 87, 88, 89, 101, 102, 103, 104, 105, 106, 107, 108, 109, 121, 122, 123, 124, 125, 126, 127, 128, 129
00542, 1, 2, 3, 4, 5, 6, 7, 8, 9, 21, 22, 23, 24, 25, 26, 27, 28, 29, 41, 42, 43, 44, 45, 46, 47, 48, 49, 61, 62, 63, 64, 65, 66, 67, 68, 69, 81, 82, 83, 84, 85, 86, 87, 88, 89, 101, 102, 103, 104, 105, 106, 107, 108, 109, 121, 122, 123, 124, 125, 126, 127, 128, 129
00543, 1, 2, 3, 4, 5, 6, 7, 8, 9, 21, 22, 23, 24, 25, 26, 27, 28, 29, 41, 42, 43, 44, 45, 46, 47, 48, 49, 61, 62, 63, 64, 65, 66, 67, 68, 69, 81, 82, 83, 84, 85, 86, 87, 88, 89, 101, 102, 103, 104, 105, 106, 107, 108, 109, 121, 122, 123, 124, 125, 126, 127, 128, 129
00544, 1, 2, 3, 4, 5, 6, 7, 8, 9, 21, 22, 23, 24, 25, 26, 27, 28, 29, 41, 42, 43, 44, 45, 46, 47, 48, 49, 61, 62, 63, 64, 65, 66, 67, 68, 69, 81, 82, 83, 84, 85, 86, 87, 88, 89, 101, 102, 103, 104, 105, 106, 107, 108, 109, 121, 122, 123, 124, 125, 126, 127, 128, 129
00545, 1, 2, 3, 4, 5, 6, 7, 8, 9, 21, 22, 23, 24, 25, 26, 27, 28, 29, 41, 42, 43, 44, 45, 46, 47, 48, 49, 61, 62, 63, 64, 65, 66, 67, 68, 69, 81, 82, 83, 84, 85, 86, 87, 88, 89, 101, 102, 103, 104, 105, 106, 107, 108, 109, 121, 122, 123, 124, 125, 126, 127, 128, 129
00546, 1, 2, 3, 4, 5, 6, 7, 8, 9, 21, 22, 23, 24, 25, 26, 27, 28, 29, 41, 42, 43, 44, 45, 46, 47, 48, 49, 61, 62, 63, 64, 65, 66, 67, 68, 69, 81, 82, 83, 84, 85, 86, 87, 88, 89, 101, 102, 103, 104, 105, 106, 107, 108, 109, 121, 122, 123, 124, 125, 126, 127, 128, 129
00547, 1, 2, 3, 4, 5, 6, 7, 8, 9, 21, 22, 23, 24, 25, 26, 27, 28, 29, 41, 42, 43, 44, 45, 46, 47, 48, 49, 61, 62, 63, 64, 65, 66, 67, 68, 69, 81, 82, 83, 84, 85, 86, 87, 88, 89, 101, 102, 103, 104, 105, 106, 107, 108, 109, 121, 122, 123, 124, 125, 126, 127, 128, 129
00548, 1, 2, 3, 4, 5, 6, 7, 8, 9, 21, 22, 23, 24, 25, 26, 27, 28, 29, 41, 42, 43, 44, 45, 46, 47, 48, 49, 61, 62, 63, 64, 65, 66, 67, 68, 69, 81, 82, 83, 84, 85, 86, 87, 88, 89, 101, 102, 103, 104, 105, 106, 107, 108, 109, 121, 122, 123, 124, 125, 126, 127, 128, 129
00549, 2, 3, 4, 5, 6, 7, 8, 9, 10, 22, 23, 24, 25, 26, 27, 28, 29, 30, 42, 43, 44, 45, 46, 47, 48, 49, 50, 62, 63, 64, 65, 66, 67, 68, 69, 70, 82, 83, 84, 85, 86, 87, 88, 89, 90, 102, 103, 104, 105, 106, 107, 108, 109, 110, 122, 123, 124, 125, 126, 127, 128, 129, 130
00550, 2, 3, 4, 5, 6, 7, 8, 9, 10, 22, 23, 24, 25, 26, 27, 28, 29, 30, 42, 43, 44, 45, 46, 47, 48, 49, 50, 62, 63, 64, 65, 66, 67, 68, 69, 70, 82, 83, 84, 85, 86, 87, 88, 89, 90, 102, 103, 104, 105, 106, 107, 108, 109, 110, 122, 123, 124, 125, 126, 127, 128, 129, 130
00551, 2, 3, 4, 5, 6, 7, 8, 9, 10, 22, 23, 24, 25, 26, 27, 28, 29, 30, 42, 43, 44, 45, 46, 47, 48, 49, 50, 62, 63, 64, 65, 66, 67, 68, 69, 70, 82, 83, 84, 85, 86, 87, 88, 89, 90, 102, 103, 104, 105, 106, 107, 108, 109, 110, 122, 123, 124, 125, 126, 127, 128, 129, 130
00552, 2, 3, 4, 5, 6, 7, 8, 9, 10, 22, 23, 24, 25, 26, 27, 28, 29, 30, 42, 43, 44, 45, 46, 47, 48, 49, 50, 62, 63, 64, 65, 66, 67, 68, 69, 70, 82, 83, 84, 85, 86, 87, 88, 89, 90, 102, 103, 104, 105, 106, 107, 108, 109, 110, 122, 123, 124, 125, 126, 127, 128, 129, 130
00553, 2, 3, 4, 5, 6, 7, 8, 9, 10, 22, 23, 24, 25, 26, 27, 28, 29, 30, 42, 43, 44, 45, 46, 47, 48, 49, 50, 62, 63, 64, 65, 66, 67, 68, 69, 70, 82, 83, 84, 85, 86, 87, 88, 89, 90, 102, 103, 104, 105, 106, 107, 108, 109, 110, 122, 123, 124, 125, 126, 127, 128, 129, 130
00554, 2, 3, 4, 5, 6, 7, 8, 9, 10, 22, 23, 24, 25, 26, 27, 28, 29, 30, 42, 43, 44, 45, 46, 47, 48, 49, 50, 62, 63, 64, 65, 66, 67, 68, 69, 70, 82, 83, 84, 85, 86, 87, 88, 89, 90, 102, 103, 104, 105, 106, 107, 108, 109, 110, 122, 123, 124, 125, 126, 127, 128, 129, 130
00555, 2, 3, 4, 5, 6, 7, 8, 9, 10, 22, 23, 24, 25, 26, 27, 28, 29, 30, 42, 43, 44, 45, 46, 47, 48, 49, 50, 62, 63, 64, 65, 66, 67, 68, 69, 70, 82, 83, 84, 85, 86, 87, 88, 89, 90, 102, 103, 104, 105, 106, 107, 108, 109, 110, 122, 123, 124, 125, 126, 127, 128, 129, 130
00556, 2, 3, 4, 5, 6, 7, 8, 9, 10, 22, 23, 24, 25, 26, 27, 28, 29, 30, 42, 43, 44, 45, 46, 47, 48, 49, 50, 62, 63, 64, 65, 66, 67, 68, 69, 70, 82, 83, 84, 85, 86, 87, 88, 89, 90, 102, 103, 104, 105, 106, 107, 108, 109, 110, 122, 123, 124, 125, 126, 127, 128, 129, 130
00557, 2, 3, 4, 5, 6, 7, 8, 9, 10, 22, 23, 24, 25, 26, 27, 28, 29, 30, 42, 43, 44, 45, 46, 47, 48, 49, 50, 62, 63, 64, 65, 66, 67, 68, 69, 70, 82, 83, 84, 85, 86, 87, 88, 89, 90, 102, 103, 104, 105, 106, 107, 108, 109, 110, 122, 123, 124, 125, 126, 127, 128, 129, 130
00558, 2, 3, 4, 5, 6, 7, 8, 9, 10, 22, 23, 24, 25, 26, 27, 28, 29, 30, 42, 43, 44, 45, 46, 47, 48, 49, 50, 62, 63, 64, 65, 66, 67, 68, 69, 70, 82, 83, 84, 85, 86, 87, 88, 89, 90, 102, 103, 104, 105, 106, 107, 108, 109, 110, 122, 123, 124, 125, 126, 127, 128, 129, 130
00559, 2, 3, 4, 5, 6, 7, 8, 9, 10, 22, 23, 24, 25, 26, 27, 28, 29, 30, 42, 43, 44, 45, 46, 47, 48, 49, 50, 62, 63, 64, 65, 66, 67, 68, 69, 70, 82, 83, 84, 85, 86, 87, 88, 89, 90, 102, 103, 104, 105, 106, 107, 108, 109, 110, 122, 123, 124, 125, 126, 127, 128, 129, 130
00560, 2, 3, 4, 5, 6, 7, 8, 9, 10, 22, 23, 24, 25, 26, 27, 28, 29, 30, 42, 43, 44, 45, 46, 47, 48, 49, 50, 62, 63, 64, 65, 66, 67, 68, 69, 70, 82, 83, 84, 85, 86, 87, 88, 89, 90, 102, 103, 104, 105, 106, 107, 108, 109, 110, 122, 123, 124, 125, 126, 127, 128, 129, 130
00561, 2, 3, 4, 5, 6, 7, 8, 9, 10, 22, 23, 24, 25, 26, 27, 28, 29, 30, 42, 43, 44, 45, 46, 47, 48, 49, 50, 62, 63, 64, 65, 66, 67, 68, 69, 70, 82, 83, 84, 85, 86, 87, 88, 89, 90, 102, 103, 104, 105, 106, 107, 108, 109, 110, 122, 123, 124, 125, 126, 127, 128, 129, 130
00562, 2, 3, 4, 5, 6, 7, 8, 9, 10, 22, 23, 24, 25, 26, 27, 28, 29, 30, 42, 43, 44, 45, 46, 47, 48, 49, 50, 62, 63, 64, 65, 66, 67, 68, 69, 70, 82, 83, 84, 85, 86, 87, 88, 89, 90, 102, 103, 104, 105, 106, 107, 108, 109, 110, 122, 123, 124, 125, 126, 127, 128, 129, 130
00563, 2, 3, 4, 5, 6, 7, 8, 9, 10, 22, 23, 24, 25, 26, 27, 28, 29, 30, 42, 43, 44, 45, 46, 47, 48, 49, 50, 62, 63, 64, 65, 66, 67, 68, 69, 70, 82, 83, 84, 85, 86, 87, 88, 89, 90, 102, 103, 104, 105, 106, 107, 108, 109, 110, 122, 123, 124, 125, 126, 127, 128, 129, 130
00564, 2, 3, 4, 5, 6, 7, 8, 9, 10, 22, 23, 24, 25, 26, 27, 28, 29, 30, 42, 43, 44, 45, 46, 47, 48, 49, 50, 62, 63, 64, 65, 66, 67, 68, 69, 70, 82, 83, 84, 85, 86, 87, 88, 89, 90, 102, 103, 104, 105, 106, 107, 108, 109, 110, 122, 123, 124, 125, 126, 127, 128, 129, 130
00565, 3, 4, 5, 6, 7, 8, 9, 10, 11, 23, 24, 25, 26, 27, 28, 29, 30, 31, 43, 44, 45, 46, 47, 48, 49, 50, 51, 63, 64, 65, 66, 67, 68, 69, 70, 71, 83, 84, 85, 86, 87, 88, 89, 90, 91, 103, 104, 105, 106, 107, 108, 109, 110, 111, 123, 124, 125, 126, 127, 128, 129, 130, 131
00566, 3, 4, 5, 6, 7, 8, 9, 10, 11, 23, 24, 25, 26, 27, 28, 29, 30, 31, 43, 44, 45, 46, 47, 48, 49, 50, 51, 63, 64, 65, 66, 67, 68, 69, 70, 71, 83, 84, 85, 86, 87, 88, 89, 90, 91, 103, 104, 105, 106, 107, 108, 109, 110, 111, 123, 124, 125, 126, 127, 128, 129, 130, 131
00567, 3, 4, 5, 6, 7, 8, 9, 10, 11, 23, 24, 25, 26, 27, 28, 29, 30, 31, 43, 44, 45, 46, 47, 48, 49, 50, 51, 63, 64, 65, 66, 67, 68, 69, 70, 71, 83, 84, 85, 86, 87, 88, 89, 90, 91, 103, 104, 105, 106, 107, 108, 109, 110, 111, 123, 124, 125, 126, 127, 128, 129, 130, 131
00568, 3, 4, 5, 6, 7, 8, 9, 10, 11, 23, 24, 25, 26, 27, 28, 29, 30, 31, 43, 44, 45, 46, 47, 48, 49, 50, 51, 63, 64, 65, 66, 67, 68, 69, 70, 71, 83, 84, 85, 86, 87, 88, 89, 90, 91, 103, 104, 105, 106, 107, 108, 109, 110, 111, 123, 124, 125, 126, 127, 128, 129, 130, 131
00569, 3, 4, 5, 6, 7, 8, 9, 10, 11, 23, 24, 25, 26, 27, 28, 29, 30, 31, 43, 44, 45, 46, 47, 48, 49, 50, 51, 63, 64, 65, 66, 67, 68, 69, 70, 71, 83, 84, 85, 86, 87, 88, 89, 90, 91, 103, 104, 105, 106, 107, 108, 109, 110, 111, 123, 124, 125, 126, 127, 128, 129, 130, 131
00570, 3, 4, 5, 6, 7, 8, 9, 10, 11, 23, 24, 25, 26, 27, 28, 29, 30, 31, 43, 44, 45, 46, 47, 48, 49, 50, 51, 63, 64, 65, 66, 67, 68, 69, 70, 71, 83, 84, 85, 86, 87, 88, 89, 90, 91, 103, 104, 105, 106, 107, 108, 109, 110, 111, 123, 124, 125, 126, 127, 128, 129, 130, 131
00571, 3, 4, 5, 6, 7, 8, 9, 10, 11, 23, 24, 25, 26, 27, 28, 29, 30, 31, 43, 44, 45, 46, 47, 48, 49, 50, 51, 63, 64, 65, 66, 67, 68, 69, 70, 71, 83, 84, 85, 86, 87, 88, 89, 90, 91, 103, 104, 105, 106, 107, 108, 109, 110, 111, 123, 124, 125, 126, 127, 128, 129, 130, 131
00572, 3, 4, 5, 6, 7, 8, 9, 10, 11, 23, 24, 25, 26, 27, 28, 29, 30, 31, 43, 44, 45, 46, 47, 48, 49, 50, 51, 63, 64, 65, 66, 67, 68, 69, 70, 71, 83, 84, 85, 86, 87, 88, 89, 90, 91, 103, 104, 105, 106, 107, 108, 109, 110, 111, 123, 124, 125, 126, 127, 128, 129, 130, 131
00573, 3, 4, 5, 6, 7, 8, 9, 10, 11, 23, 24, 25, 26, 27, 28, 29, 30, 31, 43, 44, 45, 46, 47, 48, 49, 50, 51, 63, 64, 65, 66, 67, 68, 69, 70, 71, 83, 84, 85, 86, 87, 88, 89, 90, 91, 103, 104, 105, 106, 107, 108, 109, 110, 111, 123, 124, 125, 126, 127, 128, 129, 130, 131
00574, 3, 4, 5, 6, 7, 8, 9, 10, 11, 23, 24, 25, 26, 27, 28, 29, 30, 31, 43, 44, 45, 46, 47, 48, 49, 50, 51, 63, 64, 65, 66, 67, 68, 69, 70, 71, 83, 84, 85, 86, 87, 88, 89, 90, 91, 103, 104, 105, 106, 107, 108, 109, 110, 111, 123, 124, 125, 126, 127, 128, 129, 130, 131
00575, 3, 4, 5, 6, 7, 8, 9, 10, 11, 23, 24, 25, 26, 27, 28, 29, 30, 31, 43, 44, 45, 46, 47, 48, 49, 50, 51, 63, 64, 65, 66, 67, 68, 69, 70, 71, 83, 84, 85, 86, 87, 88, 89, 90, 91, 103, 104, 105, 106, 107, 108, 109, 110, 111, 123, 124, 125, 126, 127, 128, 129, 130, 131
00576, 3, 4, 5, 6, 7, 8, 9, 10, 11, 23, 24, 25, 26, 27, 28, 29, 30, 31, 43, 44, 45, 46, 47, 48, 49, 50, 51, 63, 64, 65, 66, 67, 68, 69, 70, 71, 83, 84, 85, 86, 87, 88, 89, 90, 91, 103, 104, 105, 106, 107, 108, 109, 110, 111, 123, 124, 125, 126, 127, 128, 129, 130, 131
00577, 3, 4, 5, 6, 7, 8, 9, 10, 11, 23, 24, 25, 26, 27, 28, 29, 30, 31, 43, 44, 45, 46, 47, 48, 49, 50, 51, 63, 64, 65, 66, 67, 68, 69, 70, 71, 83, 84, 85, 86, 87, 88, 89, 90, 91, 103, 104, 105, 106, 107, 108, 109, 110, 111, 123, 124, 125, 126, 127, 128, 129, 130, 131
00578, 3, 4, 5, 6, 7, 8, 9, 10, 11, 23, 24, 25, 26, 27, 28, 29, 30, 31, 43, 44, 45, 46, 47, 48, 49, 50, 51, 63, 64, 65, 66, 67, 68, 69, 70, 71, 83, 84, 85, 86, 87, 88, 89, 90, 91, 103, 104, 105, 106, 107, 108, 109, 110, 111, 123, 124, 125, 126, 127, 128, 129, 130, 131
00579, 3, 4, 5, 6, 7, 8, 9, 10, 11, 23, 24, 25, 26, 27, 28, 29, 30, 31, 43, 44, 45, 46, 47, 48, 49, 50, 51, 63, 64, 65, 66, 67, 68, 69, 70, 71, 83, 84, 85, 86, 87, 88, 89, 90, 91, 103, 104, 105, 106, 107, 108, 109, 110, 111, 123, 124, 125, 126, 127, 128, 129, 130, 131
00580, 4, 5, 6, 7, 8, 9, 10, 11, 12, 24, 25, 26, 27, 28, 29, 30, 31, 32, 44, 45, 46, 47, 48, 49, 50, 51, 52, 64, 65, 66, 67, 68, 69, 70, 71, 72, 84, 85, 86, 87, 88, 89, 90, 91, 92, 104, 105, 106, 107, 108, 109, 110, 111, 112, 124, 125, 126, 127, 128, 129, 130, 131, 132
00581, 4, 5, 6, 7, 8, 9, 10, 11, 12, 24, 25, 26, 27, 28, 29, 30, 31, 32, 44, 45, 46, 47, 48, 49, 50, 51, 52, 64, 65, 66, 67, 68, 69, 70, 71, 72, 84, 85, 86, 87, 88, 89, 90, 91, 92, 104, 105, 106, 107, 108, 109, 110, 111, 112, 124, 125, 126, 127, 128, 129, 130, 131, 132
00582, 4, 5, 6, 7, 8, 9, 10, 11, 12, 24, 25, 26, 27, 28, 29, 30, 31, 32, 44, 45, 46, 47, 48, 49, 50, 51, 52, 64, 65, 66, 67, 68, 69, 70, 71, 72, 84, 85, 86, 87, 88, 89, 90, 91, 92, 104, 105, 106, 107, 108, 109, 110, 111, 112, 124, 125, 126, 127, 128, 129, 130, 131, 132
00583, 4, 5, 6, 7, 8, 9, 10, 11, 12, 24, 25, 26, 27, 28, 29, 30, 31, 32, 44, 45, 46, 47, 48, 49, 50, 51, 52, 64, 65, 66, 67, 68, 69, 70, 71, 72, 84, 85, 86, 87, 88, 89, 90, 91, 92, 104, 105, 106, 107, 108, 109, 110, 111, 112, 124, 125, 126, 127, 128, 129, 130, 131, 132
00584, 4, 5, 6, 7, 8, 9, 10, 11, 12, 24, 25, 26, 27, 28, 29, 30, 31, 32, 44, 45, 46, 47, 48, 49, 50, 51, 52, 64, 65, 66, 67, 68, 69, 70, 71, 72, 84, 85, 86, 87, 88, 89, 90, 91, 92, 104, 105, 106, 107, 108, 109, 110, 111, 112, 124, 125, 126, 127, 128, 129, 130, 131, 132
00585, 4, 5, 6, 7, 8, 9, 10, 11, 12, 24, 25, 26, 27, 28, 29, 30, 31, 32, 44, 45, 46, 47, 48, 49, 50, 51, 52, 64, 65, 66, 67, 68, 69, 70, 71, 72, 84, 85, 86, 87, 88, 89, 90, 91, 92, 104, 105, 106, 107, 108, 109, 110, 111, 112, 124, 125, 126, 127, 128, 129, 130, 131, 132
00586, 4, 5, 6, 7, 8, 9, 10, 11, 12, 24, 25, 26, 27, 28, 29, 30, 31, 32, 44, 45, 46, 47, 48, 49, 50, 51, 52, 64, 65, 66, 67, 68, 69, 70, 71, 72, 84, 85, 86, 87, 88, 89, 90, 91, 92, 104, 105, 106, 107, 108, 109, 110, 111, 112, 124, 125, 126, 127, 128, 129, 130, 131, 132
00587, 4, 5, 6, 7, 8, 9, 10, 11, 12, 24, 25, 26, 27, 28, 29, 30, 31, 32, 44, 45, 46, 47, 48, 49, 50, 51, 52, 64, 65, 66, 67, 68, 69, 70, 71, 72, 84, 85, 86, 87, 88, 89, 90, 91, 92, 104, 105, 106, 107, 108, 109, 110, 111, 112, 124, 125, 126, 127, 128, 129, 130, 131, 132
00588, 4, 5, 6, 7, 8, 9, 10, 11, 12, 24, 25, 26, 27, 28, 29, 30, 31, 32, 44, 45, 46, 47, 48, 49, 50, 51, 52, 64, 65, 66, 67, 68, 69, 70, 71, 72, 84, 85, 86, 87, 88, 89, 90, 91, 92, 104, 105, 106, 107, 108, 109, 110, 111, 112, 124, 125, 126, 127, 128, 129, 130, 131, 132
00589, 4, 5, 6, 7, 8, 9, 10, 11, 12, 24, 25, 26, 27, 28, 29, 30, 31, 32, 44, 45, 46, 47, 48, 49, 50, 51, 52, 64, 65, 66, 67, 68, 69, 70, 71, 72, 84, 85, 86, 87, 88, 89, 90, 91, 92, 104, 105, 106, 107, 108, 109, 110, 111, 112, 124, 125, 126, 127, 128, 129, 130, 131, 132
00590, 4, 5, 6, 7, 8, 9, 10, 11, 12, 24, 25, 26, 27, 28, 29, 30, 31, 32, 44, 45, 46, 47, 48, 49, 50, 51, 52, 64, 65, 66, 67, 68, 69, 70, 71, 72, 84, 85, 86, 87, 88, 89, 90, 91, 92, 104, 105, 106, 107, 108, 109, 110, 111, 112, 124, 125, 126, 127, 128, 129, 130, 131, 132
00591, 4, 5, 6, 7, 8, 9, 10, 11, 12, 24, 25, 26, 27, 28, 29, 30, 31, 32, 44, 45, 46, 47, 48, 49, 50, 51, 52, 64, 65, 66, 67, 68, 69, 70, 71, 72, 84, 85, 86, 87, 88, 89, 90, 91, 92, 104, 105, 106, 107, 108, 109, 110, 111, 112, 124, 125, 126, 127, 128, 129, 130, 131, 132
00592, 4, 5, 6, 7, 8, 9, 10, 11, 12, 24, 25, 26, 27, 28, 29, 30, 31, 32, 44, 45, 46, 47, 48, 49, 50, 51, 52, 64, 65, 66, 67, 68, 69, 70, 71, 72, 84, 85, 86, 87, 88, 89, 90, 91, 92, 104, 105, 106, 107, 108, 109, 110, 111, 112, 124, 125, 126, 127, 128, 129, 130, 131, 132
00593, 4, 5, 6, 7, 8, 9, 10, 11, 12, 24, 25, 26, 27, 28, 29, 30, 31, 32, 44, 45, 46, 47, 48, 49, 50, 51, 52, 64, 65, 66, 67, 68, 69, 70, 71, 72, 84, 85, 86, 87, 88, 89, 90, 91, 92, 104, 105, 106, 107, 108, 109, 110, 111, 112, 124, 125, 126, 127, 128, 129, 130, 131, 132
00594, 4, 5, 6, 7, 8, 9, 10, 11, 12, 24, 25, 26, 27, 28, 29, 30, 31, 32, 44, 45, 46, 47, 48, 49, 50, 51, 52, 64, 65, 66, 67, 68, 69, 70, 71, 72, 84, 85, 86, 87, 88, 89, 90, 91, 92, 104, 105, 106, 107, 108, 109, 110, 111, 112, 124, 125, 126, 127, 128, 129, 130, 131, 132
00595, 5, 6, 7, 8, 9, 10, 11, 12, 13, 25, 26, 27, 28, 29, 30, 31, 32, 33, 45, 46, 47, 48, 49, 50, 51, 52, 53, 65, 66, 67, 68, 69, 70, 71, 72, 73, 85, 86, 87, 88, 89, 90, 91, 92, 93, 105, 106, 107, 108, 109, 110, 111, 112, 113, 125, 126, 127, 128, 129, 130, 131, 132, 133
00596, 5, 6, 7, 8, 9, 10, 11, 12, 13, 25, 26, 27, 28, 29, 30, 31, 32, 33, 45, 46, 47, 48, 49, 50, 51, 52, 53, 65, 66, 67, 68, 69, 70, 71, 72, 73, 85, 86, 87, 88, 89, 90, 91, 92, 93, 105, 106, 107, 108, 109, 110, 111, 112, 113, 125, 126, 127, 128, 129, 130, 131, 132, 133
00597, 5, 6, 7, 8, 9, 10, 11, 12, 13, 25, 26, 27, 28, 29, 30, 31, 32, 33, 45, 46, 47, 48, 49, 50, 51, 52, 53, 65, 66, 67, 68, 69, 70, 71, 72, 73, 85, 86, 87, 88, 89, 90, 91, 92, 93, 105, 106, 107, 108, 109, 110, 111, 112, 113, 125, 126, 127, 128, 129, 130, 131, 132, 133
00598, 5, 6, 7, 8, 9, 10, 11, 12, 13, 25, 26, 27, 28, 29, 30, 31, 32, 33, 45, 46, 47, 48, 49, 50, 51, 52, 53, 65, 66, 67, 68, 69, 70, 71, 72, 73, 85, 86, 87, 88, 89, 90, 91, 92, 93, 105, 106, 107, 108, 109, 110, 111, 112, 113, 125, 126, 127, 128, 129, 130, 131, 132, 133
00599, 5, 6, 7, 8, 9, 10, 11, 12, 13, 25, 26, 27, 28, 29, 30, 31, 32, 33, 45, 46, 47, 48, 49, 50, 51, 52, 53, 65, 66, 67, 68, 69, 70, 71, 72, 73, 85, 86, 87, 88, 89, 90, 91, 92, 93, 105, 106, 107, 108, 109, 110, 111, 112, 113, 125, 126, 127, 128, 129, 130, 131, 132, 133
00600, 5, 6, 7, 8, 9, 10, 11, 12, 13, 25, 26, 27, 28, 29, 30, 31, 32, 33, 45, 46, 47, 48, 49, 50, 51, 52, 53, 65, 66, 67, 68, 69, 70, 71, 72, 73, 85, 86, 87, 88, 89, 90, 91, 92, 93, 105, 106, 107, 108, 109, 110, 111, 112, 113, 125, 126, 127, 128, 129, 130, 131, 132, 133
00601, 5, 6, 7, 8, 9, 10, 11, 12, 13, 25, 26, 27, 28, 29, 30, 31, 32, 33, 45, 46, 47, 48, 49, 50, 51, 52, 53, 65, 66, 67, 68, 69, 70, 71, 72, 73, 85, 86, 87, 88, 89, 90, 91, 92, 93, 105, 106, 107, 108, 109, 110, 111, 112, 113, 125, 126, 127, 128, 129, 130, 131, 132, 133
00602, 5, 6, 7, 8, 9, 10, 11, 12, 13, 25, 26, 27, 28, 29, 30, 31, 32, 33, 45, 46, 47, 48, 49, 50, 51, 52, 53, 65, 66, 67, 68, 69, 70, 71, 72, 73, 85, 86, 87, 88, 89, 90, 91, 92, 93, 105, 106, 107, 108, 109, 110, 111, 112, 113, 125, 126, 127, 128, 129, 130, 131, 132, 133
00603, 5, 6, 7, 8, 9, 10, 11, 12, 13, 25, 26, 27, 28, 29, 30, 31, 32, 33, 45, 46, 47, 48, 49, 50, 51, 52, 53, 65, 66, 67, 68, 69, 70, 71, 72, 73, 85, 86, 87, 88, 89, 90, 91, 92, 93, 105, 106, 107, 108, 109, 110, 111, 112, 113, 125, 126, 127, 128, 129, 130, 131, 132, 133
00604, 5, 6, 7, 8, 9, 10, 11, 12, 13, 25, 26, 27, 28, 29, 30, 31, 32, 33, 45, 46, 47, 48, 49, 50, 51, 52, 53, 65, 66, 67, 68, 69, 70, 71, 72, 73, 85, 86, 87, 88, 89, 90, 91, 92, 93, 105, 106, 107, 108, 109, 110, 111, 112, 113, 125, 126, 127, 128, 129, 130, 131, 132, 133
00605, 5, 6, 7, 8, 9, 10, 11, 12, 13, 25, 26, 27, 28, 29, 30, 31, 32, 33, 45, 46, 47, 48, 49, 50, 51, 52, 53, 65, 66, 67, 68, 69, 70, 71, 72, 73, 85, 86, 87, 88, 89, 90, 91, 92, 93, 105, 106, 107, 108, 109, 110, 111, 112, 113, 125, 126, 127, 128, 129, 130, 131, 132, 133
00606, 5, 6, 7, 8, 9, 10, 11, 12, 13, 25, 26, 27, 28, 29, 30, 31, 32, 33, 45, 46, 47, 48, 49, 50, 51, 52, 53, 65, 66, 67, 68, 69, 70, 71, 72, 73, 85, 86, 87, 88, 89, 90, 91, 92, 93, 105, 106, 107, 108, 109, 110, 111, 112, 113, 125, 126, 127, 128, 129, 130, 131, 132, 133
00607, 5, 6, 7, 8, 9, 10, 11, 12, 13, 25, 26, 27, 28, 29, 30, 31, 32, 33, 45, 46, 47, 48, 49, 50, 51, 52, 53, 65, 66, 67, 68, 69, 70, 71, 72, 73, 85, 86, 87, 88, 89, 90, 91, 92, 93, 105, 106, 107, 108, 109, 110, 111, 112, 113, 125, 126, 127, 128, 129, 130, 131, 132, 133
00608, 5, 6, 7, 8, 9, 10, 11, 12, 13, 25, 26, 27, 28, 29, 30, 31, 32, 33, 45, 46, 47, 48, 49, 50, 51, 52, 53, 65, 66, 67, 68, 69, 70, 71, 72, 73, 85, 86, 87, 88, 89, 90, 91, 92, 93, 105, 106, 107, 108, 109, 110, 111, 112, 113, 125, 126, 127, 128, 129, 130, 131, 132, 133
00609, 6, 7, 8, 9, 10, 11, 12, 13, 14, 26, 27, 28, 29, 30, 31, 32, 33, 34, 46, 47, 48, 49, 50, 51, 52, 53, 54, 66, 67, 68, 69, 70, 71, 72, 73, 74, 86, 87, 88, 89, 90, 91, 92, 93, 94, 106, 107, 108, 109, 110, 111, 112, 113, 114, 126, 127, 128, 129, 130, 131, 132, 133, 134
00610, 6, 7, 8, 9, 10, 11, 12, 13, 14, 26, 27, 28, 29, 30, 31, 32, 33, 34, 46, 47, 48, 49, 50, 51, 52, 53, 54, 66, 67, 68, 69, 70, 71, 72, 73, 74, 86, 87, 88, 89, 90, 91, 92, 93, 94, 106, 107, 108, 109, 110, 111, 112, 113, 114, 126, 127, 128, 129, 130, 131, 132, 133, 134
00611, 6, 7, 8, 9, 10, 11, 12, 13, 14, 26, 27, 28, 29, 30, 31, 32, 33, 34, 46, 47, 48, 49, 50, 51, 52, 53, 54, 66, 67, 68, 69, 70, 71, 72, 73, 74, 86, 87, 88, 89, 90, 91, 92, 93, 94, 106, 107, 108, 109, 110, 111, 112, 113, 114, 126, 127, 128, 129, 130, 131, 132, 133, 134
00612, 6, 7, 8, 9, 10, 11, 12, 13, 14, 26, 27, 28, 29, 30, 31, 32, 33, 34, 46, 47, 48, 49, 50, 51, 52, 53, 54, 66, 67, 68, 69, 70, 71, 72, 73, 74, 86, 87, 88, 89, 90, 91, 92, 93, 94, 106, 107, 108, 109, 110, 111, 112, 113, 114, 126, 127, 128, 129, 130, 131, 132, 133, 134
00613, 6, 7, 8, 9, 10, 11, 12, 13, 14, 26, 27, 28, 29, 30, 31, 32, 33, 34, 46, 47, 48, 49, 50, 51, 52, 53, 54, 66, 67, 68, 69, 70, 71, 72, 73, 74, 86, 87, 88, 89, 90, 91, 92, 93, 94, 106, 107, 108, 109, 110, 111, 112, 113, 114, 126, 127, 128, 129, 130, 131, 132, 133, 134
00614, 6, 7, 8, 9, 10, 11, 12, 13, 14, 26, 27, 28, 29, 30, 31, 32, 33, 34, 46, 47, 48, 49, 50, 51, 52, 53, 54, 66, 67, 68, 69, 70, 71, 72, 73, 74, 86, 87, 88, 89, 90, 91, 92, 93, 94, 106, 107, 108, 109, 110, 111, 112, 113, 114, 126, 127, 128, 129, 130, 131, 132, 133, 134
00615, 6, 7, 8, 9, 10, 11, 12, 13, 14, 26, 27, 28, 29, 30, 31, 32, 33, 34, 46, 47, 48, 49, 50, 51, 52, 53, 54, 66, 67, 68, 69, 70, 71, 72, 73, 74, 86, 87, 88, 89, 90, 91, 92, 93, 94, 106, 107, 108, 109, 110, 111, 112, 113, 114, 126, 127, 128, 129, 130, 131, 132, 133, 134
00616, 6, 7, 8, 9, 10, 11, 12, 13, 14, 26, 27, 28, 29, 30, 31, 32, 33, 34, 46, 47, 48, 49, 50, 51, 52, 53, 54, 66, 67, 68, 69, 70, 71, 72, 73, 74, 86, 87, 88, 89, 90, 91, 92, 93, 94, 106, 107, 108, 109, 110, 111, 112, 113, 114, 126, 127, 128, 129, 130, 131, 132, 133, 134
00617, 6, 7, 8, 9, 10, 11, 12, 13, 14, 26, 27, 28, 29, 30, 31, 32, 33, 34, 46, 47, 48, 49, 50, 51, 52, 53, 54, 66, 67, 68, 69, 70, 71, 72, 73, 74, 86, 87, 88, 89, 90, 91, 92, 93, 94, 106, 107, 108, 109, 110, 111, 112, 113, 114, 126, 127, 128, 129, 130, 131, 132, 133, 134
00618, 6, 7, 8, 9, 10, 11, 12, 13, 14, 26, 27, 28, 29, 30, 31, 32, 33, 34, 46, 47, 48, 49, 50, 51, 52, 53, 54, 66, 67, 68, 69, 70, 71, 72, 73, 74, 86, 87, 88, 89, 90, 91, 92, 93, 94, 106, 107, 108, 109, 110, 111, 112, 113, 114, 126, 127, 128, 129, 130, 131, 132, 133, 134
00619, 6, 7, 8, 9, 10, 11, 12, 13, 14, 26, 27, 28, 29, 30, 31, 32, 33, 34, 46, 47, 48, 49, 50, 51, 52, 53, 54, 66, 67, 68, 69, 70, 71, 72, 73, 74, 86, 87, 88, 89, 90, 91, 92, 93, 94, 106, 107, 108, 109, 110, 111, 112, 113, 114, 126, 127, 128, 129, 130, 131, 132, 133, 134
00620, 6, 7, 8, 9, 10, 11, 12, 13, 14, 26, 27, 28, 29, 30, 31, 32, 33, 34, 46, 47, 48, 49, 50, 51, 52, 53, 54, 66, 67, 68, 69, 70, 71, 72, 73, 74, 86, 87, 88, 89, 90, 91, 92, 93, 94, 106, 107, 108, 109, 110, 111, 112, 113, 114, 126, 127, 128, 129, 130, 131, 132, 133, 134
00621, 6, 7, 8, 9, 10, 11, 12, 13, 14, 26, 27, 28, 29, 30, 31, 32, 33, 34, 46, 47, 48, 49, 50, 51, 52, 53, 54, 66, 67, 68, 69, 70, 71, 72, 73, 74, 86, 87, 88, 89, 90, 91, 92, 93, 94, 106, 107, 108, 109, 110, 111, 112, 113, 114, 126, 127, 128, 129, 130, 131, 132, 133, 134
00622, 6, 7, 8, 9, 10, 11, 12, 13, 14, 26, 27, 28, 29, 30, 31, 32, 33, 34, 46, 47, 48, 49, 50, 51, 52, 53, 54, 66, 67, 68, 69, 70, 71, 72, 73, 74, 86, 87, 88, 89, 90, 91, 92, 93, 94, 106, 107, 108, 109, 110, 111, 112, 113, 114, 126, 127, 128, 129, 130, 131, 132, 133, 134
00623, 6, 7, 8, 9, 10, 11, 12, 13, 14, 26, 27, 28, 29, 30, 31, 32, 33, 34, 46, 47, 48, 49, 50, 51, 52, 53, 54, 66, 67, 68, 69, 70, 71, 72, 73, 74, 86, 87, 88, 89, 90, 91, 92, 93, 94, 106, 107, 108, 109, 110, 111, 112, 113, 114, 126, 127, 128, 129, 130, 131, 132, 133, 134
00624, 7, 8, 9, 10, 11, 12, 13, 14, 15, 27, 28, 29, 30, 31, 32, 33, 34, 35, 47, 48, 49, 50, 51, 52, 53, 54, 55, 67, 68, 69, 70, 71, 72, 73, 74, 75, 87, 88, 89, 90, 91, 92, 93, 94, 95, 107, 108, 109, 110, 111, 112, 113, 114, 115, 127, 128, 129, 130, 131, 132, 133, 134, 135
00625, 7, 8, 9, 10, 11, 12, 13, 14, 15, 27, 28, 29, 30, 31, 32, 33, 34, 35, 47, 48, 49, 50, 51, 52, 53, 54, 55, 67, 68, 69, 70, 71, 72, 73, 74, 75, 87, 88, 89, 90, 91, 92, 93, 94, 95, 107, 108, 109, 110, 111, 112, 113, 114, 115, 127, 128, 129, 130, 131, 132, 133, 134, 135
00626, 7, 8, 9, 10, 11, 12, 13, 14, 15, 27, 28, 29, 30, 31, 32, 33, 34, 35, 47, 48, 49, 50, 51, 52, 53, 54, 55, 67, 68, 69, 70, 71, 72, 73, 74, 75, 87, 88, 89, 90, 91, 92, 93, 94, 95, 107, 108, 109, 110, 111, 112, 113, 114, 115, 127, 128, 129, 130, 131, 132, 133, 134, 135
00627, 7, 8, 9, 10, 11, 12, 13, 14, 15, 27, 28, 29, 30, 31, 32, 33, 34, 35, 47, 48, 49, 50, 51, 52, 53, 54, 55, 67, 68, 69, 70, 71, 72, 73, 74, 75, 87, 88, 89, 90, 91, 92, 93, 94, 95, 107, 108, 109, 110, 111, 112, 113, 114, 115, 127, 128, 129, 130, 131, 132, 133, 134, 135
00628, 7, 8, 9, 10, 11, 12, 13, 14, 15, 27, 28, 29, 30, 31, 32, 33, 34, 35, 47, 48, 49, 50, 51, 52, 53, 54, 55, 67, 68, 69, 70, 71, 72, 73, 74, 75, 87, 88, 89, 90, 91, 92, 93, 94, 95, 107, 108, 109, 110, 111, 112, 113, 114, 115, 127, 128, 129, 130, 131, 132, 133, 134, 135
00629, 7, 8, 9, 10, 11, 12, 13, 14, 15, 27, 28, 29, 30, 31, 32, 33, 34, 35, 47, 48, 49, 50, 51, 52, 53, 54, 55, 67, 68, 69, 70, 71, 72, 73, 74, 75, 87, 88, 89, 90, 91, 92, 93, 94, 95, 107, 108, 109, 110, 111, 112, 113, 114, 115, 127, 128, 129, 130, 131, 132, 133, 134, 135
00630, 7, 8, 9, 10, 11, 12, 13, 14, 15, 27, 28, 29, 30, 31, 32, 33, 34, 35, 47, 48, 49, 50, 51, 52, 53, 54, 55, 67, 68, 69, 70, 71, 72, 73, 74, 75, 87, 88, 89, 90, 91, 92, 93, 94, 95, 107, 108, 109, 110, 111, 112, 113, 114, 115, 127, 128, 129, 130, 131, 132, 133, 134, 135
00631, 7, 8, 9, 10, 11, 12, 13, 14, 15, 27, 28, 29, 30, 31, 32, 33, 34, 35, 47, 48, 49, 50, 51, 52, 53, 54, 55, 67, 68, 69, 70, 71, 72, 73, 74, 75, 87, 88, 89, 90, 91, 92, 93, 94, 95, 107, 108, 109, 110, 111, 112, 113, 114, 115, 127, 128, 129, 130, 131, 132, 133, 134, 135
00632, 7, 8, 9, 10, 11, 12, 13, 14, 15, 27, 28, 29, 30, 31, 32, 33, 34, 35, 47, 48, 49, 50, 51, 52, 53, 54, 55, 67, 68, 69, 70, 71, 72, 73, 74, 75, 87, 88, 89, 90, 91, 92, 93, 94, 95, 107, 108, 109, 110, 111, 112, 113, 114, 115, 127, 128, 129, 130, 131, 132, 133, 134, 135
00633, 7, 8, 9, 10, 11, 12, 13, 14, 15, 27, 28, 29, 30, 31, 32, 33, 34, 35, 47, 48, 49, 50, 51, 52, 53, 54, 55, 67, 68, 69, 70, 71, 72, 73, 74, 75, 87, 88, 89, 90, 91, 92, 93, 94, 95, 107, 108, 109, 110, 111, 112, 113, 114, 115, 127, 128, 129, 130, 131, 132, 133, 134, 135
00634, 7, 8, 9, 10, 11, 12, 13, 14, 15, 27, 28, 29, 30, 31, 32, 33, 34, 35, 47, 48, 49, 50, 51, 52, 53, 54, 55, 67, 68, 69, 70, 71, 72, 73, 74, 75, 87, 88, 89, 90, 91, 92, 93, 94, 95, 107, 108, 109, 110, 111, 112, 113, 114, 115, 127, 128, 129, 130, 131, 132, 133, 134, 135
00635, 7, 8, 9, 10, 11, 12, 13, 14, 15, 27, 28, 29, 30, 31, 32, 33, 34, 35, 47, 48, 49, 50, 51, 52, 53, 54, 55, 67, 68, 69, 70, 71, 72, 73, 74, 75, 87, 88, 89, 90, 91, 92, 93, 94, 95, 107, 108, 109, 110, 111, 112, 113, 114, 115, 127, 128, 129, 130, 131, 132, 133, 134, 135
00636, 7, 8, 9, 10, 11, 12, 13, 14, 15, 27, 28, 29, 30, 31, 32, 33, 34, 35, 47, 48, 49, 50, 51, 52, 53, 54, 55, 67, 68, 69, 70, 71, 72, 73, 74, 75, 87, 88, 89, 90, 91, 92, 93, 94, 95, 107, 108, 109, 110, 111, 112, 113, 114, 115, 127, 128, 129, 130, 131, 132, 133, 134, 135
00637, 7, 8, 9, 10, 11, 12, 13, 14, 15, 27, 28, 29, 30, 31, 32, 33, 34, 35, 47, 48, 49, 50, 51, 52, 53, 54, 55, 67, 68, 69, 70, 71, 72, 73, 74, 75, 87, 88, 89, 90, 91, 92, 93, 94, 95, 107, 108, 109, 110, 111, 112, 113, 114, 115, 127, 128, 129, 130, 131, 132, 133, 134, 135
00638, 7, 8, 9, 10, 11, 12, 13, 14, 15, 27, 28, 29, 30, 31, 32, 33, 34, 35, 47, 48, 49, 50, 51, 52, 53, 54, 55, 67, 68, 69, 70, 71, 72, 73, 74, 75, 87, 88, 89, 90, 91, 92, 93, 94, 95, 107, 108, 109, 110, 111, 112, 113, 114, 115, 127, 128, 129, 130, 131, 132, 133, 134, 135
00639, 8, 9, 10, 11, 12, 13, 14, 15, 16, 28, 29, 30, 31, 32, 33, 34, 35, 36, 48, 49, 50, 51, 52, 53, 54, 55, 56, 68, 69, 70, 71, 72, 73, 74, 75, 76, 88, 89, 90, 91, 92, 93, 94, 95, 96, 108, 109, 110, 111, 112, 113, 114, 115, 116, 128, 129, 130, 131, 132, 133, 134, 135, 136
00640, 8, 9, 10, 11, 12, 13, 14, 15, 16, 28, 29, 30, 31, 32, 33, 34, 35, 36, 48, 49, 50, 51, 52, 53, 54, 55, 56, 68, 69, 70, 71, 72, 73, 74, 75, 76, 88, 89, 90, 91, 92, 93, 94, 95, 96, 108, 109, 110, 111, 112, 113, 114, 115, 116, 128, 129, 130, 131, 132, 133, 134, 135, 136
00641, 8, 9, 10, 11, 12, 13, 14, 15, 16, 28, 29, 30, 31, 32, 33, 34, 35, 36, 48, 49, 50, 51, 52, 53, 54, 55, 56, 68, 69, 70, 71, 72, 73, 74, 75, 76, 88, 89, 90, 91, 92, 93, 94, 95, 96, 108, 109, 110, 111, 112, 113, 114, 115, 116, 128, 129, 130, 131, 132, 133, 134, 135, 136
00642, 8, 9, 10, 11, 12, 13, 14, 15, 16, 28, 29, 30, 31, 32, 33, 34, 35, 36, 48, 49, 50, 51, 52, 53, 54, 55, 56, 68, 69, 70, 71, 72, 73, 74, 75, 76, 88, 89, 90, 91, 92, 93, 94, 95, 96, 108, 109, 110, 111, 112, 113, 114, 115, 116, 128, 129, 130, 131, 132, 133, 134, 135, 136
00643, 8, 9, 10, 11, 12, 13, 14, 15, 16, 28, 29, 30, 31, 32, 33, 34, 35, 36, 48, 49, 50, 51, 52, 53, 54, 55, 56, 68, 69, 70, 71, 72, 73, 74, 75, 76, 88, 89, 90, 91, 92, 93, 94, 95, 96, 108, 109, 110, 111, 112, 113, 114, 115, 116, 128, 129, 130, 131, 132, 133, 134, 135, 136
00644, 8, 9, 10, 11, 12, 13, 14, 15, 16, 28, 29, 30, 31, 32, 33, 34, 35, 36, 48, 49, 50, 51, 52, 53, 54, 55, 56, 68, 69, 70, 71, 72, 73, 74, 75, 76, 88, 89, 90, 91, 92, 93, 94, 95, 96, 108, 109, 110, 111, 112, 113, 114, 115, 116, 128, 129, 130, 131, 132, 133, 134, 135, 136
00645, 8, 9, 10, 11, 12, 13, 14, 15, 16, 28, 29, 30, 31, 32, 33, 34, 35, 36, 48, 49, 50, 51, 52, 53, 54, 55, 56, 68, 69, 70, 71, 72, 73, 74, 75, 76, 88, 89, 90, 91, 92, 93, 94, 95, 96, 108, 109, 110, 111, 112, 113, 114, 115, 116, 128, 129, 130, 131, 132, 133, 134, 135, 136
00646, 8, 9, 10, 11, 12, 13, 14, 15, 16, 28, 29, 30, 31, 32, 33, 34, 35, 36, 48, 49, 50, 51, 52, 53, 54, 55, 56, 68, 69, 70, 71, 72, 73, 74, 75, 76, 88, 89, 90, 91, 92, 93, 94, 95, 96, 108, 109, 110, 111, 112, 113, 114, 115, 116, 128, 129, 130, 131, 132, 133, 134, 135, 136
00647, 8, 9, 10, 11, 12, 13, 14, 15, 16, 28, 29, 30, 31, 32, 33, 34, 35, 36, 48, 49, 50, 51, 52, 53, 54, 55, 56, 68, 69, 70, 71, 72, 73, 74, 75, 76, 88, 89, 90, 91, 92, 93, 94, 95, 96, 108, 109, 110, 111, 112, 113, 114, 115, 116, 128, 129, 130, 131, 132, 133, 134, 135, 136
00648, 8, 9, 10, 11, 12, 13, 14, 15, 16, 28, 29, 30, 31, 32, 33, 34, 35, 36, 48, 49, 50, 51, 52, 53, 54, 55, 56, 68, 69, 70, 71, 72, 73, 74, 75, 76, 88, 89, 90, 91, 92, 93, 94, 95, 96, 108, 109, 110, 111, 112, 113, 114, 115, 116, 128, 129, 130, 131, 132, 133, 134, 135, 136
00649, 8, 9, 10, 11, 12, 13, 14, 15, 16, 28, 29, 30, 31, 32, 33, 34, 35, 36, 48, 49, 50, 51, 52, 53, 54, 55, 56, 68, 69, 70, 71, 72, 73, 74, 75, 76, 88, 89, 90, 91, 92, 93, 94, 95, 96, 108, 109, 110, 111, 112, 113, 114, 115, 116, 128, 129, 130, 131, 132, 133, 134, 135, 136
00650, 8, 9, 10, 11, 12, 13, 14, 15, 16, 28, 29, 30, 31, 32, 33, 34, 35, 36, 48, 49, 50, 51, 52, 53, 54, 55, 56, 68, 69, 70, 71, 72, 73, 74, 75, 76, 88, 89, 90, 91, 92, 93, 94, 95, 96, 108, 109, 110, 111, 112, 113, 114, 115, 116, 128, 129, 130, 131, 132, 133, 134, 135, 136
00651, 8, 9, 10, 11, 12, 13, 14, 15, 16, 28, 29, 30, 31, 32, 33, 34, 35, 36, 48, 49, 50, 51, 52, 53, 54, 55, 56, 68, 69, 70, 71, 72, 73, 74, 75, 76, 88, 89, 90, 91, 92, 93, 94, 95, 96, 108, 109, 110, 111, 112, 113, 114, 115, 116, 128, 129, 130, 131, 132, 133, 134, 135, 136
00652, 8, 9, 10, 11, 12, 13, 14, 15, 16, 28, 29, 30, 31, 32, 33, 34, 35, 36, 48, 49, 50, 51, 52, 53, 54, 55, 56, 68, 69, 70, 71, 72, 73, 74, 75, 76, 88, 89, 90, 91, 92, 93, 94, 95, 96, 108, 109, 110, 111, 112, 113, 114, 115, 116, 128, 129, 130, 131, 132, 133, 134, 135, 136
00653, 8, 9, 10, 11, 12, 13, 14, 15, 16, 28, 29, 30, 31, 32, 33, 34, 35, 36, 48, 49, 50, 51, 52, 53, 54, 55, 56, 68, 69, 70, 71, 72, 73, 74, 75, 76, 88, 89, 90, 91, 92, 93, 94, 95, 96, 108, 109, 110, 111, 112, 113, 114, 115, 116, 128, 129, 130, 131, 132, 133, 134, 135, 136
00654, 8, 9, 10, 11, 12, 13, 14, 15, 16, 28, 29, 30, 31, 32, 33, 34, 35, 36, 48, 49, 50, 51, 52, 53, 54, 55, 56, 68, 69, 70, 71, 72, 73, 74, 75, 76, 88, 89, 90, 91, 92, 93, 94, 95, 96, 108, 109, 110, 111, 112, 113, 114, 115, 116, 128, 129, 130, 131, 132, 133, 134, 135, 136, 148, 149, 150, 151, 152, 153, 154, 155, 156
00655, 9, 10, 11, 12, 13, 14, 15, 16, 17, 29, 30, 31, 32, 33, 34, 35, 36, 37, 49, 50, 51, 52, 53, 54, 55, 56, 57, 69, 70, 71, 72, 73, 74, 75, 76, 77, 89, 90, 91, 92, 93, 94, 95, 96, 97, 109, 110, 111, 112, 113, 114, 115, 116, 117, 129, 130, 131, 132, 133, 134, 135, 136, 137, 149, 150, 151, 152, 153, 154, 155, 156, 157
00656, 9, 10, 11, 12, 13, 14, 15, 16, 17, 29, 30, 31, 32, 33, 34, 35, 36, 37, 49, 50, 51, 52, 53, 54, 55, 56, 57, 69, 70, 71, 72, 73, 74, 75, 76, 77, 89, 90, 91, 92, 93, 94, 95, 96, 97, 109, 110, 111, 112, 113, 114, 115, 116, 117, 129, 130, 131, 132, 133, 134, 135, 136, 137, 149, 150, 151, 152, 153, 154, 155, 156, 157
00657, 9, 10, 11, 12, 13, 14, 15, 16, 17, 29, 30, 31, 32, 33, 34, 35, 36, 37, 49, 50, 51, 52, 53, 54, 55, 56, 57, 69, 70, 71, 72, 73, 74, 75, 76, 77, 89, 90, 91, 92, 93, 94, 95, 96, 97, 109, 110, 111, 112, 113, 114, 115, 116, 117, 129, 130, 131, 132, 133, 134, 135, 136, 137, 149, 150, 151, 152, 153, 154, 155, 156, 157
00658, 9, 10, 11, 12, 13, 14, 15, 16, 17, 29, 30, 31, 32, 33, 34, 35, 36, 37, 49, 50, 51, 52, 53, 54, 55, 56, 57, 69, 70, 71, 72, 73, 74, 75, 76, 77, 89, 90, 91, 92, 93, 94, 95, 96, 97, 109, 110, 111, 112, 113, 114, 115, 116, 117, 129, 130, 131, 132, 133, 134, 135, 136, 137, 149, 150, 151, 152, 153, 154, 155, 156, 157
00659, 9, 10, 11, 12, 13, 14, 15, 16, 17, 29, 30, 31, 32, 33, 34, 35, 36, 37, 49, 50, 51, 52, 53, 54, 55, 56, 57, 69, 70, 71, 72, 73, 74, 75, 76, 77, 89, 90, 91, 92, 93, 94, 95, 96, 97, 109, 110, 111, 112, 113, 114, 115, 116, 117, 129, 130, 131, 132, 133, 134, 135, 136, 137, 149, 150, 151, 152, 153, 154, 155, 156, 157
00660, 9, 10, 11, 12, 13, 14, 15, 16, 17, 29, 30, 31, 32, 33, 34, 35, 36, 37, 49, 50, 51, 52, 53, 54, 55, 56, 57, 69, 70, 71, 72, 73, 74, 75, 76, 77, 89, 90, 91, 92, 93, 94, 95, 96, 97, 109, 110, 111, 112, 113, 114, 115, 116, 117, 129, 130, 131, 132, 133, 134, 135, 136, 137, 149, 150, 151, 152, 153, 154, 155, 156, 157
00661, 9, 10, 11, 12, 13, 14, 15, 16, 17, 29, 30, 31, 32, 33, 34, 35, 36, 37, 49, 50, 51, 52, 53, 54, 55, 56, 57, 69, 70, 71, 72, 73, 74, 75, 76, 77, 89, 90, 91, 92, 93, 94, 95, 96, 97, 109, 110, 111, 112, 113, 114, 115, 116, 117, 129, 130, 131, 132, 133, 134, 135, 136, 137, 149, 150, 151, 152, 153, 154, 155, 156, 157
00662, 9, 10, 11, 12, 13, 14, 15, 16, 17, 29, 30, 31, 32, 33, 34, 35, 36, 37, 49, 50, 51, 52, 53, 54, 55, 56, 57, 69, 70, 71, 72, 73, 74, 75, 76, 77, 89, 90, 91, 92, 93, 94, 95, 96, 97, 109, 110, 111, 112, 113, 114, 115, 116, 117, 129, 130, 131, 132, 133, 134, 135, 136, 137, 149, 150, 151, 152, 153, 154, 155, 156, 157
00663, 9, 10, 11, 12, 13, 14, 15, 16, 17, 29, 30, 31, 32, 33, 34, 35, 36, 37, 49, 50, 51, 52, 53, 54, 55, 56, 57, 69, 70, 71, 72, 73, 74, 75, 76, 77, 89, 90, 91, 92, 93, 94, 95, 96, 97, 109, 110, 111, 112, 113, 114, 115, 116, 117, 129, 130, 131, 132, 133, 134, 135, 136, 137, 149, 150, 151, 152, 153, 154, 155, 156, 157
00664, 9, 10, 11, 12, 13, 14, 15, 16, 17, 29, 30, 31, 32, 33, 34, 35, 36, 37, 49, 50, 51, 52, 53, 54, 55, 56, 57, 69, 70, 71, 72, 73, 74, 75, 76, 77, 89, 90, 91, 92, 93, 94, 95, 96, 97, 109, 110, 111, 112, 113, 114, 115, 116, 117, 129, 130, 131, 132, 133, 134, 135, 136, 137, 149, 150, 151, 152, 153, 154, 155, 156, 157
00665, 9, 10, 11, 12, 13, 14, 15, 16, 17, 29, 30, 31, 32, 33, 34, 35, 36, 37, 49, 50, 51, 52, 53, 54, 55, 56, 57, 69, 70, 71, 72, 73, 74, 75, 76, 77, 89, 90, 91, 92, 93, 94, 95, 96, 97, 109, 110, 111, 112, 113, 114, 115, 116, 117, 129, 130, 131, 132, 133, 134, 135, 136, 137, 149, 150, 151, 152, 153, 154, 155, 156, 157
00666, 9, 10, 11, 12, 13, 14, 15, 16, 17, 29, 30, 31, 32, 33, 34, 35, 36, 37, 49, 50, 51, 52, 53, 54, 55, 56, 57, 69, 70, 71, 72, 73, 74, 75, 76, 77, 89, 90, 91, 92, 93, 94, 95, 96, 97, 109, 110, 111, 112, 113, 114, 115, 116, 117, 129, 130, 131, 132, 133, 134, 135, 136, 137, 149, 150, 151, 152, 153, 154, 155, 156, 157
00667, 9, 10, 11, 12, 13, 14, 15, 16, 17, 29, 30, 31, 32, 33, 34, 35, 36, 37, 49, 50, 51, 52, 53, 54, 55, 56, 57, 69, 70, 71, 72, 73, 74, 75, 76, 77, 89, 90, 91, 92, 93, 94, 95, 96, 97, 109, 110, 111, 112, 113, 114, 115, 116, 117, 129, 130, 131, 132, 133, 134, 135, 136, 137, 149, 150, 151, 152, 153, 154, 155, 156, 157
00668, 9, 10, 11, 12, 13, 14, 15, 16, 17, 29, 30, 31, 32, 33, 34, 35, 36, 37, 49, 50, 51, 52, 53, 54, 55, 56, 57, 69, 70, 71, 72, 73, 74, 75, 76, 77, 89, 90, 91, 92, 93, 94, 95, 96, 97, 109, 110, 111, 112, 113, 114, 115, 116, 117, 129, 130, 131, 132, 133, 134, 135, 136, 137, 149, 150, 151, 152, 153, 154, 155, 156, 157
00669, 9, 10, 11, 12, 13, 14, 15, 16, 17, 29, 30, 31, 32, 33, 34, 35, 36, 37, 49, 50, 51, 52, 53, 54, 55, 56, 57, 69, 70, 71, 72, 73, 74, 75, 76, 77, 89, 90, 91, 92, 93, 94, 95, 96, 97, 109, 110, 111, 112, 113, 114, 115, 116, 117, 129, 130, 131, 132, 133, 134, 135, 136, 137, 149, 150, 151, 152, 153, 154, 155, 156, 157
00670, 9, 10, 11, 12, 13, 14, 15, 16, 17, 29, 30, 31, 32, 33, 34, 35, 36, 37, 49, 50, 51, 52, 53, 54, 55, 56, 57, 69, 70, 71, 72, 73, 74, 75, 76, 77, 89, 90, 91, 92, 93, 94, 95, 96, 97, 109, 110, 111, 112, 113, 114, 115, 116, 117, 129, 130, 131, 132, 133, 134, 135, 136, 137, 149, 150, 151, 152, 153, 154, 155, 156, 157
00671, 9, 10, 11, 12, 13, 14, 15, 16, 17, 29, 30, 31, 32, 33, 34, 35, 36, 37, 49, 50, 51, 52, 53, 54, 55, 56, 57, 69, 70, 71, 72, 73, 74, 75, 76, 77, 89, 90, 91, 92, 93, 94, 95, 96, 97, 109, 110, 111, 112, 113, 114, 115, 116, 117, 129, 130, 131, 132, 133, 134, 135, 136, 137, 149, 150, 151, 152, 153, 154, 155, 156, 157
00672, 9, 10, 11, 12, 13, 14, 15, 16, 17, 29, 30, 31, 32, 33, 34, 35, 36, 37, 49, 50, 51, 52, 53, 54, 55, 56, 57, 69, 70, 71, 72, 73, 74, 75, 76, 77, 89, 90, 91, 92, 93, 94, 95, 96, 97, 109, 110, 111, 112, 113, 114, 115, 116, 117, 129, 130, 131, 132, 133, 134, 135, 136, 137, 149, 150, 151, 152, 153, 154, 155, 156, 157
00673, 10, 11, 12, 13, 14, 15, 16, 17, 18, 30, 31, 32, 33, 34, 35, 36, 37, 38, 50, 51, 52, 53, 54, 55, 56, 57, 58, 70, 71, 72, 73, 74, 75, 76, 77, 78, 90, 91, 92, 93, 94, 95, 96, 97, 98, 110, 111, 112, 113, 114, 115, 116, 117, 118, 130, 131, 132, 133, 134, 135, 136, 137, 138, 150, 151, 152, 153, 154, 155, 156, 157, 158
00674, 10, 11, 12, 13, 14, 15, 16, 17, 18, 30, 31, 32, 33, 34, 35, 36, 37, 38, 50, 51, 52, 53, 54, 55, 56, 57, 58, 70, 71, 72, 73, 74, 75, 76, 77, 78, 90, 91, 92, 93, 94, 95, 96, 97, 98, 110, 111, 112, 113, 114, 115, 116, 117, 118, 130, 131, 132, 133, 134, 135, 136, 137, 138, 150, 151, 152, 153, 154, 155, 156, 157, 158
00675, 10, 11, 12, 13, 14, 15, 16, 17, 18, 30, 31, 32, 33, 34, 35, 36, 37, 38, 50, 51, 52, 53, 54, 55, 56, 57, 58, 70, 71, 72, 73, 74, 75, 76, 77, 78, 90, 91, 92, 93, 94, 95, 96, 97, 98, 110, 111, 112, 113, 114, 115, 116, 117, 118, 130, 131, 132, 133, 134, 135, 136, 137, 138, 150, 151, 152, 153, 154, 155, 156, 157, 158
00676, 10, 11, 12, 13, 14, 15, 16, 17, 18, 30, 31, 32, 33, 34, 35, 36, 37, 38, 50, 51, 52, 53, 54, 55, 56, 57, 58, 70, 71, 72, 73, 74, 75, 76, 77, 78, 90, 91, 92, 93, 94, 95, 96, 97, 98, 110, 111, 112, 113, 114, 115, 116, 117, 118, 130, 131, 132, 133, 134, 135, 136, 137, 138, 150, 151, 152, 153, 154, 155, 156, 157, 158
00677, 10, 11, 12, 13, 14, 15, 16, 17, 18, 30, 31, 32, 33, 34, 35, 36, 37, 38, 50, 51, 52, 53, 54, 55, 56, 57, 58, 70, 71, 72, 73, 74, 75, 76, 77, 78, 90, 91, 92, 93, 94, 95, 96, 97, 98, 110, 111, 112, 113, 114, 115, 116, 117, 118, 130, 131, 132, 133, 134, 135, 136, 137, 138, 150, 151, 152, 153, 154, 155, 156, 157, 158
00678, 10, 11, 12, 13, 14, 15, 16, 17, 18, 30, 31, 32, 33, 34, 35, 36, 37, 38, 50, 51, 52, 53, 54, 55, 56, 57, 58, 70, 71, 72, 73, 74, 75, 76, 77, 78, 90, 91, 92, 93, 94, 95, 96, 97, 98, 110, 111, 112, 113, 114, 115, 116, 117, 118, 130, 131, 132, 133, 134, 135, 136, 137, 138, 150, 151, 152, 153, 154, 155, 156, 157, 158
00679, 10, 11, 12, 13, 14, 15, 16, 17, 18, 30, 31, 32, 33, 34, 35, 36, 37, 38, 50, 51, 52, 53, 54, 55, 56, 57, 58, 70, 71, 72, 73, 74, 75, 76, 77, 78, 90, 91, 92, 93, 94, 95, 96, 97, 98, 110, 111, 112, 113, 114, 115, 116, 117, 118, 130, 131, 132, 133, 134, 135, 136, 137, 138, 150, 151, 152, 153, 154, 155, 156, 157, 158
00680, 10, 11, 12, 13, 14, 15, 16, 17, 18, 30, 31, 32, 33, 34, 35, 36, 37, 38, 50, 51, 52, 53, 54, 55, 56, 57, 58, 70, 71, 72, 73, 74, 75, 76, 77, 78, 90, 91, 92, 93, 94, 95, 96, 97, 98, 110, 111, 112, 113, 114, 115, 116, 117, 118, 130, 131, 132, 133, 134, 135, 136, 137, 138, 150, 151, 152, 153, 154, 155, 156, 157, 158
00681, 10, 11, 12, 13, 14, 15, 16, 17, 18, 30, 31, 32, 33, 34, 35, 36, 37, 38, 50, 51, 52, 53, 54, 55, 56, 57, 58, 70, 71, 72, 73, 74, 75, 76, 77, 78, 90, 91, 92, 93, 94, 95, 96, 97, 98, 110, 111, 112, 113, 114, 115, 116, 117, 118, 130, 131, 132, 133, 134, 135, 136, 137, 138, 150, 151, 152, 153, 154, 155, 156, 157, 158
00682, 10, 11, 12, 13, 14, 15, 16, 17, 18, 30, 31, 32, 33, 34, 35, 36, 37, 38, 50, 51, 52, 53, 54, 55, 56, 57, 58, 70, 71, 72, 73, 74, 75, 76, 77, 78, 90, 91, 92, 93, 94, 95, 96, 97, 98, 110, 111, 112, 113, 114, 115, 116, 117, 118, 130, 131, 132, 133, 134, 135, 136, 137, 138, 150, 151, 152, 153, 154, 155, 156, 157, 158
00683, 10, 11, 12, 13, 14, 15, 16, 17, 18, 30, 31, 32, 33, 34, 35, 36, 37, 38, 50, 51, 52, 53, 54, 55, 56, 57, 58, 70, 71, 72, 73, 74, 75, 76, 77, 78, 90, 91, 92, 93, 94, 95, 96, 97, 98, 110, 111, 112, 113, 114, 115, 116, 117, 118, 130, 131, 132, 133, 134, 135, 136, 137, 138, 150, 151, 152, 153, 154, 155, 156, 157, 158
00684, 10, 11, 12, 13, 14, 15, 16, 17, 18, 30, 31, 32, 33, 34, 35, 36, 37, 38, 50, 51, 52, 53, 54, 55, 56, 57, 58, 70, 71, 72, 73, 74, 75, 76, 77, 78, 90, 91, 92, 93, 94, 95, 96, 97, 98, 110, 111, 112, 113, 114, 115, 116, 117, 118, 130, 131, 132, 133, 134, 135, 136, 137, 138, 150, 151, 152, 153, 154, 155, 156, 157, 158
00685, 10, 11, 12, 13, 14, 15, 16, 17, 18, 30, 31, 32, 33, 34, 35, 36, 37, 38, 50, 51, 52, 53, 54, 55, 56, 57, 58, 70, 71, 72, 73, 74, 75, 76, 77, 78, 90, 91, 92, 93, 94, 95, 96, 97, 98, 110, 111, 112, 113, 114, 115, 116, 117, 118, 130, 131, 132, 133, 134, 135, 136, 137, 138, 150, 151, 152, 153, 154, 155, 156, 157, 158
00686, 10, 11, 12, 13, 14, 15, 16, 17, 18, 30, 31, 32, 33, 34, 35, 36, 37, 38, 50, 51, 52, 53, 54, 55, 56, 57, 58, 70, 71, 72, 73, 74, 75, 76, 77, 78, 90, 91, 92, 93, 94, 95, 96, 97, 98, 110, 111, 112, 113, 114, 115, 116, 117, 118, 130, 131, 132, 133, 134, 135, 136, 137, 138, 150, 151, 152, 153, 154, 155, 156, 157, 158
00687, 10, 11, 12, 13, 14, 15, 16, 17, 18, 30, 31, 32, 33, 34, 35, 36, 37, 38, 50, 51, 52, 53, 54, 55, 56, 57, 58, 70, 71, 72, 73, 74, 75, 76, 77, 78, 90, 91, 92, 93, 94, 95, 96, 97, 98, 110, 111, 112, 113, 114, 115, 116, 117, 118, 130, 131, 132, 133, 134, 135, 136, 137, 138, 150, 151, 152, 153, 154, 155, 156, 157, 158
00688, 10, 11, 12, 13, 14, 15, 16, 17, 18, 30, 31, 32, 33, 34, 35, 36, 37, 38, 50, 51, 52, 53, 54, 55, 56, 57, 58, 70, 71, 72, 73, 74, 75, 76, 77, 78, 90, 91, 92, 93, 94, 95, 96, 97, 98, 110, 111, 112, 113, 114, 115, 116, 117, 118, 130, 131, 132, 133, 134, 135, 136, 137, 138, 150, 151, 152, 153, 154, 155, 156, 157, 158
00689, 10, 11, 12, 13, 14, 15, 16, 17, 18, 30, 31, 32, 33, 34, 35, 36, 37, 38, 50, 51, 52, 53, 54, 55, 56, 57, 58, 70, 71, 72, 73, 74, 75, 76, 77, 78, 90, 91, 92, 93, 94, 95, 96, 97, 98, 110, 111, 112, 113, 114, 115, 116, 117, 118, 130, 131, 132, 133, 134, 135, 136, 137, 138, 150, 151, 152, 153, 154, 155, 156, 157, 158
00690, 10, 11, 12, 13, 14, 15, 16, 17, 18, 30, 31, 32, 33, 34, 35, 36, 37, 38, 50, 51, 52, 53, 54, 55, 56, 57, 58, 70, 71, 72, 73, 74, 75, 76, 77, 78, 90, 91, 92, 93, 94, 95, 96, 97, 98, 110, 111, 112, 113, 114, 115, 116, 117, 118, 130, 131, 132, 133, 134, 135, 136, 137, 138, 150, 151, 152, 153, 154, 155, 156, 157, 158
00691, 10, 11, 12, 13, 14, 15, 16, 17, 18, 30, 31, 32, 33, 34, 35, 36, 37, 38, 50, 51, 52, 53, 54, 55, 56, 57, 58, 70, 71, 72, 73, 74, 75, 76, 77, 78, 90, 91, 92, 93, 94, 95, 96, 97, 98, 110, 111, 112, 113, 114, 115, 116, 117, 118, 130, 131, 132, 133, 134, 135, 136, 137, 138, 150, 151, 152, 153, 154, 155, 156, 157, 158
00692, 10, 11, 12, 13, 14, 15, 16, 17, 18, 30, 31, 32, 33, 34, 35, 36, 37, 38, 50, 51, 52, 53, 54, 55, 56, 57, 58, 70, 71, 72, 73, 74, 75, 76, 77, 78, 90, 91, 92, 93, 94, 95, 96, 97, 98, 110, 111, 112, 113, 114, 115, 116, 117, 118, 130, 131, 132, 133, 134, 135, 136, 137, 138, 150, 151, 152, 153, 154, 155, 156, 157, 158
00693, 10, 11, 12, 13, 14, 15, 16, 17, 18, 30, 31, 32, 33, 34, 35, 36, 37, 38, 50, 51, 52, 53, 54, 55, 56, 57, 58, 70, 71, 72, 73, 74, 75, 76, 77, 78, 90, 91, 92, 93, 94, 95, 96, 97, 98, 110, 111, 112, 113, 114, 115, 116, 117, 118, 130, 131, 132, 133, 134, 135, 136, 137, 138, 150, 151, 152, 153, 154, 155, 156, 157, 158
00694, 10, 11, 12, 13, 14, 15, 16, 17, 18, 30, 31, 32, 33, 34, 35, 36, 37, 38, 50, 51, 52, 53, 54, 55, 56, 57, 58, 70, 71, 72, 73, 74, 75, 76, 77, 78, 90, 91, 92, 93, 94, 95, 96, 97, 98, 110, 111, 112, 113, 114, 115, 116, 117, 118, 130, 131, 132, 133, 134, 135, 136, 137, 138, 150, 151, 152, 153, 154, 155, 156, 157, 158
00695, 11, 12, 13, 14, 15, 16, 17, 18, 19, 31, 32, 33, 34, 35, 36, 37, 38, 39, 51, 52, 53, 54, 55, 56, 57, 58, 59, 71, 72, 73, 74, 75, 76, 77, 78, 79, 91, 92, 93, 94, 95, 96, 97, 98, 99, 111, 112, 113, 114, 115, 116, 117, 118, 119, 131, 132, 133, 134, 135, 136, 137, 138, 139, 151, 152, 153, 154, 155, 156, 157, 158, 159
00696, 11, 12, 13, 14, 15, 16, 17, 18, 19, 31, 32, 33, 34, 35, 36, 37, 38, 39, 51, 52, 53, 54, 55, 56, 57, 58, 59, 71, 72, 73, 74, 75, 76, 77, 78, 79, 91, 92, 93, 94, 95, 96, 97, 98, 99, 111, 112, 113, 114, 115, 116, 117, 118, 119, 131, 132, 133, 134, 135, 136, 137, 138, 139, 151, 152, 153, 154, 155, 156, 157, 158, 159
00697, 11, 12, 13, 14, 15, 16, 17, 18, 19, 31, 32, 33, 34, 35, 36, 37, 38, 39, 51, 52, 53, 54, 55, 56, 57, 58, 59, 71, 72, 73, 74, 75, 76, 77, 78, 79, 91, 92, 93, 94, 95, 96, 97, 98, 99, 111, 112, 113, 114, 115, 116, 117, 118, 119, 131, 132, 133, 134, 135, 136, 137, 138, 139, 151, 152, 153, 154, 155, 156, 157, 158, 159
00698, 11, 12, 13, 14, 15, 16, 17, 18, 19, 31, 32, 33, 34, 35, 36, 37, 38, 39, 51, 52, 53, 54, 55, 56, 57, 58, 59, 71, 72, 73, 74, 75, 76, 77, 78, 79, 91, 92, 93, 94, 95, 96, 97, 98, 99, 111, 112, 113, 114, 115, 116, 117, 118, 119, 131, 132, 133, 134, 135, 136, 137, 138, 139, 151, 152, 153, 154, 155, 156, 157, 158, 159
00699, 11, 12, 13, 14, 15, 16, 17, 18, 19, 31, 32, 33, 34, 35, 36, 37, 38, 39, 51, 52, 53, 54, 55, 56, 57, 58, 59, 71, 72, 73, 74, 75, 76, 77, 78, 79, 91, 92, 93, 94, 95, 96, 97, 98, 99, 111, 112, 113, 114, 115, 116, 117, 118, 119, 131, 132, 133, 134, 135, 136, 137, 138, 139, 151, 152, 153, 154, 155, 156, 157, 158, 159
00700, 11, 12, 13, 14, 15, 16, 17, 18, 19, 31, 32, 33, 34, 35, 36, 37, 38, 39, 51, 52, 53, 54, 55, 56, 57, 58, 59, 71, 72, 73, 74, 75, 76, 77, 78, 79, 91, 92, 93, 94, 95, 96, 97, 98, 99, 111, 112, 113, 114, 115, 116, 117, 118, 119, 131, 132, 133, 134, 135, 136, 137, 138, 139, 151, 152, 153, 154, 155, 156, 157, 158, 159
00701, 11, 12, 13, 14, 15, 16, 17, 18, 19, 31, 32, 33, 34, 35, 36, 37, 38, 39, 51, 52, 53, 54, 55, 56, 57, 58, 59, 71, 72, 73, 74, 75, 76, 77, 78, 79, 91, 92, 93, 94, 95, 96, 97, 98, 99, 111, 112, 113, 114, 115, 116, 117, 118, 119, 131, 132, 133, 134, 135, 136, 137, 138, 139, 151, 152, 153, 154, 155, 156, 157, 158, 159
00702, 11, 12, 13, 14, 15, 16, 17, 18, 19, 31, 32, 33, 34, 35, 36, 37, 38, 39, 51, 52, 53, 54, 55, 56, 57, 58, 59, 71, 72, 73, 74, 75, 76, 77, 78, 79, 91, 92, 93, 94, 95, 96, 97, 98, 99, 111, 112, 113, 114, 115, 116, 117, 118, 119, 131, 132, 133, 134, 135, 136, 137, 138, 139, 151, 152, 153, 154, 155, 156, 157, 158, 159
00703, 11, 12, 13, 14, 15, 16, 17, 18, 19, 31, 32, 33, 34, 35, 36, 37, 38, 39, 51, 52, 53, 54, 55, 56, 57, 58, 59, 71, 72, 73, 74, 75, 76, 77, 78, 79, 91, 92, 93, 94, 95, 96, 97, 98, 99, 111, 112, 113, 114, 115, 116, 117, 118, 119, 131, 132, 133, 134, 135, 136, 137, 138, 139, 151, 152, 153, 154, 155, 156, 157, 158, 159
00704, 11, 12, 13, 14, 15, 16, 17, 18, 19, 31, 32, 33, 34, 35, 36, 37, 38, 39, 51, 52, 53, 54, 55, 56, 57, 58, 59, 71, 72, 73, 74, 75, 76, 77, 78, 79, 91, 92, 93, 94, 95, 96, 97, 98, 99, 111, 112, 113, 114, 115, 116, 117, 118, 119, 131, 132, 133, 134, 135, 136, 137, 138, 139, 151, 152, 153, 154, 155, 156, 157, 158, 159
00705, 11, 12, 13, 14, 15, 16, 17, 18, 19, 31, 32, 33, 34, 35, 36, 37, 38, 39, 51, 52, 53, 54, 55, 56, 57, 58, 59, 71, 72, 73, 74, 75, 76, 77, 78, 79, 91, 92, 93, 94, 95, 96, 97, 98, 99, 111, 112, 113, 114, 115, 116, 117, 118, 119, 131, 132, 133, 134, 135, 136, 137, 138, 139, 151, 152, 153, 154, 155, 156, 157, 158, 159
00706, 11, 12, 13, 14, 15, 16, 17, 18, 19, 31, 32, 33, 34, 35, 36, 37, 38, 39, 51, 52, 53, 54, 55, 56, 57, 58, 59, 71, 72, 73, 74, 75, 76, 77, 78, 79, 91, 92, 93, 94, 95, 96, 97, 98, 99, 111, 112, 113, 114, 115, 116, 117, 118, 119, 131, 132, 133, 134, 135, 136, 137, 138, 139, 151, 152, 153, 154, 155, 156, 157, 158, 159
00707, 11, 12, 13, 14, 15, 16, 17, 18, 19, 31, 32, 33, 34, 35, 36, 37, 38, 39, 51, 52, 53, 54, 55, 56, 57, 58, 59, 71, 72, 73, 74, 75, 76, 77, 78, 79, 91, 92, 93, 94, 95, 96, 97, 98, 99, 111, 112, 113, 114, 115, 116, 117, 118, 119, 131, 132, 133, 134, 135, 136, 137, 138, 139, 151, 152, 153, 154, 155, 156, 157, 158, 159
00708, 11, 12, 13, 14, 15, 16, 17, 18, 19, 31, 32, 33, 34, 35, 36, 37, 38, 39, 51, 52, 53, 54, 55, 56, 57, 58, 59, 71, 72, 73, 74, 75, 76, 77, 78, 79, 91, 92, 93, 94, 95, 96, 97, 98, 99, 111, 112, 113, 114, 115, 116, 117, 118, 119, 131, 132, 133, 134, 135, 136, 137, 138, 139, 151, 152, 153, 154, 155, 156, 157, 158, 159
00709, 11, 12, 13, 14, 15, 16, 17, 18, 19, 31, 32, 33, 34, 35, 36, 37, 38, 39, 51, 52, 53, 54, 55, 56, 57, 58, 59, 71, 72, 73, 74, 75, 76, 77, 78, 79, 91, 92, 93, 94, 95, 96, 97, 98, 99, 111, 112, 113, 114, 115, 116, 117, 118, 119, 131, 132, 133, 134, 135, 136, 137, 138, 139, 151, 152, 153, 154, 155, 156, 157, 158, 159
00710, 11, 12, 13, 14, 15, 16, 17, 18, 19, 31, 32, 33, 34, 35, 36, 37, 38, 39, 51, 52, 53, 54, 55, 56, 57, 58, 59, 71, 72, 73, 74, 75, 76, 77, 78, 79, 91, 92, 93, 94, 95, 96, 97, 98, 99, 111, 112, 113, 114, 115, 116, 117, 118, 119, 131, 132, 133, 134, 135, 136, 137, 138, 139, 151, 152, 153, 154, 155, 156, 157, 158, 159
00711, 11, 12, 13, 14, 15, 16, 17, 18, 19, 31, 32, 33, 34, 35, 36, 37, 38, 39, 51, 52, 53, 54, 55, 56, 57, 58, 59, 71, 72, 73, 74, 75, 76, 77, 78, 79, 91, 92, 93, 94, 95, 96, 97, 98, 99, 111, 112, 113, 114, 115, 116, 117, 118, 119, 131, 132, 133, 134, 135, 136, 137, 138, 139, 151, 152, 153, 154, 155, 156, 157, 158, 159
00712, 11, 12, 13, 14, 15, 16, 17, 18, 19, 31, 32, 33, 34, 35, 36, 37, 38, 39, 51, 52, 53, 54, 55, 56, 57, 58, 59, 71, 72, 73, 74, 75, 76, 77, 78, 79, 91, 92, 93, 94, 95, 96, 97, 98, 99, 111, 112, 113, 114, 115, 116, 117, 118, 119, 131, 132, 133, 134, 135, 136, 137, 138, 139, 151, 152, 153, 154, 155, 156, 157, 158, 159
00713, 11, 12, 13, 14, 15, 16, 17, 18, 19, 31, 32, 33, 34, 35, 36, 37, 38, 39, 51, 52, 53, 54, 55, 56, 57, 58, 59, 71, 72, 73, 74, 75, 76, 77, 78, 79, 91, 92, 93, 94, 95, 96, 97, 98, 99, 111, 112, 113, 114, 115, 116, 117, 118, 119, 131, 132, 133, 134, 135, 136, 137, 138, 139, 151, 152, 153, 154, 155, 156, 157, 158, 159
00714, 11, 12, 13, 14, 15, 16, 17, 18, 19, 31, 32, 33, 34, 35, 36, 37, 38, 39, 51, 52, 53, 54, 55, 56, 57, 58, 59, 71, 72, 73, 74, 75, 76, 77, 78, 79, 91, 92, 93, 94, 95, 96, 97, 98, 99, 111, 112, 113, 114, 115, 116, 117, 118, 119, 131, 132, 133, 134, 135, 136, 137, 138, 139, 151, 152, 153, 154, 155, 156, 157, 158, 159
00715, 11, 12, 13, 14, 15, 16, 17, 18, 19, 31, 32, 33, 34, 35, 36, 37, 38, 39, 51, 52, 53, 54, 55, 56, 57, 58, 59, 71, 72, 73, 74, 75, 76, 77, 78, 79, 91, 92, 93, 94, 95, 96, 97, 98, 99, 111, 112, 113, 114, 115, 116, 117, 118, 119, 131, 132, 133, 134, 135, 136, 137, 138, 139, 151, 152, 153, 154, 155, 156, 157, 158, 159
00716, 11, 12, 13, 14, 15, 16, 17, 18, 19, 31, 32, 33, 34, 35, 36, 37, 38, 39, 51, 52, 53, 54, 55, 56, 57, 58, 59, 71, 72, 73, 74, 75, 76, 77, 78, 79, 91, 92, 93, 94, 95, 96, 97, 98, 99, 111, 112, 113, 114, 115, 116, 117, 118, 119, 131, 132, 133, 134, 135, 136, 137, 138, 139, 151, 152, 153, 154, 155, 156, 157, 158, 159
00717, 11, 12, 13, 14, 15, 16, 17, 18, 19, 31, 32, 33, 34, 35, 36, 37, 38, 39, 51, 52, 53, 54, 55, 56, 57, 58, 59, 71, 72, 73, 74, 75, 76, 77, 78, 79, 91, 92, 93, 94, 95, 96, 97, 98, 99, 111, 112, 113, 114, 115, 116, 117, 118, 119, 131, 132, 133, 134, 135, 136, 137, 138, 139, 151, 152, 153, 154, 155, 156, 157, 158, 159
00718, 11, 12, 13, 14, 15, 16, 17, 18, 19, 31, 32, 33, 34, 35, 36, 37, 38, 39, 51, 52, 53, 54, 55, 56, 57, 58, 59, 71, 72, 73, 74, 75, 76, 77, 78, 79, 91, 92, 93, 94, 95, 96, 97, 98, 99, 111, 112, 113, 114, 115, 116, 117, 118, 119, 131, 132, 133, 134, 135, 136, 137, 138, 139, 151, 152, 153, 154, 155, 156, 157, 158, 159
00719, 11, 12, 13, 14, 15, 16, 17, 18, 19, 31, 32, 33, 34, 35, 36, 37, 38, 39, 51, 52, 53, 54, 55, 56, 57, 58, 59, 71, 72, 73, 74, 75, 76, 77, 78, 79, 91, 92, 93, 94, 95, 96, 97, 98, 99, 111, 112, 113, 114, 115, 116, 117, 118, 119, 131, 132, 133, 134, 135, 136, 137, 138, 139, 151, 152, 153, 154, 155, 156, 157, 158, 159
00720, 11, 12, 13, 14, 15, 16, 17, 18, 19, 31, 32, 33, 34, 35, 36, 37, 38, 39, 51, 52, 53, 54, 55, 56, 57, 58, 59, 71, 72, 73, 74, 75, 76, 77, 78, 79, 91, 92, 93, 94, 95, 96, 97, 98, 99, 111, 112, 113, 114, 115, 116, 117, 118, 119, 131, 132, 133, 134, 135, 136, 137, 138, 139, 151, 152, 153, 154, 155, 156, 157, 158, 159
00721, 11, 12, 13, 14, 15, 16, 17, 18, 19, 31, 32, 33, 34, 35, 36, 37, 38, 39, 51, 52, 53, 54, 55, 56, 57, 58, 59, 71, 72, 73, 74, 75, 76, 77, 78, 79, 91, 92, 93, 94, 95, 96, 97, 98, 99, 111, 112, 113, 114, 115, 116, 117, 118, 119, 131, 132, 133, 134, 135, 136, 137, 138, 139, 151, 152, 153, 154, 155, 156, 157, 158, 159
00722, 11, 12, 13, 14, 15, 16, 17, 18, 19, 31, 32, 33, 34, 35, 36, 37, 38, 39, 51, 52, 53, 54, 55, 56, 57, 58, 59, 71, 72, 73, 74, 75, 76, 77, 78, 79, 91, 92, 93, 94, 95, 96, 97, 98, 99, 111, 112, 113, 114, 115, 116, 117, 118, 119, 131, 132, 133, 134, 135, 136, 137, 138, 139, 151, 152, 153, 154, 155, 156, 157, 158, 159
00723, 11, 12, 13, 14, 15, 16, 17, 18, 19, 31, 32, 33, 34, 35, 36, 37, 38, 39, 51, 52, 53, 54, 55, 56, 57, 58, 59, 71, 72, 73, 74, 75, 76, 77, 78, 79, 91, 92, 93, 94, 95, 96, 97, 98, 99, 111, 112, 113, 114, 115, 116, 117, 118, 119, 131, 132, 133, 134, 135, 136, 137, 138, 139, 151, 152, 153, 154, 155, 156, 157, 158, 159
00724, 11, 12, 13, 14, 15, 16, 17, 18, 19, 31, 32, 33, 34, 35, 36, 37, 38, 39, 51, 52, 53, 54, 55, 56, 57, 58, 59, 71, 72, 73, 74, 75, 76, 77, 78, 79, 91, 92, 93, 94, 95, 96, 97, 98, 99, 111, 112, 113, 114, 115, 116, 117, 118, 119, 131, 132, 133, 134, 135, 136, 137, 138, 139, 151, 152, 153, 154, 155, 156, 157, 158, 159
00725, 11, 12, 13, 14, 15, 16, 17, 18, 19, 31, 32, 33, 34, 35, 36, 37, 38, 39, 51, 52, 53, 54, 55, 56, 57, 58, 59, 71, 72, 73, 74, 75, 76, 77, 78, 79, 91, 92, 93, 94, 95, 96, 97, 98, 99, 111, 112, 113, 114, 115, 116, 117, 118, 119, 131, 132, 133, 134, 135, 136, 137, 138, 139, 151, 152, 153, 154, 155, 156, 157, 158, 159
00726, 11, 12, 13, 14, 15, 16, 17, 18, 19, 31, 32, 33, 34, 35, 36, 37, 38, 39, 51, 52, 53, 54, 55, 56, 57, 58, 59, 71, 72, 73, 74, 75, 76, 77, 78, 79, 91, 92, 93, 94, 95, 96, 97, 98, 99, 111, 112, 113, 114, 115, 116, 117, 118, 119, 131, 132, 133, 134, 135, 136, 137, 138, 139, 151, 152, 153, 154, 155, 156, 157, 158, 159
00727, 11, 12, 13, 14, 15, 16, 17, 18, 19, 31, 32, 33, 34, 35, 36, 37, 38, 39, 51, 52, 53, 54, 55, 56, 57, 58, 59, 71, 72, 73, 74, 75, 76, 77, 78, 79, 91, 92, 93, 94, 95, 96, 97, 98, 99, 111, 112, 113, 114, 115, 116, 117, 118, 119, 131, 132, 133, 134, 135, 136, 137, 138, 139, 151, 152, 153, 154, 155, 156, 157, 158, 159, 171, 172, 173, 174, 175, 176, 177, 178, 179
00728, 11, 12, 13, 14, 15, 16, 17, 18, 19, 31, 32, 33, 34, 35, 36, 37, 38, 39, 51, 52, 53, 54, 55, 56, 57, 58, 59, 71, 72, 73, 74, 75, 76, 77, 78, 79, 91, 92, 93, 94, 95, 96, 97, 98, 99, 111, 112, 113, 114, 115, 116, 117, 118, 119, 131, 132, 133, 134, 135, 136, 137, 138, 139, 151, 152, 153, 154, 155, 156, 157, 158, 159, 171, 172, 173, 174, 175, 176, 177, 178, 179
00729, 11, 12, 13, 14, 15, 16, 17, 18, 19, 31, 32, 33, 34, 35, 36, 37, 38, 39, 51, 52, 53, 54, 55, 56, 57, 58, 59, 71, 72, 73, 74, 75, 76, 77, 78, 79, 91, 92, 93, 94, 95, 96, 97, 98, 99, 111, 112, 113, 114, 115, 116, 117, 118, 119, 131, 132, 133, 134, 135, 136, 137, 138, 139, 151, 152, 153, 154, 155, 156, 157, 158, 159, 171, 172, 173, 174, 175, 176, 177, 178, 179
00730, 11, 12, 13, 14, 15, 16, 17, 18, 19, 31, 32, 33, 34, 35, 36, 37, 38, 39, 51, 52, 53, 54, 55, 56, 57, 58, 59, 71, 72, 73, 74, 75, 76, 77, 78, 79, 91, 92, 93, 94, 95, 96, 97, 98, 99, 111, 112, 113, 114, 115, 116, 117, 118, 119, 131, 132, 133, 134, 135, 136, 137, 138, 139, 151, 152, 153, 154, 155, 156, 157, 158, 159, 171, 172, 173, 174, 175, 176, 177, 178, 179
00731, 11, 12, 13, 14, 15, 16, 17, 18, 19, 31, 32, 33, 34, 35, 36, 37, 38, 39, 51, 52, 53, 54, 55, 56, 57, 58, 59, 71, 72, 73, 74, 75, 76, 77, 78, 79, 91, 92, 93, 94, 95, 96, 97, 98, 99, 111, 112, 113, 114, 115, 116, 117, 118, 119, 131, 132, 133, 134, 135, 136, 137, 138, 139, 151, 152, 153, 154, 155, 156, 157, 158, 159, 171, 172, 173, 174, 175, 176, 177, 178, 179
00732, 12, 13, 14, 15, 16, 17, 18, 19, 32, 33, 34, 35, 36, 37, 38, 39, 52, 53, 54, 55, 56, 57, 58, 59, 72, 73, 74, 75, 76, 77, 78, 79, 92, 93, 94, 95, 96, 97, 98, 99, 112, 113, 114, 115, 116, 117, 118, 119, 132, 133, 134, 135, 136, 137, 138, 139, 152, 153, 154, 155, 156, 157, 158, 159, 172, 173, 174, 175, 176, 177, 178, 179
00733, 12, 13, 14, 15, 16, 17, 18, 19, 32, 33, 34, 35, 36, 37, 38, 39, 52, 53, 54, 55, 56, 57, 58, 59, 72, 73, 74, 75, 76, 77, 78, 79, 92, 93, 94, 95, 96, 97, 98, 99, 112, 113, 114, 115, 116, 117, 118, 119, 132, 133, 134, 135, 136, 137, 138, 139, 152, 153, 154, 155, 156, 157, 158, 159, 172, 173, 174, 175, 176, 177, 178, 179
00734, 12, 13, 14, 15, 16, 17, 18, 19, 32, 33, 34, 35, 36, 37, 38, 39, 52, 53, 54, 55, 56, 57, 58, 59, 72, 73, 74, 75, 76, 77, 78, 79, 92, 93, 94, 95, 96, 97, 98, 99, 112, 113, 114, 115, 116, 117, 118, 119, 132, 133, 134, 135, 136, 137, 138, 139, 152, 153, 154, 155, 156, 157, 158, 159, 172, 173, 174, 175, 176, 177, 178, 179
00735, 12, 13, 14, 15, 16, 17, 18, 19, 32, 33, 34, 35, 36, 37, 38, 39, 52, 53, 54, 55, 56, 57, 58, 59, 72, 73, 74, 75, 76, 77, 78, 79, 92, 93, 94, 95, 96, 97, 98, 99, 112, 113, 114, 115, 116, 117, 118, 119, 132, 133, 134, 135, 136, 137, 138, 139, 152, 153, 154, 155, 156, 157, 158, 159, 172, 173, 174, 175, 176, 177, 178, 179
00736, 12, 13, 14, 15, 16, 17, 18, 19, 32, 33, 34, 35, 36, 37, 38, 39, 52, 53, 54, 55, 56, 57, 58, 59, 72, 73, 74, 75, 76, 77, 78, 79, 92, 93, 94, 95, 96, 97, 98, 99, 112, 113, 114, 115, 116, 117, 118, 119, 132, 133, 134, 135, 136, 137, 138, 139, 152, 153, 154, 155, 156, 157, 158, 159, 172, 173, 174, 175, 176, 177, 178, 179
00737, 12, 13, 14, 15, 16, 17, 18, 19, 32, 33, 34, 35, 36, 37, 38, 39, 52, 53, 54, 55, 56, 57, 58, 59, 72, 73, 74, 75, 76, 77, 78, 79, 92, 93, 94, 95, 96, 97, 98, 99, 112, 113, 114, 115, 116, 117, 118, 119, 132, 133, 134, 135, 136, 137, 138, 139, 152, 153, 154, 155, 156, 157, 158, 159, 172, 173, 174, 175, 176, 177, 178, 179
00738, 12, 13, 14, 15, 16, 17, 18, 19, 32, 33, 34, 35, 36, 37, 38, 39, 52, 53, 54, 55, 56, 57, 58, 59, 72, 73, 74, 75, 76, 77, 78, 79, 92, 93, 94, 95, 96, 97, 98, 99, 112, 113, 114, 115, 116, 117, 118, 119, 132, 133, 134, 135, 136, 137, 138, 139, 152, 153, 154, 155, 156, 157, 158, 159, 172, 173, 174, 175, 176, 177, 178, 179
00739, 12, 13, 14, 15, 16, 17, 18, 19, 32, 33, 34, 35, 36, 37, 38, 39, 52, 53, 54, 55, 56, 57, 58, 59, 72, 73, 74, 75, 76, 77, 78, 79, 92, 93, 94, 95, 96, 97, 98, 99, 112, 113, 114, 115, 116, 117, 118, 119, 132, 133, 134, 135, 136, 137, 138, 139, 152, 153, 154, 155, 156, 157, 158, 159, 172, 173, 174, 175, 176, 177, 178, 179
00740, 12, 13, 14, 15, 16, 17, 18, 19, 32, 33, 34, 35, 36, 37, 38, 39, 52, 53, 54, 55, 56, 57, 58, 59, 72, 73, 74, 75, 76, 77, 78, 79, 92, 93, 94, 95, 96, 97, 98, 99, 112, 113, 114, 115, 116, 117, 118, 119, 132, 133, 134, 135, 136, 137, 138, 139, 152, 153, 154, 155, 156, 157, 158, 159, 172, 173, 174, 175, 176, 177, 178, 179
00741, 12, 13, 14, 15, 16, 17, 18, 19, 32, 33, 34, 35, 36, 37, 38, 39, 52, 53, 54, 55, 56, 57, 58, 59, 72, 73, 74, 75, 76, 77, 78, 79, 92, 93, 94, 95, 96, 97, 98, 99, 112, 113, 114, 115, 116, 117, 118, 119, 132, 133, 134, 135, 136, 137, 138, 139, 152, 153, 154, 155, 156, 157, 158, 159, 172, 173, 174, 175, 176, 177, 178, 179
00742, 12, 13, 14, 15, 16, 17, 18, 19, 32, 33, 34, 35, 36, 37, 38, 39, 52, 53, 54, 55, 56, 57, 58, 59, 72, 73, 74, 75, 76, 77, 78, 79, 92, 93, 94, 95, 96, 97, 98, 99, 112, 113, 114, 115, 116, 117, 118, 119, 132, 133, 134, 135, 136, 137, 138, 139, 152, 153, 154, 155, 156, 157, 158, 159, 172, 173, 174, 175, 176, 177, 178, 179
00743, 12, 13, 14, 15, 16, 17, 18, 19, 32, 33, 34, 35, 36, 37, 38, 39, 52, 53, 54, 55, 56, 57, 58, 59, 72, 73, 74, 75, 76, 77, 78, 79, 92, 93, 94, 95, 96, 97, 98, 99, 112, 113, 114, 115, 116, 117, 118, 119, 132, 133, 134, 135, 136, 137, 138, 139, 152, 153, 154, 155, 156, 157, 158, 159, 172, 173, 174, 175, 176, 177, 178, 179
00744, 12, 13, 14, 15, 16, 17, 18, 19, 32, 33, 34, 35, 36, 37, 38, 39, 52, 53, 54, 55, 56, 57, 58, 59, 72, 73, 74, 75, 76, 77, 78, 79, 92, 93, 94, 95, 96, 97, 98, 99, 112, 113, 114, 115, 116, 117, 118, 119, 132, 133, 134, 135, 136, 137, 138, 139, 152, 153, 154, 155, 156, 157, 158, 159, 172, 173, 174, 175, 176, 177, 178, 179
00745, 12, 13, 14, 15, 16, 17, 18, 19, 32, 33, 34, 35, 36, 37, 38, 39, 52, 53, 54, 55, 56, 57, 58, 59, 72, 73, 74, 75, 76, 77, 78, 79, 92, 93, 94, 95, 96, 97, 98, 99, 112, 113, 114, 115, 116, 117, 118, 119, 132, 133, 134, 135, 136, 137, 138, 139, 152, 153, 154, 155, 156, 157, 158, 159, 172, 173, 174, 175, 176, 177, 178, 179
00746, 12, 13, 14, 15, 16, 17, 18, 19, 32, 33, 34, 35, 36, 37, 38, 39, 52, 53, 54, 55, 56, 57, 58, 59, 72, 73, 74, 75, 76, 77, 78, 79, 92, 93, 94, 95, 96, 97, 98, 99, 112, 113, 114, 115, 116, 117, 118, 119, 132, 133, 134, 135, 136, 137, 138, 139, 152, 153, 154, 155, 156, 157, 158, 159, 172, 173, 174, 175, 176, 177, 178, 179
00747, 12, 13, 14, 15, 16, 17, 18, 19, 32, 33, 34, 35, 36, 37, 38, 39, 52, 53, 54, 55, 56, 57, 58, 59, 72, 73, 74, 75, 76, 77, 78, 79, 92, 93, 94, 95, 96, 97, 98, 99, 112, 113, 114, 115, 116, 117, 118, 119, 132, 133, 134, 135, 136, 137, 138, 139, 152, 153, 154, 155, 156, 157, 158, 159, 172, 173, 174, 175, 176, 177, 178, 179
00748, 12, 13, 14, 15, 16, 17, 18, 19, 32, 33, 34, 35, 36, 37, 38, 39, 52, 53, 54, 55, 56, 57, 58, 59, 72, 73, 74, 75, 76, 77, 78, 79, 92, 93, 94, 95, 96, 97, 98, 99, 112, 113, 114, 115, 116, 117, 118, 119, 132, 133, 134, 135, 136, 137, 138, 139, 152, 153, 154, 155, 156, 157, 158, 159, 172, 173, 174, 175, 176, 177, 178, 179
00749, 12, 13, 14, 15, 16, 17, 18, 19, 32, 33, 34, 35, 36, 37, 38, 39, 52, 53, 54, 55, 56, 57, 58, 59, 72, 73, 74, 75, 76, 77, 78, 79, 92, 93, 94, 95, 96, 97, 98, 99, 112, 113, 114, 115, 116, 117, 118, 119, 132, 133, 134, 135, 136, 137, 138, 139, 152, 153, 154, 155, 156, 157, 158, 159, 172, 173, 174, 175, 176, 177, 178, 179
00750, 12, 13, 14, 15, 16, 17, 18, 19, 32, 33, 34, 35, 36, 37, 38, 39, 52, 53, 54, 55, 56, 57, 58, 59, 72, 73, 74, 75, 76, 77, 78, 79, 92, 93, 94, 95, 96, 97, 98, 99, 112, 113, 114, 115, 116, 117, 118, 119, 132, 133, 134, 135, 136, 137, 138, 139, 152, 153, 154, 155, 156, 157, 158, 159, 172, 173, 174, 175, 176, 177, 178, 179
00751, 12, 13, 14, 15, 16, 17, 18, 19, 32, 33, 34, 35, 36, 37, 38, 39, 52, 53, 54, 55, 56, 57, 58, 59, 72, 73, 74, 75, 76, 77, 78, 79, 92, 93, 94, 95, 96, 97, 98, 99, 112, 113, 114, 115, 116, 117, 118, 119, 132, 133, 134, 135, 136, 137, 138, 139, 152, 153, 154, 155, 156, 157, 158, 159, 172, 173, 174, 175, 176, 177, 178, 179
00752, 12, 13, 14, 15, 16, 17, 18, 19, 32, 33, 34, 35, 36, 37, 38, 39, 52, 53, 54, 55, 56, 57, 58, 59, 72, 73, 74, 75, 76, 77, 78, 79, 92, 93, 94, 95, 96, 97, 98, 99, 112, 113, 114, 115, 116, 117, 118, 119, 132, 133, 134, 135, 136, 137, 138, 139, 152, 153, 154, 155, 156, 157, 158, 159, 172, 173, 174, 175, 176, 177, 178, 179
00753, 12, 13, 14, 15, 16, 17, 18, 19, 32, 33, 34, 35, 36, 37, 38, 39, 52, 53, 54, 55, 56, 57, 58, 59, 72, 73, 74, 75, 76, 77, 78, 79, 92, 93, 94, 95, 96, 97, 98, 99, 112, 113, 114, 115, 116, 117, 118, 119, 132, 133, 134, 135, 136, 137, 138, 139, 152, 153, 154, 155, 156, 157, 158, 159, 172, 173, 174, 175, 176, 177, 178, 179
00754, 12, 13, 14, 15, 16, 17, 18, 19, 32, 33, 34, 35, 36, 37, 38, 39, 52, 53, 54, 55, 56, 57, 58, 59, 72, 73, 74, 75, 76, 77, 78, 79, 92, 93, 94, 95, 96, 97, 98, 99, 112, 113, 114, 115, 116, 117, 118, 119, 132, 133, 134, 135, 136, 137, 138, 139, 152, 153, 154, 155, 156, 157, 158, 159, 172, 173, 174, 175, 176, 177, 178, 179
00755, 12, 13, 14, 15, 16, 17, 18, 19, 32, 33, 34, 35, 36, 37, 38, 39, 52, 53, 54, 55, 56, 57, 58, 59, 72, 73, 74, 75, 76, 77, 78, 79, 92, 93, 94, 95, 96, 97, 98, 99, 112, 113, 114, 115, 116, 117, 118, 119, 132, 133, 134, 135, 136, 137, 138, 139, 152, 153, 154, 155, 156, 157, 158, 159, 172, 173, 174, 175, 176, 177, 178, 179
00756, 12, 13, 14, 15, 16, 17, 18, 19, 32, 33, 34, 35, 36, 37, 38, 39, 52, 53, 54, 55, 56, 57, 58, 59, 72, 73, 74, 75, 76, 77, 78, 79, 92, 93, 94, 95, 96, 97, 98, 99, 112, 113, 114, 115, 116, 117, 118, 119, 132, 133, 134, 135, 136, 137, 138, 139, 152, 153, 154, 155, 156, 157, 158, 159, 172, 173, 174, 175, 176, 177, 178, 179
00757, 12, 13, 14, 15, 16, 17, 18, 19, 32, 33, 34, 35, 36, 37, 38, 39, 52, 53, 54, 55, 56, 57, 58, 59, 72, 73, 74, 75, 76, 77, 78, 79, 92, 93, 94, 95, 96, 97, 98, 99, 112, 113, 114, 115, 116, 117, 118, 119, 132, 133, 134, 135, 136, 137, 138, 139, 152, 153, 154, 155, 156, 157, 158, 159, 172, 173, 174, 175, 176, 177, 178, 179
00758, 12, 13, 14, 15, 16, 17, 18, 19, 32, 33, 34, 35, 36, 37, 38, 39, 52, 53, 54, 55, 56, 57, 58, 59, 72, 73, 74, 75, 76, 77, 78, 79, 92, 93, 94, 95, 96, 97, 98, 99, 112, 113, 114, 115, 116, 117, 118, 119, 132, 133, 134, 135, 136, 137, 138, 139, 152, 153, 154, 155, 156, 157, 158, 159, 172, 173, 174, 175, 176, 177, 178, 179
00759, 12, 13, 14, 15, 16, 17, 18, 19, 32, 33, 34, 35, 36, 37, 38, 39, 52, 53, 54, 55, 56, 57, 58, 59, 72, 73, 74, 75, 76, 77, 78, 79, 92, 93, 94, 95, 96, 97, 98, 99, 112, 113, 114, 115, 116, 117, 118, 119, 132, 133, 134, 135, 136, 137, 138, 139, 152, 153, 154, 155, 156, 157, 158, 159, 172, 173, 174, 175, 176, 177, 178, 179
00760, 12, 13, 14, 15, 16, 17, 18, 19, 32, 33, 34, 35, 36, 37, 38, 39, 52, 53, 54, 55, 56, 57, 58, 59, 72, 73, 74, 75, 76, 77, 78, 79, 92, 93, 94, 95, 96, 97, 98, 99, 112, 113, 114, 115, 116, 117, 118, 119, 132, 133, 134, 135, 136, 137, 138, 139, 152, 153, 154, 155, 156, 157, 158, 159, 172, 173, 174, 175, 176, 177, 178, 179
00761, 12, 13, 14, 15, 16, 17, 18, 19, 32, 33, 34, 35, 36, 37, 38, 39, 52, 53, 54, 55, 56, 57, 58, 59, 72, 73, 74, 75, 76, 77, 78, 79, 92, 93, 94, 95, 96, 97, 98, 99, 112, 113, 114, 115, 116, 117, 118, 119, 132, 133, 134, 135, 136, 137, 138, 139, 152, 153, 154, 155, 156, 157, 158, 159, 172, 173, 174, 175, 176, 177, 178, 179
00762, 12, 13, 14, 15, 16, 17, 18, 19, 32, 33, 34, 35, 36, 37, 38, 39, 52, 53, 54, 55, 56, 57, 58, 59, 72, 73, 74, 75, 76, 77, 78, 79, 92, 93, 94, 95, 96, 97, 98, 99, 112, 113, 114, 115, 116, 117, 118, 119, 132, 133, 134, 135, 136, 137, 138, 139, 152, 153, 154, 155, 156, 157, 158, 159, 172, 173, 174, 175, 176, 177, 178, 179
00763, 12, 13, 14, 15, 16, 17, 18, 19, 32, 33, 34, 35, 36, 37, 38, 39, 52, 53, 54, 55, 56, 57, 58, 59, 72, 73, 74, 75, 76, 77, 78, 79, 92, 93, 94, 95, 96, 97, 98, 99, 112, 113, 114, 115, 116, 117, 118, 119, 132, 133, 134, 135, 136, 137, 138, 139, 152, 153, 154, 155, 156, 157, 158, 159, 172, 173, 174, 175, 176, 177, 178, 179
00764, 12, 13, 14, 15, 16, 17, 18, 19, 32, 33, 34, 35, 36, 37, 38, 39, 52, 53, 54, 55, 56, 57, 58, 59, 72, 73, 74, 75, 76, 77, 78, 79, 92, 93, 94, 95, 96, 97, 98, 99, 112, 113, 114, 115, 116, 117, 118, 119, 132, 133, 134, 135, 136, 137, 138, 139, 152, 153, 154, 155, 156, 157, 158, 159, 172, 173, 174, 175, 176, 177, 178, 179
00765, 12, 13, 14, 15, 16, 17, 18, 19, 32, 33, 34, 35, 36, 37, 38, 39, 52, 53, 54, 55, 56, 57, 58, 59, 72, 73, 74, 75, 76, 77, 78, 79, 92, 93, 94, 95, 96, 97, 98, 99, 112, 113, 114, 115, 116, 117, 118, 119, 132, 133, 134, 135, 136, 137, 138, 139, 152, 153, 154, 155, 156, 157, 158, 159, 172, 173, 174, 175, 176, 177, 178, 179
00766, 12, 13, 14, 15, 16, 17, 18, 19, 32, 33, 34, 35, 36, 37, 38, 39, 52, 53, 54, 55, 56, 57, 58, 59, 72, 73, 74, 75, 76, 77, 78, 79, 92, 93, 94, 95, 96, 97, 98, 99, 112, 113, 114, 115, 116, 117, 118, 119, 132, 133, 134, 135, 136, 137, 138, 139, 152, 153, 154, 155, 156, 157, 158, 159, 172, 173, 174, 175, 176, 177, 178, 179
00767, 12, 13, 14, 15, 16, 17, 18, 19, 32, 33, 34, 35, 36, 37, 38, 39, 52, 53, 54, 55, 56, 57, 58, 59, 72, 73, 74, 75, 76, 77, 78, 79, 92, 93, 94, 95, 96, 97, 98, 99, 112, 113, 114, 115, 116, 117, 118, 119, 132, 133, 134, 135, 136, 137, 138, 139, 152, 153, 154, 155, 156, 157, 158, 159, 172, 173, 174, 175, 176, 177, 178, 179
00768, 12, 13, 14, 15, 16, 17, 18, 19, 32, 33, 34, 35, 36, 37, 38, 39, 52, 53, 54, 55, 56, 57, 58, 59, 72, 73, 74, 75, 76, 77, 78, 79, 92, 93, 94, 95, 96, 97, 98, 99, 112, 113, 114, 115, 116, 117, 118, 119, 132, 133, 134, 135, 136, 137, 138, 139, 152, 153, 154, 155, 156, 157, 158, 159, 172, 173, 174, 175, 176, 177, 178, 179
00769, 12, 13, 14, 15, 16, 17, 18, 19, 32, 33, 34, 35, 36, 37, 38, 39, 52, 53, 54, 55, 56, 57, 58, 59, 72, 73, 74, 75, 76, 77, 78, 79, 92, 93, 94, 95, 96, 97, 98, 99, 112, 113, 114, 115, 116, 117, 118, 119, 132, 133, 134, 135, 136, 137, 138, 139, 152, 153, 154, 155, 156, 157, 158, 159, 172, 173, 174, 175, 176, 177, 178, 179
00770, 12, 13, 14, 15, 16, 17, 18, 19, 32, 33, 34, 35, 36, 37, 38, 39, 52, 53, 54, 55, 56, 57, 58, 59, 72, 73, 74, 75, 76, 77, 78, 79, 92, 93, 94, 95, 96, 97, 98, 99, 112, 113, 114, 115, 116, 117, 118, 119, 132, 133, 134, 135, 136, 137, 138, 139, 152, 153, 154, 155, 156, 157, 158, 159, 172, 173, 174, 175, 176, 177, 178, 179
00771, 12, 13, 14, 15, 16, 17, 18, 19, 32, 33, 34, 35, 36, 37, 38, 39, 52, 53, 54, 55, 56, 57, 58, 59, 72, 73, 74, 75, 76, 77, 78, 79, 92, 93, 94, 95, 96, 97, 98, 99, 112, 113, 114, 115, 116, 117, 118, 119, 132, 133, 134, 135, 136, 137, 138, 139, 152, 153, 154, 155, 156, 157, 158, 159, 172, 173, 174, 175, 176, 177, 178, 179
00772, 11, 12, 13, 14, 15, 16, 17, 18, 19, 31, 32, 33, 34, 35, 36, 37, 38, 39, 51, 52, 53, 54, 55, 56, 57, 58, 59, 71, 72, 73, 74, 75, 76, 77, 78, 79, 91, 92, 93, 94, 95, 96, 97, 98, 99, 111, 112, 113, 114, 115, 116, 117, 118, 119, 131, 132, 133, 134, 135, 136, 137, 138, 139, 151, 152, 153, 154, 155, 156, 157, 158, 159, 171, 172, 173, 174, 175, 176, 177, 178, 179
00773, 11, 12, 13, 14, 15, 16, 17, 18, 19, 31, 32, 33, 34, 35, 36, 37, 38, 39, 51, 52, 53, 54, 55, 56, 57, 58, 59, 71, 72, 73, 74, 75, 76, 77, 78, 79, 91, 92, 93, 94, 95, 96, 97, 98, 99, 111, 112, 113, 114, 115, 116, 117, 118, 119, 131, 132, 133, 134, 135, 136, 137, 138, 139, 151, 152, 153, 154, 155, 156, 157, 158, 159, 171, 172, 173, 174, 175, 176, 177, 178, 179
00774, 11, 12, 13, 14, 15, 16, 17, 18, 19, 31, 32, 33, 34, 35, 36, 37, 38, 39, 51, 52, 53, 54, 55, 56, 57, 58, 59, 71, 72, 73, 74, 75, 76, 77, 78, 79, 91, 92, 93, 94, 95, 96, 97, 98, 99, 111, 112, 113, 114, 115, 116, 117, 118, 119, 131, 132, 133, 134, 135, 136, 137, 138, 139, 151, 152, 153, 154, 155, 156, 157, 158, 159, 171, 172, 173, 174, 175, 176, 177, 178, 179
00775, 11, 12, 13, 14, 15, 16, 17, 18, 19, 31, 32, 33, 34, 35, 36, 37, 38, 39, 51, 52, 53, 54, 55, 56, 57, 58, 59, 71, 72, 73, 74, 75, 76, 77, 78, 79, 91, 92, 93, 94, 95, 96, 97, 98, 99, 111, 112, 113, 114, 115, 116, 117, 118, 119, 131, 132, 133, 134, 135, 136, 137, 138, 139, 151, 152, 153, 154, 155, 156, 157, 158, 159, 171, 172, 173, 174, 175, 176, 177, 178, 179
00776, 11, 12, 13, 14, 15, 16, 17, 18, 19, 31, 32, 33, 34, 35, 36, 37, 38, 39, 51, 52, 53, 54, 55, 56, 57, 58, 59, 71, 72, 73, 74, 75, 76, 77, 78, 79, 91, 92, 93, 94, 95, 96, 97, 98, 99, 111, 112, 113, 114, 115, 116, 117, 118, 119, 131, 132, 133, 134, 135, 136, 137, 138, 139, 151, 152, 153, 154, 155, 156, 157, 158, 159, 171, 172, 173, 174, 175, 176, 177, 178, 179
00777, 11, 12, 13, 14, 15, 16, 17, 18, 19, 31, 32, 33, 34, 35, 36, 37, 38, 39, 51, 52, 53, 54, 55, 56, 57, 58, 59, 71, 72, 73, 74, 75, 76, 77, 78, 79, 91, 92, 93, 94, 95, 96, 97, 98, 99, 111, 112, 113, 114, 115, 116, 117, 118, 119, 131, 132, 133, 134, 135, 136, 137, 138, 139, 151, 152, 153, 154, 155, 156, 157, 158, 159, 171, 172, 173, 174, 175, 176, 177, 178, 179
00778, 11, 12, 13, 14, 15, 16, 17, 18, 19, 31, 32, 33, 34, 35, 36, 37, 38, 39, 51, 52, 53, 54, 55, 56, 57, 58, 59, 71, 72, 73, 74, 75, 76, 77, 78, 79, 91, 92, 93, 94, 95, 96, 97, 98, 99, 111, 112, 113, 114, 115, 116, 117, 118, 119, 131, 132, 133, 134, 135, 136, 137, 138, 139, 151, 152, 153, 154, 155, 156, 157, 158, 159, 171, 172, 173, 174, 175, 176, 177, 178, 179
00779, 11, 12, 13, 14, 15, 16, 17, 18, 19, 31, 32, 33, 34, 35, 36, 37, 38, 39, 51, 52, 53, 54, 55, 56, 57, 58, 59, 71, 72, 73, 74, 75, 76, 77, 78, 79, 91, 92, 93, 94, 95, 96, 97, 98, 99, 111, 112, 113, 114, 115, 116, 117, 118, 119, 131, 132, 133, 134, 135, 136, 137, 138, 139, 151, 152, 153, 154, 155, 156, 157, 158, 159, 171, 172, 173, 174, 175, 176, 177, 178, 179
00780, 11, 12, 13, 14, 15, 16, 17, 18, 19, 31, 32, 33, 34, 35, 36, 37, 38, 39, 51, 52, 53, 54, 55, 56, 57, 58, 59, 71, 72, 73, 74, 75, 76, 77, 78, 79, 91, 92, 93, 94, 95, 96, 97, 98, 99, 111, 112, 113, 114, 115, 116, 117, 118, 119, 131, 132, 133, 134, 135, 136, 137, 138, 139, 151, 152, 153, 154, 155, 156, 157, 158, 159, 171, 172, 173, 174, 175, 176, 177, 178, 179
00781, 11, 12, 13, 14, 15, 16, 17, 18, 19, 31, 32, 33, 34, 35, 36, 37, 38, 39, 51, 52, 53, 54, 55, 56, 57, 58, 59, 71, 72, 73, 74, 75, 76, 77, 78, 79, 91, 92, 93, 94, 95, 96, 97, 98, 99, 111, 112, 113, 114, 115, 116, 117, 118, 119, 131, 132, 133, 134, 135, 136, 137, 138, 139, 151, 152, 153, 154, 155, 156, 157, 158, 159, 171, 172, 173, 174, 175, 176, 177, 178, 179
00782, 11, 12, 13, 14, 15, 16, 17, 18, 19, 31, 32, 33, 34, 35, 36, 37, 38, 39, 51, 52, 53, 54, 55, 56, 57, 58, 59, 71, 72, 73, 74, 75, 76, 77, 78, 79, 91, 92, 93, 94, 95, 96, 97, 98, 99, 111, 112, 113, 114, 115, 116, 117, 118, 119, 131, 132, 133, 134, 135, 136, 137, 138, 139, 151, 152, 153, 154, 155, 156, 157, 158, 159, 171, 172, 173, 174, 175, 176, 177, 178, 179
00783, 11, 12, 13, 14, 15, 16, 17, 18, 19, 31, 32, 33, 34, 35, 36, 37, 38, 39, 51, 52, 53, 54, 55, 56, 57, 58, 59, 71, 72, 73, 74, 75, 76, 77, 78, 79, 91, 92, 93, 94, 95, 96, 97, 98, 99, 111, 112, 113, 114, 115, 116, 117, 118, 119, 131, 132, 133, 134, 135, 136, 137, 138, 139, 151, 152, 153, 154, 155, 156, 157, 158, 159, 171, 172, 173, 174, 175, 176, 177, 178, 179
00784, 11, 12, 13, 14, 15, 16, 17, 18, 19, 31, 32, 33, 34, 35, 36, 37, 38, 39, 51, 52, 53, 54, 55, 56, 57, 58, 59, 71, 72, 73, 74, 75, 76, 77, 78, 79, 91, 92, 93, 94, 95, 96, 97, 98, 99, 111, 112, 113, 114, 115, 116, 117, 118, 119, 131, 132, 133, 134, 135, 136, 137, 138, 139, 151, 152, 153, 154, 155, 156, 157, 158, 159, 171, 172, 173, 174, 175, 176, 177, 178, 179
00785, 11, 12, 13, 14, 15, 16, 17, 18, 19, 31, 32, 33, 34, 35, 36, 37, 38, 39, 51, 52, 53, 54, 55, 56, 57, 58, 59, 71, 72, 73, 74, 75, 76, 77, 78, 79, 91, 92, 93, 94, 95, 96, 97, 98, 99, 111, 112, 113, 114, 115, 116, 117, 118, 119, 131, 132, 133, 134, 135, 136, 137, 138, 139, 151, 152, 153, 154, 155, 156, 157, 158, 159, 171, 172, 173, 174, 175, 176, 177, 178, 179
00786, 11, 12, 13, 14, 15, 16, 17, 18, 19, 31, 32, 33, 34, 35, 36, 37, 38, 39, 51, 52, 53, 54, 55, 56, 57, 58, 59, 71, 72, 73, 74, 75, 76, 77, 78, 79, 91, 92, 93, 94, 95, 96, 97, 98, 99, 111, 112, 113, 114, 115, 116, 117, 118, 119, 131, 132, 133, 134, 135, 136, 137, 138, 139, 151, 152, 153, 154, 155, 156, 157, 158, 159, 171, 172, 173, 174, 175, 176, 177, 178, 179
00787, 11, 12, 13, 14, 15, 16, 17, 18, 19, 31, 32, 33, 34, 35, 36, 37, 38, 39, 51, 52, 53, 54, 55, 56, 57, 58, 59, 71, 72, 73, 74, 75, 76, 77, 78, 79, 91, 92, 93, 94, 95, 96, 97, 98, 99, 111, 112, 113, 114, 115, 116, 117, 118, 119, 131, 132, 133, 134, 135, 136, 137, 138, 139, 151, 152, 153, 154, 155, 156, 157, 158, 159, 171, 172, 173, 174, 175, 176, 177, 178, 179
00788, 11, 12, 13, 14, 15, 16, 17, 18, 19, 31, 32, 33, 34, 35, 36, 37, 38, 39, 51, 52, 53, 54, 55, 56, 57, 58, 59, 71, 72, 73, 74, 75, 76, 77, 78, 79, 91, 92, 93, 94, 95, 96, 97, 98, 99, 111, 112, 113, 114, 115, 116, 117, 118, 119, 131, 132, 133, 134, 135, 136, 137, 138, 139, 151, 152, 153, 154, 155, 156, 157, 158, 159, 171, 172, 173, 174, 175, 176, 177, 178, 179
00789, 11, 12, 13, 14, 15, 16, 17, 18, 19, 31, 32, 33, 34, 35, 36, 37, 38, 39, 51, 52, 53, 54, 55, 56, 57, 58, 59, 71, 72, 73, 74, 75, 76, 77, 78, 79, 91, 92, 93, 94, 95, 96, 97, 98, 99, 111, 112, 113, 114, 115, 116, 117, 118, 119, 131, 132, 133, 134, 135, 136, 137, 138, 139, 151, 152, 153, 154, 155, 156, 157, 158, 159, 171, 172, 173, 174, 175, 176, 177, 178, 179
00790, 11, 12, 13, 14, 15, 16, 17, 18, 19, 31, 32, 33, 34, 35, 36, 37, 38, 39, 51, 52, 53, 54, 55, 56, 57, 58, 59, 71, 72, 73, 74, 75, 76, 77, 78, 79, 91, 92, 93, 94, 95, 96, 97, 98, 99, 111, 112, 113, 114, 115, 116, 117, 118, 119, 131, 132, 133, 134, 135, 136, 137, 138, 139, 151, 152, 153, 154, 155, 156, 157, 158, 159, 171, 172, 173, 174, 175, 176, 177, 178, 179
00791, 31, 32, 33, 34, 35, 36, 37, 38, 39, 51, 52, 53, 54, 55, 56, 57, 58, 59, 71, 72, 73, 74, 75, 76, 77, 78, 79, 91, 92, 93, 94, 95, 96, 97, 98, 99, 111, 112, 113, 114, 115, 116, 117, 118, 119, 131, 132, 133, 134, 135, 136, 137, 138, 139, 151, 152, 153, 154, 155, 156, 157, 158, 159, 171, 172, 173, 174, 175, 176, 177, 178, 179, 191, 192, 193, 194, 195, 196, 197, 198, 199
00792, 31, 32, 33, 34, 35, 36, 37, 38, 39, 51, 52, 53, 54, 55, 56, 57, 58, 59, 71, 72, 73, 74, 75, 76, 77, 78, 79, 91, 92, 93, 94, 95, 96, 97, 98, 99, 111, 112, 113, 114, 115, 116, 117, 118, 119, 131, 132, 133, 134, 135, 136, 137, 138, 139, 151, 152, 153, 154, 155, 156, 157, 158, 159, 171, 172, 173, 174, 175, 176, 177, 178, 179, 191, 192, 193, 194, 195, 196, 197, 198, 199
00793, 31, 32, 33, 34, 35, 36, 37, 38, 39, 51, 52, 53, 54, 55, 56, 57, 58, 59, 71, 72, 73, 74, 75, 76, 77, 78, 79, 91, 92, 93, 94, 95, 96, 97, 98, 99, 111, 112, 113, 114, 115, 116, 117, 118, 119, 131, 132, 133, 134, 135, 136, 137, 138, 139, 151, 152, 153, 154, 155, 156, 157, 158, 159, 171, 172, 173, 174, 175, 176, 177, 178, 179, 191, 192, 193, 194, 195, 196, 197, 198, 199
00794, 31, 32, 33, 34, 35, 36, 37, 38, 39, 51, 52, 53, 54, 55, 56, 57, 58, 59, 71, 72, 73, 74, 75, 76, 77, 78, 79, 91, 92, 93, 94, 95, 96, 97, 98, 99, 111, 112, 113, 114, 115, 116, 117, 118, 119, 131, 132, 133, 134, 135, 136, 137, 138, 139, 151, 152, 153, 154, 155, 156, 157, 158, 159, 171, 172, 173, 174, 175, 176, 177, 178, 179, 191, 192, 193, 194, 195, 196, 197, 198, 199
00795, 31, 32, 33, 34, 35, 36, 37, 38, 39, 51, 52, 53, 54, 55, 56, 57, 58, 59, 71, 72, 73, 74, 75, 76, 77, 78, 79, 91, 92, 93, 94, 95, 96, 97, 98, 99, 111, 112, 113, 114, 115, 116, 117, 118, 119, 131, 132, 133, 134, 135, 136, 137, 138, 139, 151, 152, 153, 154, 155, 156, 157, 158, 159, 171, 172, 173, 174, 175, 176, 177, 178, 179, 191, 192, 193, 194, 195, 196, 197, 198, 199
00796, 31, 32, 33, 34, 35, 36, 37, 38, 39, 51, 52, 53, 54, 55, 56, 57, 58, 59, 71, 72, 73, 74, 75, 76, 77, 78, 79, 91, 92, 93, 94, 95, 96, 97, 98, 99, 111, 112, 113, 114, 115, 116, 117, 118, 119, 131, 132, 133, 134, 135, 136, 137, 138, 139, 151, 152, 153, 154, 155, 156, 157, 158, 159, 171, 172, 173, 174, 175, 176, 177, 178, 179, 191, 192, 193, 194, 195, 196, 197, 198, 199
00797, 31, 32, 33, 34, 35, 36, 37, 38, 39, 51, 52, 53, 54, 55, 56, 57, 58, 59, 71, 72, 73, 74, 75, 76, 77, 78, 79, 91, 92, 93, 94, 95, 96, 97, 98, 99, 111, 112, 113, 114, 115, 116, 117, 118, 119, 131, 132, 133, 134, 135, 136, 137, 138, 139, 151, 152, 153, 154, 155, 156, 157, 158, 159, 171, 172, 173, 174, 175, 176, 177, 178, 179, 191, 192, 193, 194, 195, 196, 197, 198, 199
00798, 31, 32, 33, 34, 35, 36, 37, 38, 39, 51, 52, 53, 54, 55, 56, 57, 58, 59, 71, 72, 73, 74, 75, 76, 77, 78, 79, 91, 92, 93, 94, 95, 96, 97, 98, 99, 111, 112, 113, 114, 115, 116, 117, 118, 119, 131, 132, 133, 134, 135, 136, 137, 138, 139, 151, 152, 153, 154, 155, 156, 157, 158, 159, 171, 172, 173, 174, 175, 176, 177, 178, 179, 191, 192, 193, 194, 195, 196, 197, 198, 199
00799, 31, 32, 33, 34, 35, 36, 37, 38, 39, 51, 52, 53, 54, 55, 56, 57, 58, 59, 71, 72, 73, 74, 75, 76, 77, 78, 79, 91, 92, 93, 94, 95, 96, 97, 98, 99, 111, 112, 113, 114, 115, 116, 117, 118, 119, 131, 132, 133, 134, 135, 136, 137, 138, 139, 151, 152, 153, 154, 155, 156, 157, 158, 159, 171, 172, 173, 174, 175, 176, 177, 178, 179, 191, 192, 193, 194, 195, 196, 197, 198, 199
00800, 31, 32, 33, 34, 35, 36, 37, 38, 39, 51, 52, 53, 54, 55, 56, 57, 58, 59, 71, 72, 73, 74, 75, 76, 77, 78, 79, 91, 92, 93, 94, 95, 96, 97, 98, 99, 111, 112, 113, 114, 115, 116, 117, 118, 119, 131, 132, 133, 134, 135, 136, 137, 138, 139, 151, 152, 153, 154, 155, 156, 157, 158, 159, 171, 172, 173, 174, 175, 176, 177, 178, 179, 191, 192, 193, 194, 195, 196, 197, 198, 199
00801, 31, 32, 33, 34, 35, 36, 37, 38, 39, 51, 52, 53, 54, 55, 56, 57, 58, 59, 71, 72, 73, 74, 75, 76, 77, 78, 79, 91, 92, 93, 94, 95, 96, 97, 98, 99, 111, 112, 113, 114, 115, 116, 117, 118, 119, 131, 132, 133, 134, 135, 136, 137, 138, 139, 151, 152, 153, 154, 155, 156, 157, 158, 159, 171, 172, 173, 174, 175, 176, 177, 178, 179, 191, 192, 193, 194, 195, 196, 197, 198, 199
00802, 31, 32, 33, 34, 35, 36, 37, 38, 39, 51, 52, 53, 54, 55, 56, 57, 58, 59, 71, 72, 73, 74, 75, 76, 77, 78, 79, 91, 92, 93, 94, 95, 96, 97, 98, 99, 111, 112, 113, 114, 115, 116, 117, 118, 119, 131, 132, 133, 134, 135, 136, 137, 138, 139, 151, 152, 153, 154, 155, 156, 157, 158, 159, 171, 172, 173, 174, 175, 176, 177, 178, 179, 191, 192, 193, 194, 195, 196, 197, 198, 199
00803, 31, 32, 33, 34, 35, 36, 37, 38, 39, 51, 52, 53, 54, 55, 56, 57, 58, 59, 71, 72, 73, 74, 75, 76, 77, 78, 79, 91, 92, 93, 94, 95, 96, 97, 98, 99, 111, 112, 113, 114, 115, 116, 117, 118, 119, 131, 132, 133, 134, 135, 136, 137, 138, 139, 151, 152, 153, 154, 155, 156, 157, 158, 159, 171, 172, 173, 174, 175, 176, 177, 178, 179, 191, 192, 193, 194, 195, 196, 197, 198, 199
00804, 31, 32, 33, 34, 35, 36, 37, 38, 39, 51, 52, 53, 54, 55, 56, 57, 58, 59, 71, 72, 73, 74, 75, 76, 77, 78, 79, 91, 92, 93, 94, 95, 96, 97, 98, 99, 111, 112, 113, 114, 115, 116, 117, 118, 119, 131, 132, 133, 134, 135, 136, 137, 138, 139, 151, 152, 153, 154, 155, 156, 157, 158, 159, 171, 172, 173, 174, 175, 176, 177, 178, 179, 191, 192, 193, 194, 195, 196, 197, 198, 199
00805, 31, 32, 33, 34, 35, 36, 37, 38, 39, 51, 52, 53, 54, 55, 56, 57, 58, 59, 71, 72, 73, 74, 75, 76, 77, 78, 79, 91, 92, 93, 94, 95, 96, 97, 98, 99, 111, 112, 113, 114, 115, 116, 117, 118, 119, 131, 132, 133, 134, 135, 136, 137, 138, 139, 151, 152, 153, 154, 155, 156, 157, 158, 159, 171, 172, 173, 174, 175, 176, 177, 178, 179, 191, 192, 193, 194, 195, 196, 197, 198, 199
00806, 31, 32, 33, 34, 35, 36, 37, 38, 39, 51, 52, 53, 54, 55, 56, 57, 58, 59, 71, 72, 73, 74, 75, 76, 77, 78, 79, 91, 92, 93, 94, 95, 96, 97, 98, 99, 111, 112, 113, 114, 115, 116, 117, 118, 119, 131, 132, 133, 134, 135, 136, 137, 138, 139, 151, 152, 153, 154, 155, 156, 157, 158, 159, 171, 172, 173, 174, 175, 176, 177, 178, 179, 191, 192, 193, 194, 195, 196, 197, 198, 199
00807, 31, 32, 33, 34, 35, 36, 37, 38, 39, 51, 52, 53, 54, 55, 56, 57, 58, 59, 71, 72, 73, 74, 75, 76, 77, 78, 79, 91, 92, 93, 94, 95, 96, 97, 98, 99, 111, 112, 113, 114, 115, 116, 117, 118, 119, 131, 132, 133, 134, 135, 136, 137, 138, 139, 151, 152, 153, 154, 155, 156, 157, 158, 159, 171, 172, 173, 174, 175, 176, 177, 178, 179, 191, 192, 193, 194, 195, 196, 197, 198, 199
00808, 31, 32, 33, 34, 35, 36, 37, 38, 39, 51, 52, 53, 54, 55, 56, 57, 58, 59, 71, 72, 73, 74, 75, 76, 77, 78, 79, 91, 92, 93, 94, 95, 96, 97, 98, 99, 111, 112, 113, 114, 115, 116, 117, 118, 119, 131, 132, 133, 134, 135, 136, 137, 138, 139, 151, 152, 153, 154, 155, 156, 157, 158, 159, 171, 172, 173, 174, 175, 176, 177, 178, 179, 191, 192, 193, 194, 195, 196, 197, 198, 199
00809, 30, 31, 32, 33, 34, 35, 36, 37, 38, 50, 51, 52, 53, 54, 55, 56, 57, 58, 70, 71, 72, 73, 74, 75, 76, 77, 78, 90, 91, 92, 93, 94, 95, 96, 97, 98, 110, 111, 112, 113, 114, 115, 116, 117, 118, 130, 131, 132, 133, 134, 135, 136, 137, 138, 150, 151, 152, 153, 154, 155, 156, 157, 158, 170, 171, 172, 173, 174, 175, 176, 177, 178, 190, 191, 192, 193, 194, 195, 196, 197, 198
00810, 30, 31, 32, 33, 34, 35, 36, 37, 38, 50, 51, 52, 53, 54, 55, 56, 57, 58, 70, 71, 72, 73, 74, 75, 76, 77, 78, 90, 91, 92, 93, 94, 95, 96, 97, 98, 110, 111, 112, 113, 114, 115, 116, 117, 118, 130, 131, 132, 133, 134, 135, 136, 137, 138, 150, 151, 152, 153, 154, 155, 156, 157, 158, 170, 171, 172, 173, 174, 175, 176, 177, 178, 190, 191, 192, 193, 194, 195, 196, 197, 198
00811, 30, 31, 32, 33, 34, 35, 36, 37, 38, 50, 51, 52, 53, 54, 55, 56, 57, 58, 70, 71, 72, 73, 74, 75, 76, 77, 78, 90, 91, 92, 93, 94, 95, 96, 97, 98, 110, 111, 112, 113, 114, 115, 116, 117, 118, 130, 131, 132, 133, 134, 135, 136, 137, 138, 150, 151, 152, 153, 154, 155, 156, 157, 158, 170, 171, 172, 173, 174, 175, 176, 177, 178, 190, 191, 192, 193, 194, 195, 196, 197, 198
00812, 30, 31, 32, 33, 34, 35, 36, 37, 38, 50, 51, 52, 53, 54, 55, 56, 57, 58, 70, 71, 72, 73, 74, 75, 76, 77, 78, 90, 91, 92, 93, 94, 95, 96, 97, 98, 110, 111, 112, 113, 114, 115, 116, 117, 118, 130, 131, 132, 133, 134, 135, 136, 137, 138, 150, 151, 152, 153, 154, 155, 156, 157, 158, 170, 171, 172, 173, 174, 175, 176, 177, 178, 190, 191, 192, 193, 194, 195, 196, 197, 198
00813, 30, 31, 32, 33, 34, 35, 36, 37, 38, 50, 51, 52, 53, 54, 55, 56, 57, 58, 70, 71, 72, 73, 74, 75, 76, 77, 78, 90, 91, 92, 93, 94, 95, 96, 97, 98, 110, 111, 112, 113, 114, 115, 116, 117, 118, 130, 131, 132, 133, 134, 135, 136, 137, 138, 150, 151, 152, 153, 154, 155, 156, 157, 158, 170, 171, 172, 173, 174, 175, 176, 177, 178, 190, 191, 192, 193, 194, 195, 196, 197, 198
00814, 30, 31, 32, 33, 34, 35, 36, 37, 38, 50, 51, 52, 53, 54, 55, 56, 57, 58, 70, 71, 72, 73, 74, 75, 76, 77, 78, 90, 91, 92, 93, 94, 95, 96, 97, 98, 110, 111, 112, 113, 114, 115, 116, 117, 118, 130, 131, 132, 133, 134, 135, 136, 137, 138, 150, 151, 152, 153, 154, 155, 156, 157, 158, 170, 171, 172, 173, 174, 175, 176, 177, 178, 190, 191, 192, 193, 194, 195, 196, 197, 198
00815, 30, 31, 32, 33, 34, 35, 36, 37, 38, 50, 51, 52, 53, 54, 55, 56, 57, 58, 70, 71, 72, 73, 74, 75, 76, 77, 78, 90, 91, 92, 93, 94, 95, 96, 97, 98, 110, 111, 112, 113, 114, 115, 116, 117, 118, 130, 131, 132, 133, 134, 135, 136, 137, 138, 150, 151, 152, 153, 154, 155, 156, 157, 158, 170, 171, 172, 173, 174, 175, 176, 177, 178, 190, 191, 192, 193, 194, 195, 196, 197, 198
00816, 30, 31, 32, 33, 34, 35, 36, 37, 38, 50, 51, 52, 53, 54, 55, 56, 57, 58, 70, 71, 72, 73, 74, 75, 76, 77, 78, 90, 91, 92, 93, 94, 95, 96, 97, 98, 110, 111, 112, 113, 114, 115, 116, 117, 118, 130, 131, 132, 133, 134, 135, 136, 137, 138, 150, 151, 152, 153, 154, 155, 156, 157, 158, 170, 171, 172, 173, 174, 175, 176, 177, 178, 190, 191, 192, 193, 194, 195, 196, 197, 198
00817, 30, 31, 32, 33, 34, 35, 36, 37, 38, 50, 51, 52, 53, 54, 55, 56, 57, 58, 70, 71, 72, 73, 74, 75, 76, 77, 78, 90, 91, 92, 93, 94, 95, 96, 97, 98, 110, 111, 112, 113, 114, 115, 116, 117, 118, 130, 131, 132, 133, 134, 135, 136, 137, 138, 150, 151, 152, 153, 154, 155, 156, 157, 158, 170, 171, 172, 173, 174, 175, 176, 177, 178, 190, 191, 192, 193, 194, 195, 196, 197, 198
00818, 30, 31, 32, 33, 34, 35, 36, 37, 38, 50, 51, 52, 53, 54, 55, 56, 57, 58, 70, 71, 72, 73, 74, 75, 76, 77, 78, 90, 91, 92, 93, 94, 95, 96, 97, 98, 110, 111, 112, 113, 114, 115, 116, 117, 118, 130, 131, 132, 133, 134, 135, 136, 137, 138, 150, 151, 152, 153, 154, 155, 156, 157, 158, 170, 171, 172, 173, 174, 175, 176, 177, 178, 190, 191, 192, 193, 194, 195, 196, 197, 198
00819, 30, 31, 32, 33, 34, 35, 36, 37, 38, 50, 51, 52, 53, 54, 55, 56, 57, 58, 70, 71, 72, 73, 74, 75, 76, 77, 78, 90, 91, 92, 93, 94, 95, 96, 97, 98, 110, 111, 112, 113, 114, 115, 116, 117, 118, 130, 131, 132, 133, 134, 135, 136, 137, 138, 150, 151, 152, 153, 154, 155, 156, 157, 158, 170, 171, 172, 173, 174, 175, 176, 177, 178, 190, 191, 192, 193, 194, 195, 196, 197, 198
00820, 30, 31, 32, 33, 34, 35, 36, 37, 38, 50, 51, 52, 53, 54, 55, 56, 57, 58, 70, 71, 72, 73, 74, 75, 76, 77, 78, 90, 91, 92, 93, 94, 95, 96, 97, 98, 110, 111, 112, 113, 114, 115, 116, 117, 118, 130, 131, 132, 133, 134, 135, 136, 137, 138, 150, 151, 152, 153, 154, 155, 156, 157, 158, 170, 171, 172, 173, 174, 175, 176, 177, 178, 190, 191, 192, 193, 194, 195, 196, 197, 198
00821, 30, 31, 32, 33, 34, 35, 36, 37, 38, 50, 51, 52, 53, 54, 55, 56, 57, 58, 70, 71, 72, 73, 74, 75, 76, 77, 78, 90, 91, 92, 93, 94, 95, 96, 97, 98, 110, 111, 112, 113, 114, 115, 116, 117, 118, 130, 131, 132, 133, 134, 135, 136, 137, 138, 150, 151, 152, 153, 154, 155, 156, 157, 158, 170, 171, 172, 173, 174, 175, 176, 177, 178, 190, 191, 192, 193, 194, 195, 196, 197, 198
00822, 30, 31, 32, 33, 34, 35, 36, 37, 38, 50, 51, 52, 53, 54, 55, 56, 57, 58, 70, 71, 72, 73, 74, 75, 76, 77, 78, 90, 91, 92, 93, 94, 95, 96, 97, 98, 110, 111, 112, 113, 114, 115, 116, 117, 118, 130, 131, 132, 133, 134, 135, 136, 137, 138, 150, 151, 152, 153, 154, 155, 156, 157, 158, 170, 171, 172, 173, 174, 175, 176, 177, 178, 190, 191, 192, 193, 194, 195, 196, 197, 198
00823, 30, 31, 32, 33, 34, 35, 36, 37, 38, 50, 51, 52, 53, 54, 55, 56, 57, 58, 70, 71, 72, 73, 74, 75, 76, 77, 78, 90, 91, 92, 93, 94, 95, 96, 97, 98, 110, 111, 112, 113, 114, 115, 116, 117, 118, 130, 131, 132, 133, 134, 135, 136, 137, 138, 150, 151, 152, 153, 154, 155, 156, 157, 158, 170, 171, 172, 173, 174, 175, 176, 177, 178, 190, 191, 192, 193, 194, 195, 196, 197, 198
00824, 30, 31, 32, 33, 34, 35, 36, 37, 38, 50, 51, 52, 53, 54, 55, 56, 57, 58, 70, 71, 72, 73, 74, 75, 76, 77, 78, 90, 91, 92, 93, 94, 95, 96, 97, 98, 110, 111, 112, 113, 114, 115, 116, 117, 118, 130, 131, 132, 133, 134, 135, 136, 137, 138, 150, 151, 152, 153, 154, 155, 156, 157, 158, 170, 171, 172, 173, 174, 175, 176, 177, 178, 190, 191, 192, 193, 194, 195, 196, 197, 198
00825, 30, 31, 32, 33, 34, 35, 36, 37, 38, 50, 51, 52, 53, 54, 55, 56, 57, 58, 70, 71, 72, 73, 74, 75, 76, 77, 78, 90, 91, 92, 93, 94, 95, 96, 97, 98, 110, 111, 112, 113, 114, 115, 116, 117, 118, 130, 131, 132, 133, 134, 135, 136, 137, 138, 150, 151, 152, 153, 154, 155, 156, 157, 158, 170, 171, 172, 173, 174, 175, 176, 177, 178, 190, 191, 192, 193, 194, 195, 196, 197, 198
00826, 30, 31, 32, 33, 34, 35, 36, 37, 38, 50, 51, 52, 53, 54, 55, 56, 57, 58, 70, 71, 72, 73, 74, 75, 76, 77, 78, 90, 91, 92, 93, 94, 95, 96, 97, 98, 110, 111, 112, 113, 114, 115, 116, 117, 118, 130, 131, 132, 133, 134, 135, 136, 137, 138, 150, 151, 152, 153, 154, 155, 156, 157, 158, 170, 171, 172, 173, 174, 175, 176, 177, 178, 190, 191, 192, 193, 194, 195, 196, 197, 198
00827, 30, 31, 32, 33, 34, 35, 36, 37, 38, 50, 51, 52, 53, 54, 55, 56, 57, 58, 70, 71, 72, 73, 74, 75, 76, 77, 78, 90, 91, 92, 93, 94, 95, 96, 97, 98, 110, 111, 112, 113, 114, 115, 116, 117, 118, 130, 131, 132, 133, 134, 135, 136, 137, 138, 150, 151, 152, 153, 154, 155, 156, 157, 158, 170, 171, 172, 173, 174, 175, 176, 177, 178, 190, 191, 192, 193, 194, 195, 196, 197, 198
00828, 30, 31, 32, 33, 34, 35, 36, 37, 38, 50, 51, 52, 53, 54, 55, 56, 57, 58, 70, 71, 72, 73, 74, 75, 76, 77, 78, 90, 91, 92, 93, 94, 95, 96, 97, 98, 110, 111, 112, 113, 114, 115, 116, 117, 118, 130, 131, 132, 133, 134, 135, 136, 137, 138, 150, 151, 152, 153, 154, 155, 156, 157, 158, 170, 171, 172, 173, 174, 175, 176, 177, 178, 190, 191, 192, 193, 194, 195, 196, 197, 198
00829, 30, 31, 32, 33, 34, 35, 36, 37, 38, 50, 51, 52, 53, 54, 55, 56, 57, 58, 70, 71, 72, 73, 74, 75, 76, 77, 78, 90, 91, 92, 93, 94, 95, 96, 97, 98, 110, 111, 112, 113, 114, 115, 116, 117, 118, 130, 131, 132, 133, 134, 135, 136, 137, 138, 150, 151, 152, 153, 154, 155, 156, 157, 158, 170, 171, 172, 173, 174, 175, 176, 177, 178, 190, 191, 192, 193, 194, 195, 196, 197, 198
00830, 30, 31, 32, 33, 34, 35, 36, 37, 38, 50, 51, 52, 53, 54, 55, 56, 57, 58, 70, 71, 72, 73, 74, 75, 76, 77, 78, 90, 91, 92, 93, 94, 95, 96, 97, 98, 110, 111, 112, 113, 114, 115, 116, 117, 118, 130, 131, 132, 133, 134, 135, 136, 137, 138, 150, 151, 152, 153, 154, 155, 156, 157, 158, 170, 171, 172, 173, 174, 175, 176, 177, 178, 190, 191, 192, 193, 194, 195, 196, 197, 198
00831, 29, 30, 31, 32, 33, 34, 35, 36, 37, 49, 50, 51, 52, 53, 54, 55, 56, 57, 69, 70, 71, 72, 73, 74, 75, 76, 77, 89, 90, 91, 92, 93, 94, 95, 96, 97, 109, 110, 111, 112, 113, 114, 115, 116, 117, 129, 130, 131, 132, 133, 134, 135, 136, 137, 149, 150, 151, 152, 153, 154, 155, 156, 157, 169, 170, 171, 172, 173, 174, 175, 176, 177, 189, 190, 191, 192, 193, 194, 195, 196, 197
00832, 29, 30, 31, 32, 33, 34, 35, 36, 37, 49, 50, 51, 52, 53, 54, 55, 56, 57, 69, 70, 71, 72, 73, 74, 75, 76, 77, 89, 90, 91, 92, 93, 94, 95, 96, 97, 109, 110, 111, 112, 113, 114, 115, 116, 117, 129, 130, 131, 132, 133, 134, 135, 136, 137, 149, 150, 151, 152, 153, 154, 155, 156, 157, 169, 170, 171, 172, 173, 174, 175, 176, 177, 189, 190, 191, 192, 193, 194, 195, 196, 197
00833, 29, 30, 31, 32, 33, 34, 35, 36, 37, 49, 50, 51, 52, 53, 54, 55, 56, 57, 69, 70, 71, 72, 73, 74, 75, 76, 77, 89, 90, 91, 92, 93, 94, 95, 96, 97, 109, 110, 111, 112, 113, 114, 115, 116, 117, 129, 130, 131, 132, 133, 134, 135, 136, 137, 149, 150, 151, 152, 153, 154, 155, 156, 157, 169, 170, 171, 172, 173, 174, 175, 176, 177, 189, 190, 191, 192, 193, 194, 195, 196, 197
00834, 29, 30, 31, 32, 33, 34, 35, 36, 37, 49, 50, 51, 52, 53, 54, 55, 56, 57, 69, 70, 71, 72, 73, 74, 75, 76, 77, 89, 90, 91, 92, 93, 94, 95, 96, 97, 109, 110, 111, 112, 113, 114, 115, 116, 117, 129, 130, 131, 132, 133, 134, 135, 136, 137, 149, 150, 151, 152, 153, 154, 155, 156, 157, 169, 170, 171, 172, 173, 174, 175, 176, 177, 189, 190, 191, 192, 193, 194, 195, 196, 197
00835, 29, 30, 31, 32, 33, 34, 35, 36, 37, 49, 50, 51, 52, 53, 54, 55, 56, 57, 69, 70, 71, 72, 73, 74, 75, 76, 77, 89, 90, 91, 92, 93, 94, 95, 96, 97, 109, 110, 111, 112, 113, 114, 115, 116, 117, 129, 130, 131, 132, 133, 134, 135, 136, 137, 149, 150, 151, 152, 153, 154, 155, 156, 157, 169, 170, 171, 172, 173, 174, 175, 176, 177, 189, 190, 191, 192, 193, 194, 195, 196, 197
00836, 29, 30, 31, 32, 33, 34, 35, 36, 37, 49, 50, 51, 52, 53, 54, 55, 56, 57, 69, 70, 71, 72, 73, 74, 75, 76, 77, 89, 90, 91, 92, 93, 94, 95, 96, 97, 109, 110, 111, 112, 113, 114, 115, 116, 117, 129, 130, 131, 132, 133, 134, 135, 136, 137, 149, 150, 151, 152, 153, 154, 155, 156, 157, 169, 170, 171, 172, 173, 174, 175, 176, 177, 189, 190, 191, 192, 193, 194, 195, 196, 197
00837, 29, 30, 31, 32, 33, 34, 35, 36, 37, 49, 50, 51, 52, 53, 54, 55, 56, 57, 69, 70, 71, 72, 73, 74, 75, 76, 77, 89, 90, 91, 92, 93, 94, 95, 96, 97, 109, 110, 111, 112, 113, 114, 115, 116, 117, 129, 130, 131, 132, 133, 134, 135, 136, 137, 149, 150, 151, 152, 153, 154, 155, 156, 157, 169, 170, 171, 172, 173, 174, 175, 176, 177, 189, 190, 191, 192, 193, 194, 195, 196, 197
00838, 29, 30, 31, 32, 33, 34, 35, 36, 37, 49, 50, 51, 52, 53, 54, 55, 56, 57, 69, 70, 71, 72, 73, 74, 75, 76, 77, 89, 90, 91, 92, 93, 94, 95, 96, 97, 109, 110, 111, 112, 113, 114, 115, 116, 117, 129, 130, 131, 132, 133, 134, 135, 136, 137, 149, 150, 151, 152, 153, 154, 155, 156, 157, 169, 170, 171, 172, 173, 174, 175, 176, 177, 189, 190, 191, 192, 193, 194, 195, 196, 197
00839, 29, 30, 31, 32, 33, 34, 35, 36, 37, 49, 50, 51, 52, 53, 54, 55, 56, 57, 69, 70, 71, 72, 73, 74, 75, 76, 77, 89, 90, 91, 92, 93, 94, 95, 96, 97, 109, 110, 111, 112, 113, 114, 115, 116, 117, 129, 130, 131, 132, 133, 134, 135, 136, 137, 149, 150, 151, 152, 153, 154, 155, 156, 157, 169, 170, 171, 172, 173, 174, 175, 176, 177, 189, 190, 191, 192, 193, 194, 195, 196, 197
00840, 29, 30, 31, 32, 33, 34, 35, 36, 37, 49, 50, 51, 52, 53, 54, 55, 56, 57, 69, 70, 71, 72, 73, 74, 75, 76, 77, 89, 90, 91, 92, 93, 94, 95, 96, 97, 109, 110, 111, 112, 113, 114, 115, 116, 117, 129, 130, 131, 132, 133, 134, 135, 136, 137, 149, 150, 151, 152, 153, 154, 155, 156, 157, 169, 170, 171, 172, 173, 174, 175, 176, 177, 189, 190, 191, 192, 193, 194, 195, 196, 197
00841, 29, 30, 31, 32, 33, 34, 35, 36, 37, 49, 50, 51, 52, 53, 54, 55, 56, 57, 69, 70, 71, 72, 73, 74, 75, 76, 77, 89, 90, 91, 92, 93, 94, 95, 96, 97, 109, 110, 111, 112, 113, 114, 115, 116, 117, 129, 130, 131, 132, 133, 134, 135, 136, 137, 149, 150, 151, 152, 153, 154, 155, 156, 157, 169, 170, 171, 172, 173, 174, 175, 176, 177, 189, 190, 191, 192, 193, 194, 195, 196, 197
00842, 29, 30, 31, 32, 33, 34, 35, 36, 37, 49, 50, 51, 52, 53, 54, 55, 56, 57, 69, 70, 71, 72, 73, 74, 75, 76, 77, 89, 90, 91, 92, 93, 94, 95, 96, 97, 109, 110, 111, 112, 113, 114, 115, 116, 117, 129, 130, 131, 132, 133, 134, 135, 136, 137, 149, 150, 151, 152, 153, 154, 155, 156, 157, 169, 170, 171, 172, 173, 174, 175, 176, 177, 189, 190, 191, 192, 193, 194, 195, 196, 197
00843, 29, 30, 31, 32, 33, 34, 35, 36, 37, 49, 50, 51, 52, 53, 54, 55, 56, 57, 69, 70, 71, 72, 73, 74, 75, 76, 77, 89, 90, 91, 92, 93, 94, 95, 96, 97, 109, 110, 111, 112, 113, 114, 115, 116, 117, 129, 130, 131, 132, 133, 134, 135, 136, 137, 149, 150, 151, 152, 153, 154, 155, 156, 157, 169, 170, 171, 172, 173, 174, 175, 176, 177, 189, 190, 191, 192, 193, 194, 195, 196, 197
00844, 29, 30, 31, 32, 33, 34, 35, 36, 37, 49, 50, 51, 52, 53, 54, 55, 56, 57, 69, 70, 71, 72, 73, 74, 75, 76, 77, 89, 90, 91, 92, 93, 94, 95, 96, 97, 109, 110, 111, 112, 113, 114, 115, 116, 117, 129, 130, 131, 132, 133, 134, 135, 136, 137, 149, 150, 151, 152, 153, 154, 155, 156, 157, 169, 170, 171, 172, 173, 174, 175, 176, 177, 189, 190, 191, 192, 193, 194, 195, 196, 197
00845, 29, 30, 31, 32, 33, 34, 35, 36, 37, 49, 50, 51, 52, 53, 54, 55, 56, 57, 69, 70, 71, 72, 73, 74, 75, 76, 77, 89, 90, 91, 92, 93, 94, 95, 96, 97, 109, 110, 111, 112, 113, 114, 115, 116, 117, 129, 130, 131, 132, 133, 134, 135, 136, 137, 149, 150, 151, 152, 153, 154, 155, 156, 157, 169, 170, 171, 172, 173, 174, 175, 176, 177, 189, 190, 191, 192, 193, 194, 195, 196, 197
00846, 29, 30, 31, 32, 33, 34, 35, 36, 37, 49, 50, 51, 52, 53, 54, 55, 56, 57, 69, 70, 71, 72, 73, 74, 75, 76, 77, 89, 90, 91, 92, 93, 94, 95, 96, 97, 109, 110, 111, 112, 113, 114, 115, 116, 117, 129, 130, 131, 132, 133, 134, 135, 136, 137, 149, 150, 151, 152, 153, 154, 155, 156, 157, 169, 170, 171, 172, 173, 174, 175, 176, 177, 189, 190, 191, 192, 193, 194, 195, 196, 197
00847, 29, 30, 31, 32, 33, 34, 35, 36, 37, 49, 50, 51, 52, 53, 54, 55, 56, 57, 69, 70, 71, 72, 73, 74, 75, 76, 77, 89, 90, 91, 92, 93, 94, 95, 96, 97, 109, 110, 111, 112, 113, 114, 115, 116, 117, 129, 130, 131, 132, 133, 134, 135, 136, 137, 149, 150, 151, 152, 153, 154, 155, 156, 157, 169, 170, 171, 172, 173, 174, 175, 176, 177, 189, 190, 191, 192, 193, 194, 195, 196, 197
00848, 29, 30, 31, 32, 33, 34, 35, 36, 37, 49, 50, 51, 52, 53, 54, 55, 56, 57, 69, 70, 71, 72, 73, 74, 75, 76, 77, 89, 90, 91, 92, 93, 94, 95, 96, 97, 109, 110, 111, 112, 113, 114, 115, 116, 117, 129, 130, 131, 132, 133, 134, 135, 136, 137, 149, 150, 151, 152, 153, 154, 155, 156, 157, 169, 170, 171, 172, 173, 174, 175, 176, 177, 189, 190, 191, 192, 193, 194, 195, 196, 197
00849, 28, 29, 30, 31, 32, 33, 34, 35, 36, 48, 49, 50, 51, 52, 53, 54, 55, 56, 68, 69, 70, 71, 72, 73, 74, 75, 76, 88, 89, 90, 91, 92, 93, 94, 95, 96, 108, 109, 110, 111, 112, 113, 114, 115, 116, 128, 129, 130, 131, 132, 133, 134, 135, 136, 148, 149, 150, 151, 152, 153, 154, 155, 156, 168, 169, 170, 171, 172, 173, 174, 175, 176, 188, 189, 190, 191, 192, 193, 194, 195, 196
00850, 28, 29, 30, 31, 32, 33, 34, 35, 36, 48, 49, 50, 51, 52, 53, 54, 55, 56, 68, 69, 70, 71, 72, 73, 74, 75, 76, 88, 89, 90, 91, 92, 93, 94, 95, 96, 108, 109, 110, 111, 112, 113, 114, 115, 116, 128, 129, 130, 131, 132, 133, 134, 135, 136, 148, 149, 150, 151, 152, 153, 154, 155, 156, 168, 169, 170, 171, 172, 173, 174, 175, 176, 188, 189, 190, 191, 192, 193, 194, 195, 196
00851, 28, 29, 30, 31, 32, 33, 34, 35, 36, 48, 49, 50, 51, 52, 53, 54, 55, 56, 68, 69, 70, 71, 72, 73, 74, 75, 76, 88, 89, 90, 91, 92, 93, 94, 95, 96, 108, 109, 110, 111, 112, 113, 114, 115, 116, 128, 129, 130, 131, 132, 133, 134, 135, 136, 148, 149, 150, 151, 152, 153, 154, 155, 156, 168, 169, 170, 171, 172, 173, 174, 175, 176, 188, 189, 190, 191, 192, 193, 194, 195, 196
00852, 28, 29, 30, 31, 32, 33, 34, 35, 36, 48, 49, 50, 51, 52, 53, 54, 55, 56, 68, 69, 70, 71, 72, 73, 74, 75, 76, 88, 89, 90, 91, 92, 93, 94, 95, 96, 108, 109, 110, 111, 112, 113, 114, 115, 116, 128, 129, 130, 131, 132, 133, 134, 135, 136, 148, 149, 150, 151, 152, 153, 154, 155, 156, 168, 169, 170, 171, 172, 173, 174, 175, 176, 188, 189, 190, 191, 192, 193, 194, 195, 196
00853, 28, 29, 30, 31, 32, 33, 34, 35, 36, 48, 49, 50, 51, 52, 53, 54, 55, 56, 68, 69, 70, 71, 72, 73, 74, 75, 76, 88, 89, 90, 91, 92, 93, 94, 95, 96, 108, 109, 110, 111, 112, 113, 114, 115, 116, 128, 129, 130, 131, 132, 133, 134, 135, 136, 148, 149, 150, 151, 152, 153, 154, 155, 156, 168, 169, 170, 171, 172, 173, 174, 175, 176, 188, 189, 190, 191, 192, 193, 194, 195, 196
00854, 28, 29, 30, 31, 32, 33, 34, 35, 36, 48, 49, 50, 51, 52, 53, 54, 55, 56, 68, 69, 70, 71, 72, 73, 74, 75, 76, 88, 89, 90, 91, 92, 93, 94, 95, 96, 108, 109, 110, 111, 112, 113, 114, 115, 116, 128, 129, 130, 131, 132, 133, 134, 135, 136, 148, 149, 150, 151, 152, 153, 154, 155, 156, 168, 169, 170, 171, 172, 173, 174, 175, 176, 188, 189, 190, 191, 192, 193, 194, 195, 196
00855, 28, 29, 30, 31, 32, 33, 34, 35, 36, 48, 49, 50, 51, 52, 53, 54, 55, 56, 68, 69, 70, 71, 72, 73, 74, 75, 76, 88, 89, 90, 91, 92, 93, 94, 95, 96, 108, 109, 110, 111, 112, 113, 114, 115, 116, 128, 129, 130, 131, 132, 133, 134, 135, 136, 148, 149, 150, 151, 152, 153, 154, 155, 156, 168, 169, 170, 171, 172, 173, 174, 175, 176, 188, 189, 190, 191, 192, 193, 194, 195, 196
00856, 28, 29, 30, 31, 32, 33, 34, 35, 36, 48, 49, 50, 51, 52, 53, 54, 55, 56, 68, 69, 70, 71, 72, 73, 74, 75, 76, 88, 89, 90, 91, 92, 93, 94, 95, 96, 108, 109, 110, 111, 112, 113, 114, 115, 116, 128, 129, 130, 131, 132, 133, 134, 135, 136, 148, 149, 150, 151, 152, 153, 154, 155, 156, 168, 169, 170, 171, 172, 173, 174, 175, 176, 188, 189, 190, 191, 192, 193, 194, 195, 196
00857, 28, 29, 30, 31, 32, 33, 34, 35, 36, 48, 49, 50, 51, 52, 53, 54, 55, 56, 68, 69, 70, 71, 72, 73, 74, 75, 76, 88, 89, 90, 91, 92, 93, 94, 95, 96, 108, 109, 110, 111, 112, 113, 114, 115, 116, 128, 129, 130, 131, 132, 133, 134, 135, 136, 148, 149, 150, 151, 152, 153, 154, 155, 156, 168, 169, 170, 171, 172, 173, 174, 175, 176, 188, 189, 190, 191, 192, 193, 194, 195, 196
00858, 28, 29, 30, 31, 32, 33, 34, 35, 36, 48, 49, 50, 51, 52, 53, 54, 55, 56, 68, 69, 70, 71, 72, 73, 74, 75, 76, 88, 89, 90, 91, 92, 93, 94, 95, 96, 108, 109, 110, 111, 112, 113, 114, 115, 116, 128, 129, 130, 131, 132, 133, 134, 135, 136, 148, 149, 150, 151, 152, 153, 154, 155, 156, 168, 169, 170, 171, 172, 173, 174, 175, 176, 188, 189, 190, 191, 192, 193, 194, 195, 196
00859, 28, 29, 30, 31, 32, 33, 34, 35, 36, 48, 49, 50, 51, 52, 53, 54, 55, 56, 68, 69, 70, 71, 72, 73, 74, 75, 76, 88, 89, 90, 91, 92, 93, 94, 95, 96, 108, 109, 110, 111, 112, 113, 114, 115, 116, 128, 129, 130, 131, 132, 133, 134, 135, 136, 148, 149, 150, 151, 152, 153, 154, 155, 156, 168, 169, 170, 171, 172, 173, 174, 175, 176, 188, 189, 190, 191, 192, 193, 194, 195, 196
00860, 28, 29, 30, 31, 32, 33, 34, 35, 36, 48, 49, 50, 51, 52, 53, 54, 55, 56, 68, 69, 70, 71, 72, 73, 74, 75, 76, 88, 89, 90, 91, 92, 93, 94, 95, 96, 108, 109, 110, 111, 112, 113, 114, 115, 116, 128, 129, 130, 131, 132, 133, 134, 135, 136, 148, 149, 150, 151, 152, 153, 154, 155, 156, 168, 169, 170, 171, 172, 173, 174, 175, 176, 188, 189, 190, 191, 192, 193, 194, 195, 196
00861, 28, 29, 30, 31, 32, 33, 34, 35, 36, 48, 49, 50, 51, 52, 53, 54, 55, 56, 68, 69, 70, 71, 72, 73, 74, 75, 76, 88, 89, 90, 91, 92, 93, 94, 95, 96, 108, 109, 110, 111, 112, 113, 114, 115, 116, 128, 129, 130, 131, 132, 133, 134, 135, 136, 148, 149, 150, 151, 152, 153, 154, 155, 156, 168, 169, 170, 171, 172, 173, 174, 175, 176, 188, 189, 190, 191, 192, 193, 194, 195, 196
00862, 28, 29, 30, 31, 32, 33, 34, 35, 36, 48, 49, 50, 51, 52, 53, 54, 55, 56, 68, 69, 70, 71, 72, 73, 74, 75, 76, 88, 89, 90, 91, 92, 93, 94, 95, 96, 108, 109, 110, 111, 112, 113, 114, 115, 116, 128, 129, 130, 131, 132, 133, 134, 135, 136, 148, 149, 150, 151, 152, 153, 154, 155, 156, 168, 169, 170, 171, 172, 173, 174, 175, 176, 188, 189, 190, 191, 192, 193, 194, 195, 196
00863, 48, 49, 50, 51, 52, 53, 54, 55, 56, 68, 69, 70, 71, 72, 73, 74, 75, 76, 88, 89, 90, 91, 92, 93, 94, 95, 96, 108, 109, 110, 111, 112, 113, 114, 115, 116, 128, 129, 130, 131, 132, 133, 134, 135, 136, 148, 149, 150, 151, 152, 153, 154, 155, 156, 168, 169, 170, 171, 172, 173, 174, 175, 176, 188, 189, 190, 191, 192, 193, 194, 195, 196
00864, 48, 49, 50, 51, 52, 53, 54, 55, 56, 68, 69, 70, 71, 72, 73, 74, 75, 76, 88, 89, 90, 91, 92, 93, 94, 95, 96, 108, 109, 110, 111, 112, 113, 114, 115, 116, 128, 129, 130, 131, 132, 133, 134, 135, 136, 148, 149, 150, 151, 152, 153, 154, 155, 156, 168, 169, 170, 171, 172, 173, 174, 175, 176, 188, 189, 190, 191, 192, 193, 194, 195, 196
00865, 47, 48, 49, 50, 51, 52, 53, 54, 55, 67, 68, 69, 70, 71, 72, 73, 74, 75, 87, 88, 89, 90, 91, 92, 93, 94, 95, 107, 108, 109, 110, 111, 112, 113, 114, 115, 127, 128, 129, 130, 131, 132, 133, 134, 135, 147, 148, 149, 150, 151, 152, 153, 154, 155, 167, 168, 169, 170, 171, 172, 173, 174, 175, 187, 188, 189, 190, 191, 192, 193, 194, 195
00866, 47, 48, 49, 50, 51, 52, 53, 54, 55, 67, 68, 69, 70, 71, 72, 73, 74, 75, 87, 88, 89, 90, 91, 92, 93, 94, 95, 107, 108, 109, 110, 111, 112, 113, 114, 115, 127, 128, 129, 130, 131, 132, 133, 134, 135, 147, 148, 149, 150, 151, 152, 153, 154, 155, 167, 168, 169, 170, 171, 172, 173, 174, 175, 187, 188, 189, 190, 191, 192, 193, 194, 195
00867, 47, 48, 49, 50, 51, 52, 53, 54, 55, 67, 68, 69, 70, 71, 72, 73, 74, 75, 87, 88, 89, 90, 91, 92, 93, 94, 95, 107, 108, 109, 110, 111, 112, 113, 114, 115, 127, 128, 129, 130, 131, 132, 133, 134, 135, 147, 148, 149, 150, 151, 152, 153, 154, 155, 167, 168, 169, 170, 171, 172, 173, 174, 175, 187, 188, 189, 190, 191, 192, 193, 194, 195
00868, 47, 48, 49, 50, 51, 52, 53, 54, 55, 67, 68, 69, 70, 71, 72, 73, 74, 75, 87, 88, 89, 90, 91, 92, 93, 94, 95, 107, 108, 109, 110, 111, 112, 113, 114, 115, 127, 128, 129, 130, 131, 132, 133, 134, 135, 147, 148, 149, 150, 151, 152, 153, 154, 155, 167, 168, 169, 170, 171, 172, 173, 174, 175, 187, 188, 189, 190, 191, 192, 193, 194, 195
00869, 47, 48, 49, 50, 51, 52, 53, 54, 55, 67, 68, 69, 70, 71, 72, 73, 74, 75, 87, 88, 89, 90, 91, 92, 93, 94, 95, 107, 108, 109, 110, 111, 112, 113, 114, 115, 127, 128, 129, 130, 131, 132, 133, 134, 135, 147, 148, 149, 150, 151, 152, 153, 154, 155, 167, 168, 169, 170, 171, 172, 173, 174, 175, 187, 188, 189, 190, 191, 192, 193, 194, 195
00870, 47, 48, 49, 50, 51, 52, 53, 54, 55, 67, 68, 69, 70, 71, 72, 73, 74, 75, 87, 88, 89, 90, 91, 92, 93, 94, 95, 107, 108, 109, 110, 111, 112, 113, 114, 115, 127, 128, 129, 130, 131, 132, 133, 134, 135, 147, 148, 149, 150, 151, 152, 153, 154, 155, 167, 168, 169, 170, 171, 172, 173, 174, 175, 187, 188, 189, 190, 191, 192, 193, 194, 195
00871, 47, 48, 49, 50, 51, 52, 53, 54, 55, 67, 68, 69, 70, 71, 72, 73, 74, 75, 87, 88, 89, 90, 91, 92, 93, 94, 95, 107, 108, 109, 110, 111, 112, 113, 114, 115, 127, 128, 129, 130, 131, 132, 133, 134, 135, 147, 148, 149, 150, 151, 152, 153, 154, 155, 167, 168, 169, 170, 171, 172, 173, 174, 175, 187, 188, 189, 190, 191, 192, 193, 194, 195
00872, 47, 48, 49, 50, 51, 52, 53, 54, 55, 67, 68, 69, 70, 71, 72, 73, 74, 75, 87, 88, 89, 90, 91, 92, 93, 94, 95, 107, 108, 109, 110, 111, 112, 113, 114, 115, 127, 128, 129, 130, 131, 132, 133, 134, 135, 147, 148, 149, 150, 151, 152, 153, 154, 155, 167, 168, 169, 170, 171, 172, 173, 174, 175, 187, 188, 189, 190, 191, 192, 193, 194, 195
00873, 47, 48, 49, 50, 51, 52, 53, 54, 55, 67, 68, 69, 70, 71, 72, 73, 74, 75, 87, 88, 89, 90, 91, 92, 93, 94, 95, 107, 108, 109, 110, 111, 112, 113, 114, 115, 127, 128, 129, 130, 131, 132, 133, 134, 135, 147, 148, 149, 150, 151, 152, 153, 154, 155, 167, 168, 169, 170, 171, 172, 173, 174, 175, 187, 188, 189, 190, 191, 192, 193, 194, 195
00874, 47, 48, 49, 50, 51, 52, 53, 54, 55, 67, 68, 69, 70, 71, 72, 73, 74, 75, 87, 88, 89, 90, 91, 92, 93, 94, 95, 107, 108, 109, 110, 111, 112, 113, 114, 115, 127, 128, 129, 130, 131, 132, 133, 134, 135, 147, 148, 149, 150, 151, 152, 153, 154, 155, 167, 168, 169, 170, 171, 172, 173, 174, 175, 187, 188, 189, 190, 191, 192, 193, 194, 195
00875, 47, 48, 49, 50, 51, 52, 53, 54, 55, 67, 68, 69, 70, 71, 72, 73, 74, 75, 87, 88, 89, 90, 91, 92, 93, 94, 95, 107, 108, 109, 110, 111, 112, 113, 114, 115, 127, 128, 129, 130, 131, 132, 133, 134, 135, 147, 148, 149, 150, 151, 152, 153, 154, 155, 167, 168, 169, 170, 171, 172, 173, 174, 175, 187, 188, 189, 190, 191, 192, 193, 194, 195
00876, 47, 48, 49, 50, 51, 52, 53, 54, 55, 67, 68, 69, 70, 71, 72, 73, 74, 75, 87, 88, 89, 90, 91, 92, 93, 94, 95, 107, 108, 109, 110, 111, 112, 113, 114, 115, 127, 128, 129, 130, 131, 132, 133, 134, 135, 147, 148, 149, 150, 151, 152, 153, 154, 155, 167, 168, 169, 170, 171, 172, 173, 174, 175, 187, 188, 189, 190, 191, 192, 193, 194, 195
00877, 47, 48, 49, 50, 51, 52, 53, 54, 55, 67, 68, 69, 70, 71, 72, 73, 74, 75, 87, 88, 89, 90, 91, 92, 93, 94, 95, 107, 108, 109, 110, 111, 112, 113, 114, 115, 127, 128, 129, 130, 131, 132, 133, 134, 135, 147, 148, 149, 150, 151, 152, 153, 154, 155, 167, 168, 169, 170, 171, 172, 173, 174, 175, 187, 188, 189, 190, 191, 192, 193, 194, 195
00878, 47, 48, 49, 50, 51, 52, 53, 54, 55, 67, 68, 69, 70, 71, 72, 73, 74, 75, 87, 88, 89, 90, 91, 92, 93, 94, 95, 107, 108, 109, 110, 111, 112, 113, 114, 115, 127, 128, 129, 130, 131, 132, 133, 134, 135, 147, 148, 149, 150, 151, 152, 153, 154, 155, 167, 168, 169, 170, 171, 172, 173, 174, 175, 187, 188, 189, 190, 191, 192, 193, 194, 195
00879, 47, 48, 49, 50, 51, 52, 53, 54, 55, 67, 68, 69, 70, 71, 72, 73, 74, 75, 87, 88, 89, 90, 91, 92, 93, 94, 95, 107, 108, 109, 110, 111, 112, 113, 114, 115, 127, 128, 129, 130, 131, 132, 133, 134, 135, 147, 148, 149, 150, 151, 152, 153, 154, 155, 167, 168, 169, 170, 171, 172, 173, 174, 175, 187, 188, 189, 190, 191, 192, 193, 194, 195
00880, 46, 47, 48, 49, 50, 51, 52, 53, 54, 66, 67, 68, 69, 70, 71, 72, 73, 74, 86, 87, 88, 89, 90, 91, 92, 93, 94, 106, 107, 108, 109, 110, 111, 112, 113, 114, 126, 127, 128, 129, 130, 131, 132, 133, 134, 146, 147, 148, 149, 150, 151, 152, 153, 154, 166, 167, 168, 169, 170, 171, 172, 173, 174, 186, 187, 188, 189, 190, 191, 192, 193, 194
00881, 46, 47, 48, 49, 50, 51, 52, 53, 54, 66, 67, 68, 69, 70, 71, 72, 73, 74, 86, 87, 88, 89, 90, 91, 92, 93, 94, 106, 107, 108, 109, 110, 111, 112, 113, 114, 126, 127, 128, 129, 130, 131, 132, 133, 134, 146, 147, 148, 149, 150, 151, 152, 153, 154, 166, 167, 168, 169, 170, 171, 172, 173, 174, 186, 187, 188, 189, 190, 191, 192, 193, 194
00882, 46, 47, 48, 49, 50, 51, 52, 53, 54, 66, 67, 68, 69, 70, 71, 72, 73, 74, 86, 87, 88, 89, 90, 91, 92, 93, 94, 106, 107, 108, 109, 110, 111, 112, 113, 114, 126, 127, 128, 129, 130, 131, 132, 133, 134, 146, 147, 148, 149, 150, 151, 152, 153, 154, 166, 167, 168, 169, 170, 171, 172, 173, 174, 186, 187, 188, 189, 190, 191, 192, 193, 194
00883, 46, 47, 48, 49, 50, 51, 52, 53, 54, 66, 67, 68, 69, 70, 71, 72, 73, 74, 86, 87, 88, 89, 90, 91, 92, 93, 94, 106, 107, 108, 109, 110, 111, 112, 113, 114, 126, 127, 128, 129, 130, 131, 132, 133, 134, 146, 147, 148, 149, 150, 151, 152, 153, 154, 166, 167, 168, 169, 170, 171, 172, 173, 174, 186, 187, 188, 189, 190, 191, 192, 193, 194
00884, 46, 47, 48, 49, 50, 51, 52, 53, 54, 66, 67, 68, 69, 70, 71, 72, 73, 74, 86, 87, 88, 89, 90, 91, 92, 93, 94, 106, 107, 108, 109, 110, 111, 112, 113, 114, 126, 127, 128, 129, 130, 131, 132, 133, 134, 146, 147, 148, 149, 150, 151, 152, 153, 154, 166, 167, 168, 169, 170, 171, 172, 173, 174, 186, 187, 188, 189, 190, 191, 192, 193, 194
00885, 46, 47, 48, 49, 50, 51, 52, 53, 54, 66, 67, 68, 69, 70, 71, 72, 73, 74, 86, 87, 88, 89, 90, 91, 92, 93, 94, 106, 107, 108, 109, 110, 111, 112, 113, 114, 126, 127, 128, 129, 130, 131, 132, 133, 134, 146, 147, 148, 149, 150, 151, 152, 153, 154, 166, 167, 168, 169, 170, 171, 172, 173, 174, 186, 187, 188, 189, 190, 191, 192, 193, 194
00886, 46, 47, 48, 49, 50, 51, 52, 53, 54, 66, 67, 68, 69, 70, 71, 72, 73, 74, 86, 87, 88, 89, 90, 91, 92, 93, 94, 106, 107, 108, 109, 110, 111, 112, 113, 114, 126, 127, 128, 129, 130, 131, 132, 133, 134, 146, 147, 148, 149, 150, 151, 152, 153, 154, 166, 167, 168, 169, 170, 171, 172, 173, 174, 186, 187, 188, 189, 190, 191, 192, 193, 194
00887, 46, 47, 48, 49, 50, 51, 52, 53, 54, 66, 67, 68, 69, 70, 71, 72, 73, 74, 86, 87, 88, 89, 90, 91, 92, 93, 94, 106, 107, 108, 109, 110, 111, 112, 113, 114, 126, 127, 128, 129, 130, 131, 132, 133, 134, 146, 147, 148, 149, 150, 151, 152, 153, 154, 166, 167, 168, 169, 170, 171, 172, 173, 174, 186, 187, 188, 189, 190, 191, 192, 193, 194
00888, 46, 47, 48, 49, 50, 51, 52, 53, 54, 66, 67, 68, 69, 70, 71, 72, 73, 74, 86, 87, 88, 89, 90, 91, 92, 93, 94, 106, 107, 108, 109, 110, 111, 112, 113, 114, 126, 127, 128, 129, 130, 131, 132, 133, 134, 146, 147, 148, 149, 150, 151, 152, 153, 154, 166, 167, 168, 169, 170, 171, 172, 173, 174, 186, 187, 188, 189, 190, 191, 192, 193, 194
00889, 46, 47, 48, 49, 50, 51, 52, 53, 54, 66, 67, 68, 69, 70, 71, 72, 73, 74, 86, 87, 88, 89, 90, 91, 92, 93, 94, 106, 107, 108, 109, 110, 111, 112, 113, 114, 126, 127, 128, 129, 130, 131, 132, 133, 134, 146, 147, 148, 149, 150, 151, 152, 153, 154, 166, 167, 168, 169, 170, 171, 172, 173, 174, 186, 187, 188, 189, 190, 191, 192, 193, 194
00890, 46, 47, 48, 49, 50, 51, 52, 53, 54, 66, 67, 68, 69, 70, 71, 72, 73, 74, 86, 87, 88, 89, 90, 91, 92, 93, 94, 106, 107, 108, 109, 110, 111, 112, 113, 114, 126, 127, 128, 129, 130, 131, 132, 133, 134, 146, 147, 148, 149, 150, 151, 152, 153, 154, 166, 167, 168, 169, 170, 171, 172, 173, 174, 186, 187, 188, 189, 190, 191, 192, 193, 194
00891, 46, 47, 48, 49, 50, 51, 52, 53, 54, 66, 67, 68, 69, 70, 71, 72, 73, 74, 86, 87, 88, 89, 90, 91, 92, 93, 94, 106, 107, 108, 109, 110, 111, 112, 113, 114, 126, 127, 128, 129, 130, 131, 132, 133, 134, 146, 147, 148, 149, 150, 151, 152, 153, 154, 166, 167, 168, 169, 170, 171, 172, 173, 174, 186, 187, 188, 189, 190, 191, 192, 193, 194
00892, 46, 47, 48, 49, 50, 51, 52, 53, 54, 66, 67, 68, 69, 70, 71, 72, 73, 74, 86, 87, 88, 89, 90, 91, 92, 93, 94, 106, 107, 108, 109, 110, 111, 112, 113, 114, 126, 127, 128, 129, 130, 131, 132, 133, 134, 146, 147, 148, 149, 150, 151, 152, 153, 154, 166, 167, 168, 169, 170, 171, 172, 173, 174, 186, 187, 188, 189, 190, 191, 192, 193, 194
00893, 46, 47, 48, 49, 50, 51, 52, 53, 54, 66, 67, 68, 69, 70, 71, 72, 73, 74, 86, 87, 88, 89, 90, 91, 92, 93, 94, 106, 107, 108, 109, 110, 111, 112, 113, 114, 126, 127, 128, 129, 130, 131, 132, 133, 134, 146, 147, 148, 149, 150, 151, 152, 153, 154, 166, 167, 168, 169, 170, 171, 172, 173, 174, 186, 187, 188, 189, 190, 191, 192, 193, 194
00894, 46, 47, 48, 49, 50, 51, 52, 53, 54, 66, 67, 68, 69, 70, 71, 72, 73, 74, 86, 87, 88, 89, 90, 91, 92, 93, 94, 106, 107, 108, 109, 110, 111, 112, 113, 114, 126, 127, 128, 129, 130, 131, 132, 133, 134, 146, 147, 148, 149, 150, 151, 152, 153, 154, 166, 167, 168, 169, 170, 171, 172, 173, 174, 186, 187, 188, 189, 190, 191, 192, 193, 194
00895, 45, 46, 47, 48, 49, 50, 51, 52, 53, 65, 66, 67, 68, 69, 70, 71, 72, 73, 85, 86, 87, 88, 89, 90, 91, 92, 93, 105, 106, 107, 108, 109, 110, 111, 112, 113, 125, 126, 127, 128, 129, 130, 131, 132, 133, 145, 146, 147, 148, 149, 150, 151, 152, 153, 165, 166, 167, 168, 169, 170, 171, 172, 173, 185, 186, 187, 188, 189, 190, 191, 192, 193
00896, 45, 46, 47, 48, 49, 50, 51, 52, 53, 65, 66, 67, 68, 69, 70, 71, 72, 73, 85, 86, 87, 88, 89, 90, 91, 92, 93, 105, 106, 107, 108, 109, 110, 111, 112, 113, 125, 126, 127, 128, 129, 130, 131, 132, 133, 145, 146, 147, 148, 149, 150, 151, 152, 153, 165, 166, 167, 168, 169, 170, 171, 172, 173, 185, 186, 187, 188, 189, 190, 191, 192, 193
00897, 45, 46, 47, 48, 49, 50, 51, 52, 53, 65, 66, 67, 68, 69, 70, 71, 72, 73, 85, 86, 87, 88, 89, 90, 91, 92, 93, 105, 106, 107, 108, 109, 110, 111, 112, 113, 125, 126, 127, 128, 129, 130, 131, 132, 133, 145, 146, 147, 148, 149, 150, 151, 152, 153, 165, 166, 167, 168, 169, 170, 171, 172, 173, 185, 186, 187, 188, 189, 190, 191, 192, 193
00898, 45, 46, 47, 48, 49, 50, 51, 52, 53, 65, 66, 67, 68, 69, 70, 71, 72, 73, 85, 86, 87, 88, 89, 90, 91, 92, 93, 105, 106, 107, 108, 109, 110, 111, 112, 113, 125, 126, 127, 128, 129, 130, 131, 132, 133, 145, 146, 147, 148, 149, 150, 151, 152, 153, 165, 166, 167, 168, 169, 170, 171, 172, 173, 185, 186, 187, 188, 189, 190, 191, 192, 193
00899, 45, 46, 47, 48, 49, 50, 51, 52, 53, 65, 66, 67, 68, 69, 70, 71, 72, 73, 85, 86, 87, 88, 89, 90, 91, 92, 93, 105, 106, 107, 108, 109, 110, 111, 112, 113, 125, 126, 127, 128, 129, 130, 131, 132, 133, 145, 146, 147, 148, 149, 150, 151, 152, 153, 165, 166, 167, 168, 169, 170, 171, 172, 173, 185, 186, 187, 188, 189, 190, 191, 192, 193
00900, 45, 46, 47, 48, 49, 50, 51, 52, 53, 65, 66, 67, 68, 69, 70, 71, 72, 73, 85, 86, 87, 88, 89, 90, 91, 92, 93, 105, 106, 107, 108, 109, 110, 111, 112, 113, 125, 126, 127, 128, 129, 130, 131, 132, 133, 145, 146, 147, 148, 149, 150, 151, 152, 153, 165, 166, 167, 168, 169, 170, 171, 172, 173, 185, 186, 187, 188, 189, 190, 191, 192, 193
00901, 45, 46, 47, 48, 49, 50, 51, 52, 53, 65, 66, 67, 68, 69, 70, 71, 72, 73, 85, 86, 87, 88, 89, 90, 91, 92, 93, 105, 106, 107, 108, 109, 110, 111, 112, 113, 125, 126, 127, 128, 129, 130, 131, 132, 133, 145, 146, 147, 148, 149, 150, 151, 152, 153, 165, 166, 167, 168, 169, 170, 171, 172, 173, 185, 186, 187, 188, 189, 190, 191, 192, 193
00902, 45, 46, 47, 48, 49, 50, 51, 52, 53, 65, 66, 67, 68, 69, 70, 71, 72, 73, 85, 86, 87, 88, 89, 90, 91, 92, 93, 105, 106, 107, 108, 109, 110, 111, 112, 113, 125, 126, 127, 128, 129, 130, 131, 132, 133, 145, 146, 147, 148, 149, 150, 151, 152, 153, 165, 166, 167, 168, 169, 170, 171, 172, 173, 185, 186, 187, 188, 189, 190, 191, 192, 193
00903, 45, 46, 47, 48, 49, 50, 51, 52, 53, 65, 66, 67, 68, 69, 70, 71, 72, 73, 85, 86, 87, 88, 89, 90, 91, 92, 93, 105, 106, 107, 108, 109, 110, 111, 112, 113, 125, 126, 127, 128, 129, 130, 131, 132, 133, 145, 146, 147, 148, 149, 150, 151, 152, 153, 165, 166, 167, 168, 169, 170, 171, 172, 173, 185, 186, 187, 188, 189, 190, 191, 192, 193
00904, 45, 46, 47, 48, 49, 50, 51, 52, 53, 65, 66, 67, 68, 69, 70, 71, 72, 73, 85, 86, 87, 88, 89, 90, 91, 92, 93, 105, 106, 107, 108, 109, 110, 111, 112, 113, 125, 126, 127, 128, 129, 130, 131, 132, 133, 145, 146, 147, 148, 149, 150, 151, 152, 153, 165, 166, 167, 168, 169, 170, 171, 172, 173, 185, 186, 187, 188, 189, 190, 191, 192, 193
00905, 45, 46, 47, 48, 49, 50, 51, 52, 53, 65, 66, 67, 68, 69, 70, 71, 72, 73, 85, 86, 87, 88, 89, 90, 91, 92, 93, 105, 106, 107, 108, 109, 110, 111, 112, 113, 125, 126, 127, 128, 129, 130, 131, 132, 133, 145, 146, 147, 148, 149, 150, 151, 152, 153, 165, 166, 167, 168, 169, 170, 171, 172, 173, 185, 186, 187, 188, 189, 190, 191, 192, 193
00906, 45, 46, 47, 48, 49, 50, 51, 52, 53, 65, 66, 67, 68, 69, 70, 71, 72, 73, 85, 86, 87, 88, 89, 90, 91, 92, 93, 105, 106, 107, 108, 109, 110, 111, 112, 113, 125, 126, 127, 128, 129, 130, 131, 132, 133, 145, 146, 147, 148, 149, 150, 151, 152, 153, 165, 166, 167, 168, 169, 170, 171, 172, 173, 185, 186, 187, 188, 189, 190, 191, 192, 193
00907, 45, 46, 47, 48, 49, 50, 51, 52, 53, 65, 66, 67, 68, 69, 70, 71, 72, 73, 85, 86, 87, 88, 89, 90, 91, 92, 93, 105, 106, 107, 108, 109, 110, 111, 112, 113, 125, 126, 127, 128, 129, 130, 131, 132, 133, 145, 146, 147, 148, 149, 150, 151, 152, 153, 165, 166, 167, 168, 169, 170, 171, 172, 173, 185, 186, 187, 188, 189, 190, 191, 192, 193
00908, 45, 46, 47, 48, 49, 50, 51, 52, 53, 65, 66, 67, 68, 69, 70, 71, 72, 73, 85, 86, 87, 88, 89, 90, 91, 92, 93, 105, 106, 107, 108, 109, 110, 111, 112, 113, 125, 126, 127, 128, 129, 130, 131, 132, 133, 145, 146, 147, 148, 149, 150, 151, 152, 153, 165, 166, 167, 168, 169, 170, 171, 172, 173, 185, 186, 187, 188, 189, 190, 191, 192, 193
00909, 44, 45, 46, 47, 48, 49, 50, 51, 52, 64, 65, 66, 67, 68, 69, 70, 71, 72, 84, 85, 86, 87, 88, 89, 90, 91, 92, 104, 105, 106, 107, 108, 109, 110, 111, 112, 124, 125, 126, 127, 128, 129, 130, 131, 132, 144, 145, 146, 147, 148, 149, 150, 151, 152, 164, 165, 166, 167, 168, 169, 170, 171, 172, 184, 185, 186, 187, 188, 189, 190, 191, 192
00910, 44, 45, 46, 47, 48, 49, 50, 51, 52, 64, 65, 66, 67, 68, 69, 70, 71, 72, 84, 85, 86, 87, 88, 89, 90, 91, 92, 104, 105, 106, 107, 108, 109, 110, 111, 112, 124, 125, 126, 127, 128, 129, 130, 131, 132, 144, 145, 146, 147, 148, 149, 150, 151, 152, 164, 165, 166, 167, 168, 169, 170, 171, 172, 184, 185, 186, 187, 188, 189, 190, 191, 192
00911, 44, 45, 46, 47, 48, 49, 50, 51, 52, 64, 65, 66, 67, 68, 69, 70, 71, 72, 84, 85, 86, 87, 88, 89, 90, 91, 92, 104, 105, 106, 107, 108, 109, 110, 111, 112, 124, 125, 126, 127, 128, 129, 130, 131, 132, 144, 145, 146, 147, 148, 149, 150, 151, 152, 164, 165, 166, 167, 168, 169, 170, 171, 172, 184, 185, 186, 187, 188, 189, 190, 191, 192
00912, 44, 45, 46, 47, 48, 49, 50, 51, 52, 64, 65, 66, 67, 68, 69, 70, 71, 72, 84, 85, 86, 87, 88, 89, 90, 91, 92, 104, 105, 106, 107, 108, 109, 110, 111, 112, 124, 125, 126, 127, 128, 129, 130, 131, 132, 144, 145, 146, 147, 148, 149, 150, 151, 152, 164, 165, 166, 167, 168, 169, 170, 171, 172, 184, 185, 186, 187, 188, 189, 190, 191, 192
00913, 44, 45, 46, 47, 48, 49, 50, 51, 52, 64, 65, 66, 67, 68, 69, 70, 71, 72, 84, 85, 86, 87, 88, 89, 90, 91, 92, 104, 105, 106, 107, 108, 109, 110, 111, 112, 124, 125, 126, 127, 128, 129, 130, 131, 132, 144, 145, 146, 147, 148, 149, 150, 151, 152, 164, 165, 166, 167, 168, 169, 170, 171, 172, 184, 185, 186, 187, 188, 189, 190, 191, 192
00914, 44, 45, 46, 47, 48, 49, 50, 51, 52, 64, 65, 66, 67, 68, 69, 70, 71, 72, 84, 85, 86, 87, 88, 89, 90, 91, 92, 104, 105, 106, 107, 108, 109, 110, 111, 112, 124, 125, 126, 127, 128, 129, 130, 131, 132, 144, 145, 146, 147, 148, 149, 150, 151, 152, 164, 165, 166, 167, 168, 169, 170, 171, 172, 184, 185, 186, 187, 188, 189, 190, 191, 192
00915, 44, 45, 46, 47, 48, 49, 50, 51, 52, 64, 65, 66, 67, 68, 69, 70, 71, 72, 84, 85, 86, 87, 88, 89, 90, 91, 92, 104, 105, 106, 107, 108, 109, 110, 111, 112, 124, 125, 126, 127, 128, 129, 130, 131, 132, 144, 145, 146, 147, 148, 149, 150, 151, 152, 164, 165, 166, 167, 168, 169, 170, 171, 172, 184, 185, 186, 187, 188, 189, 190, 191, 192
00916, 44, 45, 46, 47, 48, 49, 50, 51, 52, 64, 65, 66, 67, 68, 69, 70, 71, 72, 84, 85, 86, 87, 88, 89, 90, 91, 92, 104, 105, 106, 107, 108, 109, 110, 111, 112, 124, 125, 126, 127, 128, 129, 130, 131, 132, 144, 145, 146, 147, 148, 149, 150, 151, 152, 164, 165, 166, 167, 168, 169, 170, 171, 172, 184, 185, 186, 187, 188, 189, 190, 191, 192
00917, 44, 45, 46, 47, 48, 49, 50, 51, 52, 64, 65, 66, 67, 68, 69, 70, 71, 72, 84, 85, 86, 87, 88, 89, 90, 91, 92, 104, 105, 106, 107, 108, 109, 110, 111, 112, 124, 125, 126, 127, 128, 129, 130, 131, 132, 144, 145, 146, 147, 148, 149, 150, 151, 152, 164, 165, 166, 167, 168, 169, 170, 171, 172, 184, 185, 186, 187, 188, 189, 190, 191, 192
00918, 44, 45, 46, 47, 48, 49, 50, 51, 52, 64, 65, 66, 67, 68, 69, 70, 71, 72, 84, 85, 86, 87, 88, 89, 90, 91, 92, 104, 105, 106, 107, 108, 109, 110, 111, 112, 124, 125, 126, 127, 128, 129, 130, 131, 132, 144, 145, 146, 147, 148, 149, 150, 151, 152, 164, 165, 166, 167, 168, 169, 170, 171, 172, 184, 185, 186, 187, 188, 189, 190, 191, 192
00919, 44, 45, 46, 47, 48, 49, 50, 51, 52, 64, 65, 66, 67, 68, 69, 70, 71, 72, 84, 85, 86, 87, 88, 89, 90, 91, 92, 104, 105, 106, 107, 108, 109, 110, 111, 112, 124, 125, 126, 127, 128, 129, 130, 131, 132, 144, 145, 146, 147, 148, 149, 150, 151, 152, 164, 165, 166, 167, 168, 169, 170, 171, 172, 184, 185, 186, 187, 188, 189, 190, 191, 192
00920, 44, 45, 46, 47, 48, 49, 50, 51, 52, 64, 65, 66, 67, 68, 69, 70, 71, 72, 84, 85, 86, 87, 88, 89, 90, 91, 92, 104, 105, 106, 107, 108, 109, 110, 111, 112, 124, 125, 126, 127, 128, 129, 130, 131, 132, 144, 145, 146, 147, 148, 149, 150, 151, 152, 164, 165, 166, 167, 168, 169, 170, 171, 172, 184, 185, 186, 187, 188, 189, 190, 191, 192
00921, 44, 45, 46, 47, 48, 49, 50, 51, 52, 64, 65, 66, 67, 68, 69, 70, 71, 72, 84, 85, 86, 87, 88, 89, 90, 91, 92, 104, 105, 106, 107, 108, 109, 110, 111, 112, 124, 125, 126, 127, 128, 129, 130, 131, 132, 144, 145, 146, 147, 148, 149, 150, 151, 152, 164, 165, 166, 167, 168, 169, 170, 171, 172, 184, 185, 186, 187, 188, 189, 190, 191, 192
00922, 44, 45, 46, 47, 48, 49, 50, 51, 52, 64, 65, 66, 67, 68, 69, 70, 71, 72, 84, 85, 86, 87, 88, 89, 90, 91, 92, 104, 105, 106, 107, 108, 109, 110, 111, 112, 124, 125, 126, 127, 128, 129, 130, 131, 132, 144, 145, 146, 147, 148, 149, 150, 151, 152, 164, 165, 166, 167, 168, 169, 170, 171, 172, 184, 185, 186, 187, 188, 189, 190, 191, 192
00923, 44, 45, 46, 47, 48, 49, 50, 51, 52, 64, 65, 66, 67, 68, 69, 70, 71, 72, 84, 85, 86, 87, 88, 89, 90, 91, 92, 104, 105, 106, 107, 108, 109, 110, 111, 112, 124, 125, 126, 127, 128, 129, 130, 131, 132, 144, 145, 146, 147, 148, 149, 150, 151, 152, 164, 165, 166, 167, 168, 169, 170, 171, 172, 184, 185, 186, 187, 188, 189, 190, 191, 192
00924, 43, 44, 45, 46, 47, 48, 49, 50, 51, 63, 64, 65, 66, 67, 68, 69, 70, 71, 83, 84, 85, 86, 87, 88, 89, 90, 91, 103, 104, 105, 106, 107, 108, 109, 110, 111, 123, 124, 125, 126, 127, 128, 129, 130, 131, 143, 144, 145, 146, 147, 148, 149, 150, 151, 163, 164, 165, 166, 167, 168, 169, 170, 171, 183, 184, 185, 186, 187, 188, 189, 190, 191
00925, 43, 44, 45, 46, 47, 48, 49, 50, 51, 63, 64, 65, 66, 67, 68, 69, 70, 71, 83, 84, 85, 86, 87, 88, 89, 90, 91, 103, 104, 105, 106, 107, 108, 109, 110, 111, 123, 124, 125, 126, 127, 128, 129, 130, 131, 143, 144, 145, 146, 147, 148, 149, 150, 151, 163, 164, 165, 166, 167, 168, 169, 170, 171, 183, 184, 185, 186, 187, 188, 189, 190, 191
00926, 43, 44, 45, 46, 47, 48, 49, 50, 51, 63, 64, 65, 66, 67, 68, 69, 70, 71, 83, 84, 85, 86, 87, 88, 89, 90, 91, 103, 104, 105, 106, 107, 108, 109, 110, 111, 123, 124, 125, 126, 127, 128, 129, 130, 131, 143, 144, 145, 146, 147, 148, 149, 150, 151, 163, 164, 165, 166, 167, 168, 169, 170, 171, 183, 184, 185, 186, 187, 188, 189, 190, 191
00927, 43, 44, 45, 46, 47, 48, 49, 50, 51, 63, 64, 65, 66, 67, 68, 69, 70, 71, 83, 84, 85, 86, 87, 88, 89, 90, 91, 103, 104, 105, 106, 107, 108, 109, 110, 111, 123, 124, 125, 126, 127, 128, 129, 130, 131, 143, 144, 145, 146, 147, 148, 149, 150, 151, 163, 164, 165, 166, 167, 168, 169, 170, 171, 183, 184, 185, 186, 187, 188, 189, 190, 191
00928, 43, 44, 45, 46, 47, 48, 49, 50, 51, 63, 64, 65, 66, 67, 68, 69, 70, 71, 83, 84, 85, 86, 87, 88, 89, 90, 91, 103, 104, 105, 106, 107, 108, 109, 110, 111, 123, 124, 125, 126, 127, 128, 129, 130, 131, 143, 144, 145, 146, 147, 148, 149, 150, 151, 163, 164, 165, 166, 167, 168, 169, 170, 171, 183, 184, 185, 186, 187, 188, 189, 190, 191
00929, 43, 44, 45, 46, 47, 48, 49, 50, 51, 63, 64, 65, 66, 67, 68, 69, 70, 71, 83, 84, 85, 86, 87, 88, 89, 90, 91, 103, 104, 105, 106, 107, 108, 109, 110, 111, 123, 124, 125, 126, 127, 128, 129, 130, 131, 143, 144, 145, 146, 147, 148, 149, 150, 151, 163, 164, 165, 166, 167, 168, 169, 170, 171, 183, 184, 185, 186, 187, 188, 189, 190, 191
00930, 43, 44, 45, 46, 47, 48, 49, 50, 51, 63, 64, 65, 66, 67, 68, 69, 70, 71, 83, 84, 85, 86, 87, 88, 89, 90, 91, 103, 104, 105, 106, 107, 108, 109, 110, 111, 123, 124, 125, 126, 127, 128, 129, 130, 131, 143, 144, 145, 146, 147, 148, 149, 150, 151, 163, 164, 165, 166, 167, 168, 169, 170, 171, 183, 184, 185, 186, 187, 188, 189, 190, 191
00931, 43, 44, 45, 46, 47, 48, 49, 50, 51, 63, 64, 65, 66, 67, 68, 69, 70, 71, 83, 84, 85, 86, 87, 88, 89, 90, 91, 103, 104, 105, 106, 107, 108, 109, 110, 111, 123, 124, 125, 126, 127, 128, 129, 130, 131, 143, 144, 145, 146, 147, 148, 149, 150, 151, 163, 164, 165, 166, 167, 168, 169, 170, 171, 183, 184, 185, 186, 187, 188, 189, 190, 191
00932, 43, 44, 45, 46, 47, 48, 49, 50, 51, 63, 64, 65, 66, 67, 68, 69, 70, 71, 83, 84, 85, 86, 87, 88, 89, 90, 91, 103, 104, 105, 106, 107, 108, 109, 110, 111, 123, 124, 125, 126, 127, 128, 129, 130, 131, 143, 144, 145, 146, 147, 148, 149, 150, 151, 163, 164, 165, 166, 167, 168, 169, 170, 171, 183, 184, 185, 186, 187, 188, 189, 190, 191
00933, 43, 44, 45, 46, 47, 48, 49, 50, 51, 63, 64, 65, 66, 67, 68, 69, 70, 71, 83, 84, 85, 86, 87, 88, 89, 90, 91, 103, 104, 105, 106, 107, 108, 109, 110, 111, 123, 124, 125, 126, 127, 128, 129, 130, 131, 143, 144, 145, 146, 147, 148, 149, 150, 151, 163, 164, 165, 166, 167, 168, 169, 170, 171, 183, 184, 185, 186, 187, 188, 189, 190, 191
00934, 43, 44, 45, 46, 47, 48, 49, 50, 51, 63, 64, 65, 66, 67, 68, 69, 70, 71, 83, 84, 85, 86, 87, 88, 89, 90, 91, 103, 104, 105, 106, 107, 108, 109, 110, 111, 123, 124, 125, 126, 127, 128, 129, 130, 131, 143, 144, 145, 146, 147, 148, 149, 150, 151, 163, 164, 165, 166, 167, 168, 169, 170, 171, 183, 184, 185, 186, 187, 188, 189, 190, 191
00935, 43, 44, 45, 46, 47, 48, 49, 50, 51, 63, 64, 65, 66, 67, 68, 69, 70, 71, 83, 84, 85, 86, 87, 88, 89, 90, 91, 103, 104, 105, 106, 107, 108, 109, 110, 111, 123, 124, 125, 126, 127, 128, 129, 130, 131, 143, 144, 145, 146, 147, 148, 149, 150, 151, 163, 164, 165, 166, 167, 168, 169, 170, 171, 183, 184, 185, 186, 187, 188, 189, 190, 191
00936, 43, 44, 45, 46, 47, 48, 49, 50, 51, 63, 64, 65, 66, 67, 68, 69, 70, 71, 83, 84, 85, 86, 87, 88, 89, 90, 91, 103, 104, 105, 106, 107, 108, 109, 110, 111, 123, 124, 125, 126, 127, 128, 129, 130, 131, 143, 144, 145, 146, 147, 148, 149, 150, 151, 163, 164, 165, 166, 167, 168, 169, 170, 171, 183, 184, 185, 186, 187, 188, 189, 190, 191
00937, 43, 44, 45, 46, 47, 48, 49, 50, 51, 63, 64, 65, 66, 67, 68, 69, 70, 71, 83, 84, 85, 86, 87, 88, 89, 90, 91, 103, 104, 105, 106, 107, 108, 109, 110, 111, 123, 124, 125, 126, 127, 128, 129, 130, 131, 143, 144, 145, 146, 147, 148, 149, 150, 151, 163, 164, 165, 166, 167, 168, 169, 170, 171, 183, 184, 185, 186, 187, 188, 189, 190, 191
00938, 43, 44, 45, 46, 47, 48, 49, 50, 51, 63, 64, 65, 66, 67, 68, 69, 70, 71, 83, 84, 85, 86, 87, 88, 89, 90, 91, 103, 104, 105, 106, 107, 108, 109, 110, 111, 123, 124, 125, 126, 127, 128, 129, 130, 131, 143, 144, 145, 146, 147, 148, 149, 150, 151, 163, 164, 165, 166, 167, 168, 169, 170, 171, 183, 184, 185, 186, 187, 188, 189, 190, 191
00939, 42, 43, 44, 45, 46, 47, 48, 49, 50, 62, 63, 64, 65, 66, 67, 68, 69, 70, 82, 83, 84, 85, 86, 87, 88, 89, 90, 102, 103, 104, 105, 106, 107, 108, 109, 110, 122, 123, 124, 125, 126, 127, 128, 129, 130, 142, 143, 144, 145, 146, 147, 148, 149, 150, 162, 163, 164, 165, 166, 167, 168, 169, 170, 182, 183, 184, 185, 186, 187, 188, 189, 190
00940, 42, 43, 44, 45, 46, 47, 48, 49, 50, 62, 63, 64, 65, 66, 67, 68, 69, 70, 82, 83, 84, 85, 86, 87, 88, 89, 90, 102, 103, 104, 105, 106, 107, 108, 109, 110, 122, 123, 124, 125, 126, 127, 128, 129, 130, 142, 143, 144, 145, 146, 147, 148, 149, 150, 162, 163, 164, 165, 166, 167, 168, 169, 170, 182, 183, 184, 185, 186, 187, 188, 189, 190
00941, 42, 43, 44, 45, 46, 47, 48, 49, 50, 62, 63, 64, 65, 66, 67, 68, 69, 70, 82, 83, 84, 85, 86, 87, 88, 89, 90, 102, 103, 104, 105, 106, 107, 108, 109, 110, 122, 123, 124, 125, 126, 127, 128, 129, 130, 142, 143, 144, 145, 146, 147, 148, 149, 150, 162, 163, 164, 165, 166, 167, 168, 169, 170, 182, 183, 184, 185, 186, 187, 188, 189, 190
00942, 42, 43, 44, 45, 46, 47, 48, 49, 50, 62, 63, 64, 65, 66, 67, 68, 69, 70, 82, 83, 84, 85, 86, 87, 88, 89, 90, 102, 103, 104, 105, 106, 107, 108, 109, 110, 122, 123, 124, 125, 126, 127, 128, 129, 130, 142, 143, 144, 145, 146, 147, 148, 149, 150, 162, 163, 164, 165, 166, 167, 168, 169, 170, 182, 183, 184, 185, 186, 187, 188, 189, 190
00943, 42, 43, 44, 45, 46, 47, 48, 49, 50, 62, 63, 64, 65, 66, 67, 68, 69, 70, 82, 83, 84, 85, 86, 87, 88, 89, 90, 102, 103, 104, 105, 106, 107, 108, 109, 110, 122, 123, 124, 125, 126, 127, 128, 129, 130, 142, 143, 144, 145, 146, 147, 148, 149, 150, 162, 163, 164, 165, 166, 167, 168, 169, 170, 182, 183, 184, 185, 186, 187, 188, 189, 190
00944, 42, 43, 44, 45, 46, 47, 48, 49, 50, 62, 63, 64, 65, 66, 67, 68, 69, 70, 82, 83, 84, 85, 86, 87, 88, 89, 90, 102, 103, 104, 105, 106, 107, 108, 109, 110, 122, 123, 124, 125, 126, 127, 128, 129, 130, 142, 143, 144, 145, 146, 147, 148, 149, 150, 162, 163, 164, 165, 166, 167, 168, 169, 170, 182, 183, 184, 185, 186, 187, 188, 189, 190
00945, 42, 43, 44, 45, 46, 47, 48, 49, 50, 62, 63, 64, 65, 66, 67, 68, 69, 70, 82, 83, 84, 85, 86, 87, 88, 89, 90, 102, 103, 104, 105, 106, 107, 108, 109, 110, 122, 123, 124, 125, 126, 127, 128, 129, 130, 142, 143, 144, 145, 146, 147, 148, 149, 150, 162, 163, 164, 165, 166, 167, 168, 169, 170, 182, 183, 184, 185, 186, 187, 188, 189, 190
00946, 42, 43, 44, 45, 46, 47, 48, 49, 50, 62, 63, 64, 65, 66, 67, 68, 69, 70, 82, 83, 84, 85, 86, 87, 88, 89, 90, 102, 103, 104, 105, 106, 107, 108, 109, 110, 122, 123, 124, 125, 126, 127, 128, 129, 130, 142, 143, 144, 145, 146, 147, 148, 149, 150, 162, 163, 164, 165, 166, 167, 168, 169, 170, 182, 183, 184, 185, 186, 187, 188, 189, 190
00947, 42, 43, 44, 45, 46, 47, 48, 49, 50, 62, 63, 64, 65, 66, 67, 68, 69, 70, 82, 83, 84, 85, 86, 87, 88, 89, 90, 102, 103, 104, 105, 106, 107, 108, 109, 110, 122, 123, 124, 125, 126, 127, 128, 129, 130, 142, 143, 144, 145, 146, 147, 148, 149, 150, 162, 163, 164, 165, 166, 167, 168, 169, 170, 182, 183, 184, 185, 186, 187, 188, 189, 190
00948, 42, 43, 44, 45, 46, 47, 48, 49, 50, 62, 63, 64, 65, 66, 67, 68, 69, 70, 82, 83, 84, 85, 86, 87, 88, 89, 90, 102, 103, 104, 105, 106, 107, 108, 109, 110, 122, 123, 124, 125, 126, 127, 128, 129, 130, 142, 143, 144, 145, 146, 147, 148, 149, 150, 162, 163, 164, 165, 166, 167, 168, 169, 170, 182, 183, 184, 185, 186, 187, 188, 189, 190
00949, 42, 43, 44, 45, 46, 47, 48, 49, 50, 62, 63, 64, 65, 66, 67, 68, 69, 70, 82, 83, 84, 85, 86, 87, 88, 89, 90, 102, 103, 104, 105, 106, 107, 108, 109, 110, 122, 123, 124, 125, 126, 127, 128, 129, 130, 142, 143, 144, 145, 146, 147, 148, 149, 150, 162, 163, 164, 165, 166, 167, 168, 169, 170, 182, 183, 184, 185, 186, 187, 188, 189, 190
00950, 42, 43, 44, 45, 46, 47, 48, 49, 50, 62, 63, 64, 65, 66, 67, 68, 69, 70, 82, 83, 84, 85, 86, 87, 88, 89, 90, 102, 103, 104, 105, 106, 107, 108, 109, 110, 122, 123, 124, 125, 126, 127, 128, 129, 130, 142, 143, 144, 145, 146, 147, 148, 149, 150, 162, 163, 164, 165, 166, 167, 168, 169, 170, 182, 183, 184, 185, 186, 187, 188, 189, 190
00951, 42, 43, 44, 45, 46, 47, 48, 49, 50, 62, 63, 64, 65, 66, 67, 68, 69, 70, 82, 83, 84, 85, 86, 87, 88, 89, 90, 102, 103, 104, 105, 106, 107, 108, 109, 110, 122, 123, 124, 125, 126, 127, 128, 129, 130, 142, 143, 144, 145, 146, 147, 148, 149, 150, 162, 163, 164, 165, 166, 167, 168, 169, 170, 182, 183, 184, 185, 186, 187, 188, 189, 190
00952, 42, 43, 44, 45, 46, 47, 48, 49, 50, 62, 63, 64, 65, 66, 67, 68, 69, 70, 82, 83, 84, 85, 86, 87, 88, 89, 90, 102, 103, 104, 105, 106, 107, 108, 109, 110, 122, 123, 124, 125, 126, 127, 128, 129, 130, 142, 143, 144, 145, 146, 147, 148, 149, 150, 162, 163, 164, 165, 166, 167, 168, 169, 170, 182, 183, 184, 185, 186, 187, 188, 189, 190
00953, 42, 43, 44, 45, 46, 47, 48, 49, 50, 62, 63, 64, 65, 66, 67, 68, 69, 70, 82, 83, 84, 85, 86, 87, 88, 89, 90, 102, 103, 104, 105, 106, 107, 108, 109, 110, 122, 123, 124, 125, 126, 127, 128, 129, 130, 142, 143, 144, 145, 146, 147, 148, 149, 150, 162, 163, 164, 165, 166, 167, 168, 169, 170, 182, 183, 184, 185, 186, 187, 188, 189, 190
00954, 42, 43, 44, 45, 46, 47, 48, 49, 50, 62, 63, 64, 65, 66, 67, 68, 69, 70, 82, 83, 84, 85, 86, 87, 88, 89, 90, 102, 103, 104, 105, 106, 107, 108, 109, 110, 122, 123, 124, 125, 126, 127, 128, 129, 130, 142, 143, 144, 145, 146, 147, 148, 149, 150, 162, 163, 164, 165, 166, 167, 168, 169, 170, 182, 183, 184, 185, 186, 187, 188, 189, 190
00955, 41, 42, 43, 44, 45, 46, 47, 48, 49, 61, 62, 63, 64, 65, 66, 67, 68, 69, 81, 82, 83, 84, 85, 86, 87, 88, 89, 101, 102, 103, 104, 105, 106, 107, 108, 109, 121, 122, 123, 124, 125, 126, 127, 128, 129, 141, 142, 143, 144, 145, 146, 147, 148, 149, 161, 162, 163, 164, 165, 166, 167, 168, 169, 181, 182, 183, 184, 185, 186, 187, 188, 189
00956, 41, 42, 43, 44, 45, 46, 47, 48, 49, 61, 62, 63, 64, 65, 66, 67, 68, 69, 81, 82, 83, 84, 85, 86, 87, 88, 89, 101, 102, 103, 104, 105, 106, 107, 108, 109, 121, 122, 123, 124, 125, 126, 127, 128, 129, 141, 142, 143, 144, 145, 146, 147, 148, 149, 161, 162, 163, 164, 165, 166, 167, 168, 169, 181, 182, 183, 184, 185, 186, 187, 188, 189
00957, 41, 42, 43, 44, 45, 46, 47, 48, 49, 61, 62, 63, 64, 65, 66, 67, 68, 69, 81, 82, 83, 84, 85, 86, 87, 88, 89, 101, 102, 103, 104, 105, 106, 107, 108, 109, 121, 122, 123, 124, 125, 126, 127, 128, 129, 141, 142, 143, 144, 145, 146, 147, 148, 149, 161, 162, 163, 164, 165, 166, 167, 168, 169, 181, 182, 183, 184, 185, 186, 187, 188, 189
00958, 41, 42, 43, 44, 45, 46, 47, 48, 49, 61, 62, 63, 64, 65, 66, 67, 68, 69, 81, 82, 83, 84, 85, 86, 87, 88, 89, 101, 102, 103, 104, 105, 106, 107, 108, 109, 121, 122, 123, 124, 125, 126, 127, 128, 129, 141, 142, 143, 144, 145, 146, 147, 148, 149, 161, 162, 163, 164, 165, 166, 167, 168, 169, 181, 182, 183, 184, 185, 186, 187, 188, 189
00959, 41, 42, 43, 44, 45, 46, 47, 48, 49, 61, 62, 63, 64, 65, 66, 67, 68, 69, 81, 82, 83, 84, 85, 86, 87, 88, 89, 101, 102, 103, 104, 105, 106, 107, 108, 109, 121, 122, 123, 124, 125, 126, 127, 128, 129, 141, 142, 143, 144, 145, 146, 147, 148, 149, 161, 162, 163, 164, 165, 166, 167, 168, 169, 181, 182, 183, 184, 185, 186, 187, 188, 189
00960, 41, 42, 43, 44, 45, 46, 47, 48, 49, 61, 62, 63, 64, 65, 66, 67, 68, 69, 81, 82, 83, 84, 85, 86, 87, 88, 89, 101, 102, 103, 104, 105, 106, 107, 108, 109, 121, 122, 123, 124, 125, 126, 127, 128, 129, 141, 142, 143, 144, 145, 146, 147, 148, 149, 161, 162, 163, 164, 165, 166, 167, 168, 169, 181, 182, 183, 184, 185, 186, 187, 188, 189
00961, 41, 42, 43, 44, 45, 46, 47, 48, 49, 61, 62, 63, 64, 65, 66, 67, 68, 69, 81, 82, 83, 84, 85, 86, 87, 88, 89, 101, 102, 103, 104, 105, 106, 107, 108, 109, 121, 122, 123, 124, 125, 126, 127, 128, 129, 141, 142, 143, 144, 145, 146, 147, 148, 149, 161, 162, 163, 164, 165, 166, 167, 168, 169, 181, 182, 183, 184, 185, 186, 187, 188, 189
00962, 41, 42, 43, 44, 45, 46, 47, 48, 49, 61, 62, 63, 64, 65, 66, 67, 68, 69, 81, 82, 83, 84, 85, 86, 87, 88, 89, 101, 102, 103, 104, 105, 106, 107, 108, 109, 121, 122, 123, 124, 125, 126, 127, 128, 129, 141, 142, 143, 144, 145, 146, 147, 148, 149, 161, 162, 163, 164, 165, 166, 167, 168, 169, 181, 182, 183, 184, 185, 186, 187, 188, 189
00963, 41, 42, 43, 44, 45, 46, 47, 48, 49, 61, 62, 63, 64, 65, 66, 67, 68, 69, 81, 82, 83, 84, 85, 86, 87, 88, 89, 101, 102, 103, 104, 105, 106, 107, 108, 109, 121, 122, 123, 124, 125, 126, 127, 128, 129, 141, 142, 143, 144, 145, 146, 147, 148, 149, 161, 162, 163, 164, 165, 166, 167, 168, 169, 181, 182, 183, 184, 185, 186, 187, 188, 189
00964, 41, 42, 43, 44, 45, 46, 47, 48, 49, 61, 62, 63, 64, 65, 66, 67, 68, 69, 81, 82, 83, 84, 85, 86, 87, 88, 89, 101, 102, 103, 104, 105, 106, 107, 108, 109, 121, 122, 123, 124, 125, 126, 127, 128, 129, 141, 142, 143, 144, 145, 146, 147, 148, 149, 161, 162, 163, 164, 165, 166, 167, 168, 169, 181, 182, 183, 184, 185, 186, 187, 188, 189
00965, 41, 42, 43, 44, 45, 46, 47, 48, 49, 61, 62, 63, 64, 65, 66, 67, 68, 69, 81, 82, 83, 84, 85, 86, 87, 88, 89, 101, 102, 103, 104, 105, 106, 107, 108, 109, 121, 122, 123, 124, 125, 126, 127, 128, 129, 141, 142, 143, 144, 145, 146, 147, 148, 149, 161, 162, 163, 164, 165, 166, 167, 168, 169, 181, 182, 183, 184, 185, 186, 187, 188, 189
00966, 41, 42, 43, 44, 45, 46, 47, 48, 49, 61, 62, 63, 64, 65, 66, 67, 68, 69, 81, 82, 83, 84, 85, 86, 87, 88, 89, 101, 102, 103, 104, 105, 106, 107, 108, 109, 121, 122, 123, 124, 125, 126, 127, 128, 129, 141, 142, 143, 144, 145, 146, 147, 148, 149, 161, 162, 163, 164, 165, 166, 167, 168, 169, 181, 182, 183, 184, 185, 186, 187, 188, 189
00967, 41, 42, 43, 44, 45, 46, 47, 48, 49, 61, 62, 63, 64, 65, 66, 67, 68, 69, 81, 82, 83, 84, 85, 86, 87, 88, 89, 101, 102, 103, 104, 105, 106, 107, 108, 109, 121, 122, 123, 124, 125, 126, 127, 128, 129, 141, 142, 143, 144, 145, 146, 147, 148, 149, 161, 162, 163, 164, 165, 166, 167, 168, 169, 181, 182, 183, 184, 185, 186, 187, 188, 189
00968, 41, 42, 43, 44, 45, 46, 47, 48, 49, 61, 62, 63, 64, 65, 66, 67, 68, 69, 81, 82, 83, 84, 85, 86, 87, 88, 89, 101, 102, 103, 104, 105, 106, 107, 108, 109, 121, 122, 123, 124, 125, 126, 127, 128, 129, 141, 142, 143, 144, 145, 146, 147, 148, 149, 161, 162, 163, 164, 165, 166, 167, 168, 169, 181, 182, 183, 184, 185, 186, 187, 188, 189
00969, 41, 42, 43, 44, 45, 46, 47, 48, 49, 61, 62, 63, 64, 65, 66, 67, 68, 69, 81, 82, 83, 84, 85, 86, 87, 88, 89, 101, 102, 103, 104, 105, 106, 107, 108, 109, 121, 122, 123, 124, 125, 126, 127, 128, 129, 141, 142, 143, 144, 145, 146, 147, 148, 149, 161, 162, 163, 164, 165, 166, 167, 168, 169, 181, 182, 183, 184, 185, 186, 187, 188, 189
00970, 41, 42, 43, 44, 45, 46, 47, 48, 49, 61, 62, 63, 64, 65, 66, 67, 68, 69, 81, 82, 83, 84, 85, 86, 87, 88, 89, 101, 102, 103, 104, 105, 106, 107, 108, 109, 121, 122, 123, 124, 125, 126, 127, 128, 129, 141, 142, 143, 144, 145, 146, 147, 148, 149, 161, 162, 163, 164, 165, 166, 167, 168, 169, 181, 182, 183, 184, 185, 186, 187, 188, 189
00971, 41, 42, 43, 44, 45, 46, 47, 48, 49, 61, 62, 63, 64, 65, 66, 67, 68, 69, 81, 82, 83, 84, 85, 86, 87, 88, 89, 101, 102, 103, 104, 105, 106, 107, 108, 109, 121, 122, 123, 124, 125, 126, 127, 128, 129, 141, 142, 143, 144, 145, 146, 147, 148, 149, 161, 162, 163, 164, 165, 166, 167, 168, 169, 181, 182, 183, 184, 185, 186, 187, 188, 189
00972, 41, 42, 43, 44, 45, 46, 47, 48, 49, 61, 62, 63, 64, 65, 66, 67, 68, 69, 81, 82, 83, 84, 85, 86, 87, 88, 89, 101, 102, 103, 104, 105, 106, 107, 108, 109, 121, 122, 123, 124, 125, 126, 127, 128, 129, 141, 142, 143, 144, 145, 146, 147, 148, 149, 161, 162, 163, 164, 165, 166, 167, 168, 169, 181, 182, 183, 184, 185, 186, 187, 188, 189
00973, 40, 41, 42, 43, 44, 45, 46, 47, 48, 60, 61, 62, 63, 64, 65, 66, 67, 68, 80, 81, 82, 83, 84, 85, 86, 87, 88, 100, 101, 102, 103, 104, 105, 106, 107, 108, 120, 121, 122, 123, 124, 125, 126, 127, 128, 140, 141, 142, 143, 144, 145, 146, 147, 148, 160, 161, 162, 163, 164, 165, 166, 167, 168, 180, 181, 182, 183, 184, 185, 186, 187, 188
00974, 40, 41, 42, 43, 44, 45, 46, 47, 48, 60, 61, 62, 63, 64, 65, 66, 67, 68, 80, 81, 82, 83, 84, 85, 86, 87, 88, 100, 101, 102, 103, 104, 105, 106, 107, 108, 120, 121, 122, 123, 124, 125, 126, 127, 128, 140, 141, 142, 143, 144, 145, 146, 147, 148, 160, 161, 162, 163, 164, 165, 166, 167, 168, 180, 181, 182, 183, 184, 185, 186, 187, 188
00975, 40, 41, 42, 43, 44, 45, 46, 47, 48, 60, 61, 62, 63, 64, 65, 66, 67, 68, 80, 81, 82, 83, 84, 85, 86, 87, 88, 100, 101, 102, 103, 104, 105, 106, 107, 108, 120, 121, 122, 123, 124, 125, 126, 127, 128, 140, 141, 142, 143, 144, 145, 146, 147, 148, 160, 161, 162, 163, 164, 165, 166, 167, 168, 180, 181, 182, 183, 184, 185, 186, 187, 188
00976, 40, 41, 42, 43, 44, 45, 46, 47, 48, 60, 61, 62, 63, 64, 65, 66, 67, 68, 80, 81, 82, 83, 84, 85, 86, 87, 88, 100, 101, 102, 103, 104, 105, 106, 107, 108, 120, 121, 122, 123, 124, 125, 126, 127, 128, 140, 141, 142, 143, 144, 145, 146, 147, 148, 160, 161, 162, 163, 164, 165, 166, 167, 168, 180, 181, 182, 183, 184, 185, 186, 187, 188
00977, 40, 41, 42, 43, 44, 45, 46, 47, 48, 60, 61, 62, 63, 64, 65, 66, 67, 68, 80, 81, 82, 83, 84, 85, 86, 87, 88, 100, 101, 102, 103, 104, 105, 106, 107, 108, 120, 121, 122, 123, 124, 125, 126, 127, 128, 140, 141, 142, 143, 144, 145, 146, 147, 148, 160, 161, 162, 163, 164, 165, 166, 167, 168, 180, 181, 182, 183, 184, 185, 186, 187, 188
00978, 40, 41, 42, 43, 44, 45, 46, 47, 48, 60, 61, 62, 63, 64, 65, 66, 67, 68, 80, 81, 82, 83, 84, 85, 86, 87, 88, 100, 101, 102, 103, 104, 105, 106, 107, 108, 120, 121, 122, 123, 124, 125, 126, 127, 128, 140, 141, 142, 143, 144, 145, 146, 147, 148, 160, 161, 162, 163, 164, 165, 166, 167, 168, 180, 181, 182, 183, 184, 185, 186, 187, 188
00979, 40, 41, 42, 43, 44, 45, 46, 47, 48, 60, 61, 62, 63, 64, 65, 66, 67, 68, 80, 81, 82, 83, 84, 85, 86, 87, 88, 100, 101, 102, 103, 104, 105, 106, 107, 108, 120, 121, 122, 123, 124, 125, 126, 127, 128, 140, 141, 142, 143, 144, 145, 146, 147, 148, 160, 161, 162, 163, 164, 165, 166, 167, 168, 180, 181, 182, 183, 184, 185, 186, 187, 188
00980, 40, 41, 42, 43, 44, 45, 46, 47, 48, 60, 61, 62, 63, 64, 65, 66, 67, 68, 80, 81, 82, 83, 84, 85, 86, 87, 88, 100, 101, 102, 103, 104, 105, 106, 107, 108, 120, 121, 122, 123, 124, 125, 126, 127, 128, 140, 141, 142, 143, 144, 145, 146, 147, 148, 160, 161, 162, 163, 164, 165, 166, 167, 168, 180, 181, 182, 183, 184, 185, 186, 187, 188
00981, 40, 41, 42, 43, 44, 45, 46, 47, 48, 60, 61, 62, 63, 64, 65, 66, 67, 68, 80, 81, 82, 83, 84, 85, 86, 87, 88, 100, 101, 102, 103, 104, 105, 106, 107, 108, 120, 121, 122, 123, 124, 125, 126, 127, 128, 140, 141, 142, 143, 144, 145, 146, 147, 148, 160, 161, 162, 163, 164, 165, 166, 167, 168, 180, 181, 182, 183, 184, 185, 186, 187, 188
00982, 40, 41, 42, 43, 44, 45, 46, 47, 48, 60, 61, 62, 63, 64, 65, 66, 67, 68, 80, 81, 82, 83, 84, 85, 86, 87, 88, 100, 101, 102, 103, 104, 105, 106, 107, 108, 120, 121, 122, 123, 124, 125, 126, 127, 128, 140, 141, 142, 143, 144, 145, 146, 147, 148, 160, 161, 162, 163, 164, 165, 166, 167, 168, 180, 181, 182, 183, 184, 185, 186, 187, 188
00983, 40, 41, 42, 43, 44, 45, 46, 47, 48, 60, 61, 62, 63, 64, 65, 66, 67, 68, 80, 81, 82, 83, 84, 85, 86, 87, 88, 100, 101, 102, 103, 104, 105, 106, 107, 108, 120, 121, 122, 123, 124, 125, 126, 127, 128, 140, 141, 142, 143, 144, 145, 146, 147, 148, 160, 161, 162, 163, 164, 165, 166, 167, 168, 180, 181, 182, 183, 184, 185, 186, 187, 188
00984, 40, 41, 42, 43, 44, 45, 46, 47, 48, 60, 61, 62, 63, 64, 65, 66, 67, 68, 80, 81, 82, 83, 84, 85, 86, 87, 88, 100, 101, 102, 103, 104, 105, 106, 107, 108, 120, 121, 122, 123, 124, 125, 126, 127, 128, 140, 141, 142, 143, 144, 145, 146, 147, 148, 160, 161, 162, 163, 164, 165, 166, 167, 168, 180, 181, 182, 183, 184, 185, 186, 187, 188
00985, 40, 41, 42, 43, 44, 45, 46, 47, 48, 60, 61, 62, 63, 64, 65, 66, 67, 68, 80, 81, 82, 83, 84, 85, 86, 87, 88, 100, 101, 102, 103, 104, 105, 106, 107, 108, 120, 121, 122, 123, 124, 125, 126, 127, 128, 140, 141, 142, 143, 144, 145, 146, 147, 148, 160, 161, 162, 163, 164, 165, 166, 167, 168, 180, 181, 182, 183, 184, 185, 186, 187, 188
00986, 40, 41, 42, 43, 44, 45, 46, 47, 48, 60, 61, 62, 63, 64, 65, 66, 67, 68, 80, 81, 82, 83, 84, 85, 86, 87, 88, 100, 101, 102, 103, 104, 105, 106, 107, 108, 120, 121, 122, 123, 124, 125, 126, 127, 128, 140, 141, 142, 143, 144, 145, 146, 147, 148, 160, 161, 162, 163, 164, 165, 166, 167, 168, 180, 181, 182, 183, 184, 185, 186, 187, 188
00987, 40, 41, 42, 43, 44, 45, 46, 47, 48, 60, 61, 62, 63, 64, 65, 66, 67, 68, 80, 81, 82, 83, 84, 85, 86, 87, 88, 100, 101, 102, 103, 104, 105, 106, 107, 108, 120, 121, 122, 123, 124, 125, 126, 127, 128, 140, 141, 142, 143, 144, 145, 146, 147, 148, 160, 161, 162, 163, 164, 165, 166, 167, 168, 180, 181, 182, 183, 184, 185, 186, 187, 188
00988, 40, 41, 42, 43, 44, 45, 46, 47, 48, 60, 61, 62, 63, 64, 65, 66, 67, 68, 80, 81, 82, 83, 84, 85, 86, 87, 88, 100, 101, 102, 103, 104, 105, 106, 107, 108, 120, 121, 122, 123, 124, 125, 126, 127, 128, 140, 141, 142, 143, 144, 145, 146, 147, 148, 160, 161, 162, 163, 164, 165, 166, 167, 168, 180, 181, 182, 183, 184, 185, 186, 187, 188
00989, 40, 41, 42, 43, 44, 45, 46, 47, 48, 60, 61, 62, 63, 64, 65, 66, 67, 68, 80, 81, 82, 83, 84, 85, 86, 87, 88, 100, 101, 102, 103, 104, 105, 106, 107, 108, 120, 121, 122, 123, 124, 125, 126, 127, 128, 140, 141, 142, 143, 144, 145, 146, 147, 148, 160, 161, 162, 163, 164, 165, 166, 167, 168, 180, 181, 182, 183, 184, 185, 186, 187, 188
00990, 40, 41, 42, 43, 44, 45, 46, 47, 48, 60, 61, 62, 63, 64, 65, 66, 67, 68, 80, 81, 82, 83, 84, 85, 86, 87, 88, 100, 101, 102, 103, 104, 105, 106, 107, 108, 120, 121, 122, 123, 124, 125, 126, 127, 128, 140, 141, 142, 143, 144, 145, 146, 147, 148, 160, 161, 162, 163, 164, 165, 166, 167, 168, 180, 181, 182, 183, 184, 185, 186, 187, 188
00991, 40, 41, 42, 43, 44, 45, 46, 47, 48, 60, 61, 62, 63, 64, 65, 66, 67, 68, 80, 81, 82, 83, 84, 85, 86, 87, 88, 100, 101, 102, 103, 104, 105, 106, 107, 108, 120, 121, 122, 123, 124, 125, 126, 127, 128, 140, 141, 142, 143, 144, 145, 146, 147, 148, 160, 161, 162, 163, 164, 165, 166, 167, 168, 180, 181, 182, 183, 184, 185, 186, 187, 188
00992, 40, 41, 42, 43, 44, 45, 46, 47, 48, 60, 61, 62, 63, 64, 65, 66, 67, 68, 80, 81, 82, 83, 84, 85, 86, 87, 88, 100, 101, 102, 103, 104, 105, 106, 107, 108, 120, 121, 122, 123, 124, 125, 126, 127, 128, 140, 141, 142, 143, 144, 145, 146, 147, 148, 160, 161, 162, 163, 164, 165, 166, 167, 168, 180, 181, 182, 183, 184, 185, 186, 187, 188
00993, 40, 41, 42, 43, 44, 45, 46, 47, 48, 60, 61, 62, 63, 64, 65, 66, 67, 68, 80, 81, 82, 83, 84, 85, 86, 87, 88, 100, 101, 102, 103, 104, 105, 106, 107, 108, 120, 121, 122, 123, 124, 125, 126, 127, 128, 140, 141, 142, 143, 144, 145, 146, 147, 148, 160, 161, 162, 163, 164, 165, 166, 167, 168, 180, 181, 182, 183, 184, 185, 186, 187, 188
00994, 40, 41, 42, 43, 44, 45, 46, 47, 48, 60, 61, 62, 63, 64, 65, 66, 67, 68, 80, 81, 82, 83, 84, 85, 86, 87, 88, 100, 101, 102, 103, 104, 105, 106, 107, 108, 120, 121, 122, 123, 124, 125, 126, 127, 128, 140, 141, 142, 143, 144, 145, 146, 147, 148, 160, 161, 162, 163, 164, 165, 166, 167, 168, 180, 181, 182, 183, 184, 185, 186, 187, 188
00995, 40, 41, 42, 43, 44, 45, 46, 47, 60, 61, 62, 63, 64, 65, 66, 67, 80, 81, 82, 83, 84, 85, 86, 87, 100, 101, 102, 103, 104, 105, 106, 107, 120, 121, 122, 123, 124, 125, 126, 127, 140, 141, 142, 143, 144, 145, 146, 147, 160, 161, 162, 163, 164, 165, 166, 167, 180, 181, 182, 183, 184, 185, 186, 187
00996, 40, 41, 42, 43, 44, 45, 46, 47, 60, 61, 62, 63, 64, 65, 66, 67, 80, 81, 82, 83, 84, 85, 86, 87, 100, 101, 102, 103, 104, 105, 106, 107, 120, 121, 122, 123, 124, 125, 126, 127, 140, 141, 142, 143, 144, 145, 146, 147, 160, 161, 162, 163, 164, 165, 166, 167, 180, 181, 182, 183, 184, 185, 186, 187
00997, 40, 41, 42, 43, 44, 45, 46, 47, 60, 61, 62, 63, 64, 65, 66, 67, 80, 81, 82, 83, 84, 85, 86, 87, 100, 101, 102, 103, 104, 105, 106, 107, 120, 121, 122, 123, 124, 125, 126, 127, 140, 141, 142, 143, 144, 145, 146, 147, 160, 161, 162, 163, 164, 165, 166, 167, 180, 181, 182, 183, 184, 185, 186, 187
00998, 40, 41, 42, 43, 44, 45, 46, 47, 60, 61, 62, 63, 64, 65, 66, 67, 80, 81, 82, 83, 84, 85, 86, 87, 100, 101, 102, 103, 104, 105, 106, 107, 120, 121, 122, 123, 124, 125, 126, 127, 140, 141, 142, 143, 144, 145, 146, 147, 160, 161, 162, 163, 164, 165, 166, 167, 180, 181, 182, 183, 184, 185, 186, 187
00999, 40, 41, 42, 43, 44, 45, 46, 47, 60, 61, 62, 63, 64, 65, 66, 67, 80, 81, 82, 83, 84, 85, 86, 87, 100, 101, 102, 103, 104, 105, 106, 107, 120, 121, 122, 123, 124, 125, 126, 127, 140, 141, 142, 143, 144, 145, 146, 147, 160, 161, 162, 163, 164, 165, 166, 167, 180, 181, 182, 183, 184, 185, 186, 187
01000, 40, 41, 42, 43, 44, 45, 46, 47, 60, 61, 62, 63, 64, 65, 66, 67, 80, 81, 82, 83, 84, 85, 86, 87, 100, 101, 102, 103, 104, 105, 106, 107, 120, 121, 122, 123, 124, 125, 126, 127, 140, 141, 142, 143, 144, 145, 146, 147, 160, 161, 162, 163, 164, 165, 166, 167, 180, 181, 182, 183, 184, 185, 186, 187
01001, 40, 41, 42, 43, 44, 45, 46, 47, 60, 61, 62, 63, 64, 65, 66, 67, 80, 81, 82, 83, 84, 85, 86, 87, 100, 101, 102, 103, 104, 105, 106, 107, 120, 121, 122, 123, 124, 125, 126, 127, 140, 141, 142, 143, 144, 145, 146, 147, 160, 161, 162, 163, 164, 165, 166, 167, 180, 181, 182, 183, 184, 185, 186, 187
01002, 40, 41, 42, 43, 44, 45, 46, 47, 60, 61, 62, 63, 64, 65, 66, 67, 80, 81, 82, 83, 84, 85, 86, 87, 100, 101, 102, 103, 104, 105, 106, 107, 120, 121, 122, 123, 124, 125, 126, 127, 140, 141, 142, 143, 144, 145, 146, 147, 160, 161, 162, 163, 164, 165, 166, 167, 180, 181, 182, 183, 184, 185, 186, 187
01003, 40, 41, 42, 43, 44, 45, 46, 47, 60, 61, 62, 63, 64, 65, 66, 67, 80, 81, 82, 83, 84, 85, 86, 87, 100, 101, 102, 103, 104, 105, 106, 107, 120, 121, 122, 123, 124, 125, 126, 127, 140, 141, 142, 143, 144, 145, 146, 147, 160, 161, 162, 163, 164, 165, 166, 167, 180, 181, 182, 183, 184, 185, 186, 187
01004, 40, 41, 42, 43, 44, 45, 46, 47, 60, 61, 62, 63, 64, 65, 66, 67, 80, 81, 82, 83, 84, 85, 86, 87, 100, 101, 102, 103, 104, 105, 106, 107, 120, 121, 122, 123, 124, 125, 126, 127, 140, 141, 142, 143, 144, 145, 146, 147, 160, 161, 162, 163, 164, 165, 166, 167, 180, 181, 182, 183, 184, 185, 186, 187
01005, 40, 41, 42, 43, 44, 45, 46, 47, 60, 61, 62, 63, 64, 65, 66, 67, 80, 81, 82, 83, 84, 85, 86, 87, 100, 101, 102, 103, 104, 105, 106, 107, 120, 121, 122, 123, 124, 125, 126, 127, 140, 141, 142, 143, 144, 145, 146, 147, 160, 161, 162, 163, 164, 165, 166, 167, 180, 181, 182, 183, 184, 185, 186, 187
01006, 40, 41, 42, 43, 44, 45, 46, 47, 60, 61, 62, 63, 64, 65, 66, 67, 80, 81, 82, 83, 84, 85, 86, 87, 100, 101, 102, 103, 104, 105, 106, 107, 120, 121, 122, 123, 124, 125, 126, 127, 140, 141, 142, 143, 144, 145, 146, 147, 160, 161, 162, 163, 164, 165, 166, 167, 180, 181, 182, 183, 184, 185, 186, 187
01007, 40, 41, 42, 43, 44, 45, 46, 47, 60, 61, 62, 63, 64, 65, 66, 67, 80, 81, 82, 83, 84, 85, 86, 87, 100, 101, 102, 103, 104, 105, 106, 107, 120, 121, 122, 123, 124, 125, 126, 127, 140, 141, 142, 143, 144, 145, 146, 147, 160, 161, 162, 163, 164, 165, 166, 167, 180, 181, 182, 183, 184, 185, 186, 187
01008, 40, 41, 42, 43, 44, 45, 46, 47, 60, 61, 62, 63, 64, 65, 66, 67, 80, 81, 82, 83, 84, 85, 86, 87, 100, 101, 102, 103, 104, 105, 106, 107, 120, 121, 122, 123, 124, 125, 126, 127, 140, 141, 142, 143, 144, 145, 146, 147, 160, 161, 162, 163, 164, 165, 166, 167, 180, 181, 182, 183, 184, 185, 186, 187
01009, 40, 41, 42, 43, 44, 45, 46, 47, 60, 61, 62, 63, 64, 65, 66, 67, 80, 81, 82, 83, 84, 85, 86, 87, 100, 101, 102, 103, 104, 105, 106, 107, 120, 121, 122, 123, 124, 125, 126, 127, 140, 141, 142, 143, 144, 145, 146, 147, 160, 161, 162, 163, 164, 165, 166, 167, 180, 181, 182, 183, 184, 185, 186, 187
01010, 40, 41, 42, 43, 44, 45, 46, 47, 60, 61, 62, 63, 64, 65, 66, 67, 80, 81, 82, 83, 84, 85, 86, 87, 100, 101, 102, 103, 104, 105, 106, 107, 120, 121, 122, 123, 124, 125, 126, 127, 140, 141, 142, 143, 144, 145, 146, 147, 160, 161, 162, 163, 164, 165, 166, 167, 180, 181, 182, 183, 184, 185, 186, 187
01011, 40, 41, 42, 43, 44, 45, 46, 47, 60, 61, 62, 63, 64, 65, 66, 67, 80, 81, 82, 83, 84, 85, 86, 87, 100, 101, 102, 103, 104, 105, 106, 107, 120, 121, 122, 123, 124, 125, 126, 127, 140, 141, 142, 143, 144, 145, 146, 147, 160, 161, 162, 163, 164, 165, 166, 167, 180, 181, 182, 183, 184, 185, 186, 187
01012, 40, 41, 42, 43, 44, 45, 46, 47, 60, 61, 62, 63, 64, 65, 66, 67, 80, 81, 82, 83, 84, 85, 86, 87, 100, 101, 102, 103, 104, 105, 106, 107, 120, 121, 122, 123, 124, 125, 126, 127, 140, 141, 142, 143, 144, 145, 146, 147, 160, 161, 162, 163, 164, 165, 166, 167, 180, 181, 182, 183, 184, 185, 186, 187
01013, 40, 41, 42, 43, 44, 45, 46, 47, 60, 61, 62, 63, 64, 65, 66, 67, 80, 81, 82, 83, 84, 85, 86, 87, 100, 101, 102, 103, 104, 105, 106, 107, 120, 121, 122, 123, 124, 125, 126, 127, 140, 141, 142, 143, 144, 145, 146, 147, 160, 161, 162, 163, 164, 165, 166, 167, 180, 181, 182, 183, 184, 185, 186, 187
01014, 40, 41, 42, 43, 44, 45, 46, 47, 60, 61, 62, 63, 64, 65, 66, 67, 80, 81, 82, 83, 84, 85, 86, 87, 100, 101, 102, 103, 104, 105, 106, 107, 120, 121, 122, 123, 124, 125, 126, 127, 140, 141, 142, 143, 144, 145, 146, 147, 160, 161, 162, 163, 164, 165, 166, 167, 180, 181, 182, 183, 184, 185, 186, 187
01015, 40, 41, 42, 43, 44, 45, 46, 47, 60, 61, 62, 63, 64, 65, 66, 67, 80, 81, 82, 83, 84, 85, 86, 87, 100, 101, 102, 103, 104, 105, 106, 107, 120, 121, 122, 123, 124, 125, 126, 127, 140, 141, 142, 143, 144, 145, 146, 147, 160, 161, 162, 163, 164, 165, 166, 167, 180, 181, 182, 183, 184, 185, 186, 187
01016, 40, 41, 42, 43, 44, 45, 46, 47, 60, 61, 62, 63, 64, 65, 66, 67, 80, 81, 82, 83, 84, 85, 86, 87, 100, 101, 102, 103, 104, 105, 106, 107, 120, 121, 122, 123, 124, 125, 126, 127, 140, 141, 142, 143, 144, 145, 146, 147, 160, 161, 162, 163, 164, 165, 166, 167, 180, 181, 182, 183, 184, 185, 186, 187
01017, 40, 41, 42, 43, 44, 45, 46, 47, 60, 61, 62, 63, 64, 65, 66, 67, 80, 81, 82, 83, 84, 85, 86, 87, 100, 101, 102, 103, 104, 105, 106, 107, 120, 121, 122, 123, 124, 125, 126, 127, 140, 141, 142, 143, 144, 145, 146, 147, 160, 161, 162, 163, 164, 165, 166, 167, 180, 181, 182, 183, 184, 185, 186, 187
01018, 40, 41, 42, 43, 44, 45, 46, 47, 60, 61, 62, 63, 64, 65, 66, 67, 80, 81, 82, 83, 84, 85, 86, 87, 100, 101, 102, 103, 104, 105, 106, 107, 120, 121, 122, 123, 124, 125, 126, 127, 140, 141, 142, 143, 144, 145, 146, 147, 160, 161, 162, 163, 164, 165, 166, 167, 180, 181, 182, 183, 184, 185, 186, 187
01019, 40, 41, 42, 43, 44, 45, 46, 47, 60, 61, 62, 63, 64, 65, 66, 67, 80, 81, 82, 83, 84, 85, 86, 87, 100, 101, 102, 103, 104, 105, 106, 107, 120, 121, 122, 123, 124, 125, 126, 127, 140, 141, 142, 143, 144, 145, 146, 147, 160, 161, 162, 163, 164, 165, 166, 167, 180, 181, 182, 183, 184, 185, 186, 187
01020, 40, 41, 42, 43, 44, 45, 46, 47, 60, 61, 62, 63, 64, 65, 66, 67, 80, 81, 82, 83, 84, 85, 86, 87, 100, 101, 102, 103, 104, 105, 106, 107, 120, 121, 122, 123, 124, 125, 126, 127, 140, 141, 142, 143, 144, 145, 146, 147, 160, 161, 162, 163, 164, 165, 166, 167, 180, 181, 182, 183, 184, 185, 186, 187
01021, 40, 41, 42, 43, 44, 45, 46, 47, 60, 61, 62, 63, 64, 65, 66, 67, 80, 81, 82, 83, 84, 85, 86, 87, 100, 101, 102, 103, 104, 105, 106, 107, 120, 121, 122, 123, 124, 125, 126, 127, 140, 141, 142, 143, 144, 145, 146, 147, 160, 161, 162, 163, 164, 165, 166, 167, 180, 181, 182, 183, 184, 185, 186, 187
01022, 40, 41, 42, 43, 44, 45, 46, 47, 60, 61, 62, 63, 64, 65, 66, 67, 80, 81, 82, 83, 84, 85, 86, 87, 100, 101, 102, 103, 104, 105, 106, 107, 120, 121, 122, 123, 124, 125, 126, 127, 140, 141, 142, 143, 144, 145, 146, 147, 160, 161, 162, 163, 164, 165, 166, 167, 180, 181, 182, 183, 184, 185, 186, 187
01023, 40, 41, 42, 43, 44, 45, 46, 47, 60, 61, 62, 63, 64, 65, 66, 67, 80, 81, 82, 83, 84, 85, 86, 87, 100, 101, 102, 103, 104, 105, 106, 107, 120, 121, 122, 123, 124, 125, 126, 127, 140, 141, 142, 143, 144, 145, 146, 147, 160, 161, 162, 163, 164, 165, 166, 167, 180, 181, 182, 183, 184, 185, 186, 187
01024, 40, 41, 42, 43, 44, 45, 46, 47, 60, 61, 62, 63, 64, 65, 66, 67, 80, 81, 82, 83, 84, 85, 86, 87, 100, 101, 102, 103, 104, 105, 106, 107, 120, 121, 122, 123, 124, 125, 126, 127, 140, 141, 142, 143, 144, 145, 146, 147, 160, 161, 162, 163, 164, 165, 166, 167, 180, 181, 182, 183, 184, 185, 186, 187
01025, 40, 41, 42, 43, 44, 45, 46, 47, 60, 61, 62, 63, 64, 65, 66, 67, 80, 81, 82, 83, 84, 85, 86, 87, 100, 101, 102, 103, 104, 105, 106, 107, 120, 121, 122, 123, 124, 125, 126, 127, 140, 141, 142, 143, 144, 145, 146, 147, 160, 161, 162, 163, 164, 165, 166, 167, 180, 181, 182, 183, 184, 185, 186, 187
01026, 40, 41, 42, 43, 44, 45, 46, 47, 60, 61, 62, 63, 64, 65, 66, 67, 80, 81, 82, 83, 84, 85, 86, 87, 100, 101, 102, 103, 104, 105, 106, 107, 120, 121, 122, 123, 124, 125, 126, 127, 140, 141, 142, 143, 144, 145, 146, 147, 160, 161, 162, 163, 164, 165, 166, 167, 180, 181, 182, 183, 184, 185, 186, 187
01027, 40, 41, 42, 43, 44, 45, 46, 47, 60, 61, 62, 63, 64, 65, 66, 67, 80, 81, 82, 83, 84, 85, 86, 87, 100, 101, 102, 103, 104, 105, 106, 107, 120, 121, 122, 123, 124, 125, 126, 127, 140, 141, 142, 143, 144, 145, 146, 147, 160, 161, 162, 163, 164, 165, 166, 167, 180, 181, 182, 183, 184, 185, 186, 187
01028, 40, 41, 42, 43, 44, 45, 46, 47, 60, 61, 62, 63, 64, 65, 66, 67, 80, 81, 82, 83, 84, 85, 86, 87, 100, 101, 102, 103, 104, 105, 106, 107, 120, 121, 122, 123, 124, 125, 126, 127, 140, 141, 142, 143, 144, 145, 146, 147, 160, 161, 162, 163, 164, 165, 166, 167, 180, 181, 182, 183, 184, 185, 186, 187
01029, 40, 41, 42, 43, 44, 45, 46, 47, 60, 61, 62, 63, 64, 65, 66, 67, 80, 81, 82, 83, 84, 85, 86, 87, 100, 101, 102, 103, 104, 105, 106, 107, 120, 121, 122, 123, 124, 125, 126, 127, 140, 141, 142, 143, 144, 145, 146, 147, 160, 161, 162, 163, 164, 165, 166, 167, 180, 181, 182, 183, 184, 185, 186, 187
01030, 40, 41, 42, 43, 44, 45, 46, 47, 60, 61, 62, 63, 64, 65, 66, 67, 80, 81, 82, 83, 84, 85, 86, 87, 100, 101, 102, 103, 104, 105, 106, 107, 120, 121, 122, 123, 124, 125, 126, 127, 140, 141, 142, 143, 144, 145, 146, 147, 160, 161, 162, 163, 164, 165, 166, 167, 180, 181, 182, 183, 184, 185, 186, 187
01031, 40, 41, 42, 43, 44, 45, 46, 47, 60, 61, 62, 63, 64, 65, 66, 67, 80, 81, 82, 83, 84, 85, 86, 87, 100, 101, 102, 103, 104, 105, 106, 107, 120, 121, 122, 123, 124, 125, 126, 127, 140, 141, 142, 143, 144, 145, 146, 147, 160, 161, 162, 163, 164, 165, 166, 167, 180, 181, 182, 183, 184, 185, 186, 187
01032, 40, 41, 42, 43, 44, 45, 46, 60, 61, 62, 63, 64, 65, 66, 80, 81, 82, 83, 84, 85, 86, 100, 101, 102, 103, 104, 105, 106, 120, 121, 122, 123, 124, 125, 126, 140, 141, 142, 143, 144, 145, 146, 160, 161, 162, 163, 164, 165, 166, 180, 181, 182, 183, 184, 185, 186
01033, 40, 41, 42, 43, 44, 45, 46, 60, 61, 62, 63, 64, 65, 66, 80, 81, 82, 83, 84, 85, 86, 100, 101, 102, 103, 104, 105, 106, 120, 121, 122, 123, 124, 125, 126, 140, 141, 142, 143, 144, 145, 146, 160, 161, 162, 163, 164, 165, 166, 180, 181, 182, 183, 184, 185, 186
01034, 40, 41, 42, 43, 44, 45, 46, 60, 61, 62, 63, 64, 65, 66, 80, 81, 82, 83, 84, 85, 86, 100, 101, 102, 103, 104, 105, 106, 120, 121, 122, 123, 124, 125, 126, 140, 141, 142, 143, 144, 145, 146, 160, 161, 162, 163, 164, 165, 166, 180, 181, 182, 183, 184, 185, 186
01035, 40, 41, 42, 43, 44, 45, 46, 60, 61, 62, 63, 64, 65, 66, 80, 81, 82, 83, 84, 85, 86, 100, 101, 102, 103, 104, 105, 106, 120, 121, 122, 123, 124, 125, 126, 140, 141, 142, 143, 144, 145, 146, 160, 161, 162, 163, 164, 165, 166, 180, 181, 182, 183, 184, 185, 186
01036, 40, 41, 42, 43, 44, 45, 46, 60, 61, 62, 63, 64, 65, 66, 80, 81, 82, 83, 84, 85, 86, 100, 101, 102, 103, 104, 105, 106, 120, 121, 122, 123, 124, 125, 126, 140, 141, 142, 143, 144, 145, 146, 160, 161, 162, 163, 164, 165, 166, 180, 181, 182, 183, 184, 185, 186
01037, 40, 41, 42, 43, 44, 45, 46, 60, 61, 62, 63, 64, 65, 66, 80, 81, 82, 83, 84, 85, 86, 100, 101, 102, 103, 104, 105, 106, 120, 121, 122, 123, 124, 125, 126, 140, 141, 142, 143, 144, 145, 146, 160, 161, 162, 163, 164, 165, 166, 180, 181, 182, 183, 184, 185, 186
01038, 40, 41, 42, 43, 44, 45, 46, 60, 61, 62, 63, 64, 65, 66, 80, 81, 82, 83, 84, 85, 86, 100, 101, 102, 103, 104, 105, 106, 120, 121, 122, 123, 124, 125, 126, 140, 141, 142, 143, 144, 145, 146, 160, 161, 162, 163, 164, 165, 166, 180, 181, 182, 183, 184, 185, 186
01039, 40, 41, 42, 43, 44, 45, 46, 60, 61, 62, 63, 64, 65, 66, 80, 81, 82, 83, 84, 85, 86, 100, 101, 102, 103, 104, 105, 106, 120, 121, 122, 123, 124, 125, 126, 140, 141, 142, 143, 144, 145, 146, 160, 161, 162, 163, 164, 165, 166, 180, 181, 182, 183, 184, 185, 186
01040, 40, 41, 42, 43, 44, 45, 46, 60, 61, 62, 63, 64, 65, 66, 80, 81, 82, 83, 84, 85, 86, 100, 101, 102, 103, 104, 105, 106, 120, 121, 122, 123, 124, 125, 126, 140, 141, 142, 143, 144, 145, 146, 160, 161, 162, 163, 164, 165, 166, 180, 181, 182, 183, 184, 185, 186
01041, 40, 41, 42, 43, 44, 45, 46, 60, 61, 62, 63, 64, 65, 66, 80, 81, 82, 83, 84, 85, 86, 100, 101, 102, 103, 104, 105, 106, 120, 121, 122, 123, 124, 125, 126, 140, 141, 142, 143, 144, 145, 146, 160, 161, 162, 163, 164, 165, 166, 180, 181, 182, 183, 184, 185, 186
01042, 40, 41, 42, 43, 44, 45, 46, 60, 61, 62, 63, 64, 65, 66, 80, 81, 82, 83, 84, 85, 86, 100, 101, 102, 103, 104, 105, 106, 120, 121, 122, 123, 124, 125, 126, 140, 141, 142, 143, 144, 145, 146, 160, 161, 162, 163, 164, 165, 166, 180, 181, 182, 183, 184, 185, 186
01043, 40, 41, 42, 43, 44, 45, 46, 60, 61, 62, 63, 64, 65, 66, 80, 81, 82, 83, 84, 85, 86, 100, 101, 102, 103, 104, 105, 106, 120, 121, 122, 123, 124, 125, 126, 140, 141, 142, 143, 144, 145, 146, 160, 161, 162, 163, 164, 165, 166, 180, 181, 182, 183, 184, 185, 186
01044, 40, 41, 42, 43, 44, 45, 46, 60, 61, 62, 63, 64, 65, 66, 80, 81, 82, 83, 84, 85, 86, 100, 101, 102, 103, 104, 105, 106, 120, 121, 122, 123, 124, 125, 126, 140, 141, 142, 143, 144, 145, 146, 160, 161, 162, 163, 164, 165, 166, 180, 181, 182, 183, 184, 185, 186
01045, 40, 41, 42, 43, 44, 45, 46, 60, 61, 62, 63, 64, 65, 66, 80, 81, 82, 83, 84, 85, 86, 100, 101, 102, 103, 104, 105, 106, 120, 121, 122, 123, 124, 125, 126, 140, 141, 142, 143, 144, 145, 146, 160, 161, 162, 163, 164, 165, 166, 180, 181, 182, 183, 184, 185, 186
01046, 40, 41, 42, 43, 44, 45, 46, 60, 61, 62, 63, 64, 65, 66, 80, 81, 82, 83, 84, 85, 86, 100, 101, 102, 103, 104, 105, 106, 120, 121, 122, 123, 124, 125, 126, 140, 141, 142, 143, 144, 145, 146, 160, 161, 162, 163, 164, 165, 166, 180, 181, 182, 183, 184, 185, 186
01047, 40, 41, 42, 43, 44, 45, 46, 60, 61, 62, 63, 64, 65, 66, 80, 81, 82, 83, 84, 85, 86, 100, 101, 102, 103, 104, 105, 106, 120, 121, 122, 123, 124, 125, 126, 140, 141, 142, 143, 144, 145, 146, 160, 161, 162, 163, 164, 165, 166, 180, 181, 182, 183, 184, 185, 186
01048, 40, 41, 42, 43, 44, 45, 46, 60, 61, 62, 63, 64, 65, 66, 80, 81, 82, 83, 84, 85, 86, 100, 101, 102, 103, 104, 105, 106, 120, 121, 122, 123, 124, 125, 126, 140, 141, 142, 143, 144, 145, 146, 160, 161, 162, 163, 164, 165, 166, 180, 181, 182, 183, 184, 185, 186
01049, 40, 41, 42, 43, 44, 45, 46, 60, 61, 62, 63, 64, 65, 66, 80, 81, 82, 83, 84, 85, 86, 100, 101, 102, 103, 104, 105, 106, 120, 121, 122, 123, 124, 125, 126, 140, 141, 142, 143, 144, 145, 146, 160, 161, 162, 163, 164, 165, 166, 180, 181, 182, 183, 184, 185, 186
01050, 40, 41, 42, 43, 44, 45, 46, 60, 61, 62, 63, 64, 65, 66, 80, 81, 82, 83, 84, 85, 86, 100, 101, 102, 103, 104, 105, 106, 120, 121, 122, 123, 124, 125, 126, 140, 141, 142, 143, 144, 145, 146, 160, 161, 162, 163, 164, 165, 166, 180, 181, 182, 183, 184, 185, 186
01051, 40, 41, 42, 43, 44, 45, 46, 60, 61, 62, 63, 64, 65, 66, 80, 81, 82, 83, 84, 85, 86, 100, 101, 102, 103, 104, 105, 106, 120, 121, 122, 123, 124, 125, 126, 140, 141, 142, 143, 144, 145, 146, 160, 161, 162, 163, 164, 165, 166, 180, 181, 182, 183, 184, 185, 186
01052, 40, 41, 42, 43, 44, 45, 46, 60, 61, 62, 63, 64, 65, 66, 80, 81, 82, 83, 84, 85, 86, 100, 101, 102, 103, 104, 105, 106, 120, 121, 122, 123, 124, 125, 126, 140, 141, 142, 143, 144, 145, 146, 160, 161, 162, 163, 164, 165, 166, 180, 181, 182, 183, 184, 185, 186
01053, 40, 41, 42, 43, 44, 45, 46, 60, 61, 62, 63, 64, 65, 66, 80, 81, 82, 83, 84, 85, 86, 100, 101, 102, 103, 104, 105, 106, 120, 121, 122, 123, 124, 125, 126, 140, 141, 142, 143, 144, 145, 146, 160, 161, 162, 163, 164, 165, 166, 180, 181, 182, 183, 184, 185, 186
01054, 40, 41, 42, 43, 44, 45, 46, 60, 61, 62, 63, 64, 65, 66, 80, 81, 82, 83, 84, 85, 86, 100, 101, 102, 103, 104, 105, 106, 120, 121, 122, 123, 124, 125, 126, 140, 141, 142, 143, 144, 145, 146, 160, 161, 162, 163, 164, 165, 166, 180, 181, 182, 183, 184, 185, 186
01055, 40, 41, 42, 43, 44, 45, 46, 60, 61, 62, 63, 64, 65, 66, 80, 81, 82, 83, 84, 85, 86, 100, 101, 102, 103, 104, 105, 106, 120, 121, 122, 123, 124, 125, 126, 140, 141, 142, 143, 144, 145, 146, 160, 161, 162, 163, 164, 165, 166, 180, 181, 182, 183, 184, 185, 186
01056, 40, 41, 42, 43, 44, 45, 46, 60, 61, 62, 63, 64, 65, 66, 80, 81, 82, 83, 84, 85, 86, 100, 101, 102, 103, 104, 105, 106, 120, 121, 122, 123, 124, 125, 126, 140, 141, 142, 143, 144, 145, 146, 160, 161, 162, 163, 164, 165, 166, 180, 181, 182, 183, 184, 185, 186
01057, 40, 41, 42, 43, 44, 45, 46, 60, 61, 62, 63, 64, 65, 66, 80, 81, 82, 83, 84, 85, 86, 100, 101, 102, 103, 104, 105, 106, 120, 121, 122, 123, 124, 125, 126, 140, 141, 142, 143, 144, 145, 146, 160, 161, 162, 163, 164, 165, 166, 180, 181, 182, 183, 184, 185, 186
01058, 40, 41, 42, 43, 44, 45, 46, 60, 61, 62, 63, 64, 65, 66, 80, 81, 82, 83, 84, 85, 86, 100, 101, 102, 103, 104, 105, 106, 120, 121, 122, 123, 124, 125, 126, 140, 141, 142, 143, 144, 145, 146, 160, 161, 162, 163, 164, 165, 166, 180, 181, 182, 183, 184, 185, 186
01059, 40, 41, 42, 43, 44, 45, 46, 60, 61, 62, 63, 64, 65, 66, 80, 81, 82, 83, 84, 85, 86, 100, 101, 102, 103, 104, 105, 106, 120, 121, 122, 123, 124, 125, 126, 140, 141, 142, 143, 144, 145, 146, 160, 161, 162, 163, 164, 165, 166, 180, 181, 182, 183, 184, 185, 186
01060, 40, 41, 42, 43, 44, 45, 46, 60, 61, 62, 63, 64, 65, 66, 80, 81, 82, 83, 84, 85, 86, 100, 101, 102, 103, 104, 105, 106, 120, 121, 122, 123, 124, 125, 126, 140, 141, 142, 143, 144, 145, 146, 160, 161, 162, 163, 164, 165, 166, 180, 181, 182, 183, 184, 185, 186
01061, 40, 41, 42, 43, 44, 45, 46, 60, 61, 62, 63, 64, 65, 66, 80, 81, 82, 83, 84, 85, 86, 100, 101, 102, 103, 104, 105, 106, 120, 121, 122, 123, 124, 125, 126, 140, 141, 142, 143, 144, 145, 146, 160, 161, 162, 163, 164, 165, 166, 180, 181, 182, 183, 184, 185, 186
01062, 40, 41, 42, 43, 44, 45, 46, 60, 61, 62, 63, 64, 65, 66, 80, 81, 82, 83, 84, 85, 86, 100, 101, 102, 103, 104, 105, 106, 120, 121, 122, 123, 124, 125, 126, 140, 141, 142, 143, 144, 145, 146, 160, 161, 162, 163, 164, 165, 166, 180, 181, 182, 183, 184, 185, 186
01063, 40, 41, 42, 43, 44, 45, 46, 60, 61, 62, 63, 64, 65, 66, 80, 81, 82, 83, 84, 85, 86, 100, 101, 102, 103, 104, 105, 106, 120, 121, 122, 123, 124, 125, 126, 140, 141, 142, 143, 144, 145, 146, 160, 161, 162, 163, 164, 165, 166, 180, 181, 182, 183, 184, 185, 186
01064, 40, 41, 42, 43, 44, 45, 46, 60, 61, 62, 63, 64, 65, 66, 80, 81, 82, 83, 84, 85, 86, 100, 101, 102, 103, 104, 105, 106, 120, 121, 122, 123, 124, 125, 126, 140, 141, 142, 143, 144, 145, 146, 160, 161, 162, 163, 164, 165, 166, 180, 181, 182, 183, 184, 185, 186
01065, 40, 41, 42, 43, 44, 45, 46, 60, 61, 62, 63, 64, 65, 66, 80, 81, 82, 83, 84, 85, 86, 100, 101, 102, 103, 104, 105, 106, 120, 121, 122, 123, 124, 125, 126, 140, 141, 142, 143, 144, 145, 146, 160, 161, 162, 163, 164, 165, 166, 180, 181, 182, 183, 184, 185, 186
01066, 40, 41, 42, 43, 44, 45, 46, 60, 61, 62, 63, 64, 65, 66, 80, 81, 82, 83, 84, 85, 86, 100, 101, 102, 103, 104, 105, 106, 120, 121, 122, 123, 124, 125, 126, 140, 141, 142, 143, 144, 145, 146, 160, 161, 162, 163, 164, 165, 166, 180, 181, 182, 183, 184, 185, 186
01067, 40, 41, 42, 43, 44, 45, 46, 60, 61, 62, 63, 64, 65, 66, 80, 81, 82, 83, 84, 85, 86, 100, 101, 102, 103, 104, 105, 106, 120, 121, 122, 123, 124, 125, 126, 140, 141, 142, 143, 144, 145, 146, 160, 161, 162, 163, 164, 165, 166, 180, 181, 182, 183, 184, 185, 186
01068, 40, 41, 42, 43, 44, 45, 46, 60, 61, 62, 63, 64, 65, 66, 80, 81, 82, 83, 84, 85, 86, 100, 101, 102, 103, 104, 105, 106, 120, 121, 122, 123, 124, 125, 126, 140, 141, 142, 143, 144, 145, 146, 160, 161, 162, 163, 164, 165, 166, 180, 181, 182, 183, 184, 185, 186
01069, 40, 41, 42, 43, 44, 45, 46, 60, 61, 62, 63, 64, 65, 66, 80, 81, 82, 83, 84, 85, 86, 100, 101, 102, 103, 104, 105, 106, 120, 121, 122, 123, 124, 125, 126, 140, 141, 142, 143, 144, 145, 146, 160, 161, 162, 163, 164, 165, 166, 180, 181, 182, 183, 184, 185, 186
01070, 40, 41, 42, 43, 44, 45, 46, 60, 61, 62, 63, 64, 65, 66, 80, 81, 82, 83, 84, 85, 86, 100, 101, 102, 103, 104, 105, 106, 120, 121, 122, 123, 124, 125, 126, 140, 141, 142, 143, 144, 145, 146, 160, 161, 162, 163, 164, 165, 166, 180, 181, 182, 183, 184, 185, 186
01071, 40, 41, 42, 43, 44, 45, 46, 60, 61, 62, 63, 64, 65, 66, 80, 81, 82, 83, 84, 85, 86, 100, 101, 102, 103, 104, 105, 106, 120, 121, 122, 123, 124, 125, 126, 140, 141, 142, 143, 144, 145, 146, 160, 161, 162, 163, 164, 165, 166, 180, 181, 182, 183, 184, 185, 186
01072, 40, 41, 42, 43, 44, 45, 46, 47, 60, 61, 62, 63, 64, 65, 66, 67, 80, 81, 82, 83, 84, 85, 86, 87, 100, 101, 102, 103, 104, 105, 106, 107, 120, 121, 122, 123, 124, 125, 126, 127, 140, 141, 142, 143, 144, 145, 146, 147, 160, 161, 162, 163, 164, 165, 166, 167, 180, 181, 182, 183, 184, 185, 186, 187
01073, 40, 41, 42, 43, 44, 45, 46, 47, 60, 61, 62, 63, 64, 65, 66, 67, 80, 81, 82, 83, 84, 85, 86, 87, 100, 101, 102, 103, 104, 105, 106, 107, 120, 121, 122, 123, 124, 125, 126, 127, 140, 141, 142, 143, 144, 145, 146, 147, 160, 161, 162, 163, 164, 165, 166, 167, 180, 181, 182, 183, 184, 185, 186, 187
01074, 40, 41, 42, 43, 44, 45, 46, 47, 60, 61, 62, 63, 64, 65, 66, 67, 80, 81, 82, 83, 84, 85, 86, 87, 100, 101, 102, 103, 104, 105, 106, 107, 120, 121, 122, 123, 124, 125, 126, 127, 140, 141, 142, 143, 144, 145, 146, 147, 160, 161, 162, 163, 164, 165, 166, 167, 180, 181, 182, 183, 184, 185, 186, 187
01075, 40, 41, 42, 43, 44, 45, 46, 47, 60, 61, 62, 63, 64, 65, 66, 67, 80, 81, 82, 83, 84, 85, 86, 87, 100, 101, 102, 103, 104, 105, 106, 107, 120, 121, 122, 123, 124, 125, 126, 127, 140, 141, 142, 143, 144, 145, 146, 147, 160, 161, 162, 163, 164, 165, 166, 167, 180, 181, 182, 183, 184, 185, 186, 187
01076, 40, 41, 42, 43, 44, 45, 46, 47, 60, 61, 62, 63, 64, 65, 66, 67, 80, 81, 82, 83, 84, 85, 86, 87, 100, 101, 102, 103, 104, 105, 106, 107, 120, 121, 122, 123, 124, 125, 126, 127, 140, 141, 142, 143, 144, 145, 146, 147, 160, 161, 162, 163, 164, 165, 166, 167, 180, 181, 182, 183, 184, 185, 186, 187
01077, 40, 41, 42, 43, 44, 45, 46, 47, 60, 61, 62, 63, 64, 65, 66, 67, 80, 81, 82, 83, 84, 85, 86, 87, 100, 101, 102, 103, 104, 105, 106, 107, 120, 121, 122, 123, 124, 125, 126, 127, 140, 141, 142, 143, 144, 145, 146, 147, 160, 161, 162, 163, 164, 165, 166, 167, 180, 181, 182, 183, 184, 185, 186, 187
01078, 40, 41, 42, 43, 44, 45, 46, 47, 60, 61, 62, 63, 64, 65, 66, 67, 80, 81, 82, 83, 84, 85, 86, 87, 100, 101, 102, 103, 104, 105, 106, 107, 120, 121, 122, 123, 124, 125, 126, 127, 140, 141, 142, 143, 144, 145, 146, 147, 160, 161, 162, 163, 164, 165, 166, 167, 180, 181, 182, 183, 184, 185, 186, 187
01079, 40, 41, 42, 43, 44, 45, 46, 47, 60, 61, 62, 63, 64, 65, 66, 67, 80, 81, 82, 83, 84, 85, 86, 87, 100, 101, 102, 103, 104, 105, 106, 107, 120, 121, 122, 123, 124, 125, 126, 127, 140, 141, 142, 143, 144, 145, 146, 147, 160, 161, 162, 163, 164, 165, 166, 167, 180, 181, 182, 183, 184, 185, 186, 187
01080, 40, 41, 42, 43, 44, 45, 46, 47, 60, 61, 62, 63, 64, 65, 66, 67, 80, 81, 82, 83, 84, 85, 86, 87, 100, 101, 102, 103, 104, 105, 106, 107, 120, 121, 122, 123, 124, 125, 126, 127, 140, 141, 142, 143, 144, 145, 146, 147, 160, 161, 162, 163, 164, 165, 166, 167, 180, 181, 182, 183, 184, 185, 186, 187
01081, 40, 41, 42, 43, 44, 45, 46, 47, 60, 61, 62, 63, 64, 65, 66, 67, 80, 81, 82, 83, 84, 85, 86, 87, 100, 101, 102, 103, 104, 105, 106, 107, 120, 121, 122, 123, 124, 125, 126, 127, 140, 141, 142, 143, 144, 145, 146, 147, 160, 161, 162, 163, 164, 165, 166, 167, 180, 181, 182, 183, 184, 185, 186, 187
01082, 40, 41, 42, 43, 44, 45, 46, 47, 60, 61, 62, 63, 64, 65, 66, 67, 80, 81, 82, 83, 84, 85, 86, 87, 100, 101, 102, 103, 104, 105, 106, 107, 120, 121, 122, 123, 124, 125, 126, 127, 140, 141, 142, 143, 144, 145, 146, 147, 160, 161, 162, 163, 164, 165, 166, 167, 180, 181, 182, 183, 184, 185, 186, 187
01083, 40, 41, 42, 43, 44, 45, 46, 47, 60, 61, 62, 63, 64, 65, 66, 67, 80, 81, 82, 83, 84, 85, 86, 87, 100, 101, 102, 103, 104, 105, 106, 107, 120, 121, 122, 123, 124, 125, 126, 127, 140, 141, 142, 143, 144, 145, 146, 147, 160, 161, 162, 163, 164, 165, 166, 167, 180, 181, 182, 183, 184, 185, 186, 187
01084, 40, 41, 42, 43, 44, 45, 46, 47, 60, 61, 62, 63, 64, 65, 66, 67, 80, 81, 82, 83, 84, 85, 86, 87, 100, 101, 102, 103, 104, 105, 106, 107, 120, 121, 122, 123, 124, 125, 126, 127, 140, 141, 142, 143, 144, 145, 146, 147, 160, 161, 162, 163, 164, 165, 166, 167, 180, 181, 182, 183, 184, 185, 186, 187
01085, 40, 41, 42, 43, 44, 45, 46, 47, 60, 61, 62, 63, 64, 65, 66, 67, 80, 81, 82, 83, 84, 85, 86, 87, 100, 101, 102, 103, 104, 105, 106, 107, 120, 121, 122, 123, 124, 125, 126, 127, 140, 141, 142, 143, 144, 145, 146, 147, 160, 161, 162, 163, 164, 165, 166, 167, 180, 181, 182, 183, 184, 185, 186, 187
01086, 40, 41, 42, 43, 44, 45, 46, 47, 60, 61, 62, 63, 64, 65, 66, 67, 80, 81, 82, 83, 84, 85, 86, 87, 100, 101, 102, 103, 104, 105, 106, 107, 120, 121, 122, 123, 124, 125, 126, 127, 140, 141, 142, 143, 144, 145, 146, 147, 160, 161, 162, 163, 164, 165, 166, 167, 180, 181, 182, 183, 184, 185, 186, 187
01087, 40, 41, 42, 43, 44, 45, 46, 47, 60, 61, 62, 63, 64, 65, 66, 67, 80, 81, 82, 83, 84, 85, 86, 87, 100, 101, 102, 103, 104, 105, 106, 107, 120, 121, 122, 123, 124, 125, 126, 127, 140, 141, 142, 143, 144, 145, 146, 147, 160, 161, 162, 163, 164, 165, 166, 167, 180, 181, 182, 183, 184, 185, 186, 187
01088, 40, 41, 42, 43, 44, 45, 46, 47, 60, 61, 62, 63, 64, 65, 66, 67, 80, 81, 82, 83, 84, 85, 86, 87, 100, 101, 102, 103, 104, 105, 106, 107, 120, 121, 122, 123, 124, 125, 126, 127, 140, 141, 142, 143, 144, 145, 146, 147, 160, 161, 162, 163, 164, 165, 166, 167, 180, 181, 182, 183, 184, 185, 186, 187
01089, 40, 41, 42, 43, 44, 45, 46, 47, 60, 61, 62, 63, 64, 65, 66, 67, 80, 81, 82, 83, 84, 85, 86, 87, 100, 101, 102, 103, 104, 105, 106, 107, 120, 121, 122, 123, 124, 125, 126, 127, 140, 141, 142, 143, 144, 145, 146, 147, 160, 161, 162, 163, 164, 165, 166, 167, 180, 181, 182, 183, 184, 185, 186, 187
01090, 40, 41, 42, 43, 44, 45, 46, 47, 60, 61, 62, 63, 64, 65, 66, 67, 80, 81, 82, 83, 84, 85, 86, 87, 100, 101, 102, 103, 104, 105, 106, 107, 120, 121, 122, 123, 124, 125, 126, 127, 140, 141, 142, 143, 144, 145, 146, 147, 160, 161, 162, 163, 164, 165, 166, 167, 180, 181, 182, 183, 184, 185, 186, 187
01091, 40, 41, 42, 43, 44, 45, 46, 47, 60, 61, 62, 63, 64, 65, 66, 67, 80, 81, 82, 83, 84, 85, 86, 87, 100, 101, 102, 103, 104, 105, 106, 107, 120, 121, 122, 123, 124, 125, 126, 127, 140, 141, 142, 143, 144, 145, 146, 147, 160, 161, 162, 163, 164, 165, 166, 167, 180, 181, 182, 183, 184, 185, 186, 187
01092, 40, 41, 42, 43, 44, 45, 46, 47, 60, 61, 62, 63, 64, 65, 66, 67, 80, 81, 82, 83, 84, 85, 86, 87, 100, 101, 102, 103, 104, 105, 106, 107, 120, 121, 122, 123, 124, 125, 126, 127, 140, 141, 142, 143, 144, 145, 146, 147, 160, 161, 162, 163, 164, 165, 166, 167, 180, 181, 182, 183, 184, 185, 186, 187
01093, 40, 41, 42, 43, 44, 45, 46, 47, 60, 61, 62, 63, 64, 65, 66, 67, 80, 81, 82, 83, 84, 85, 86, 87, 100, 101, 102, 103, 104, 105, 106, 107, 120, 121, 122, 123, 124, 125, 126, 127, 140, 141, 142, 143, 144, 145, 146, 147, 160, 161, 162, 163, 164, 165, 166, 167, 180, 181, 182, 183, 184, 185, 186, 187
01094, 40, 41, 42, 43, 44, 45, 46, 47, 60, 61, 62, 63, 64, 65, 66, 67, 80, 81, 82, 83, 84, 85, 86, 87, 100, 101, 102, 103, 104, 105, 106, 107, 120, 121, 122, 123, 124, 125, 126, 127, 140, 141, 142, 143, 144, 145, 146, 147, 160, 161, 162, 163, 164, 165, 166, 167, 180, 181, 182, 183, 184, 185, 186, 187
01095, 40, 41, 42, 43, 44, 45, 46, 47, 60, 61, 62, 63, 64, 65, 66, 67, 80, 81, 82, 83, 84, 85, 86, 87, 100, 101, 102, 103, 104, 105, 106, 107, 120, 121, 122, 123, 124, 125, 126, 127, 140, 141, 142, 143, 144, 145, 146, 147, 160, 161, 162, 163, 164, 165, 166, 167, 180, 181, 182, 183, 184, 185, 186, 187
01096, 40, 41, 42, 43, 44, 45, 46, 47, 60, 61, 62, 63, 64, 65, 66, 67, 80, 81, 82, 83, 84, 85, 86, 87, 100, 101, 102, 103, 104, 105, 106, 107, 120, 121, 122, 123, 124, 125, 126, 127, 140, 141, 142, 143, 144, 145, 146, 147, 160, 161, 162, 163, 164, 165, 166, 167, 180, 181, 182, 183, 184, 185, 186, 187
01097, 40, 41, 42, 43, 44, 45, 46, 47, 60, 61, 62, 63, 64, 65, 66, 67, 80, 81, 82, 83, 84, 85, 86, 87, 100, 101, 102, 103, 104, 105, 106, 107, 120, 121, 122, 123, 124, 125, 126, 127, 140, 141, 142, 143, 144, 145, 146, 147, 160, 161, 162, 163, 164, 165, 166, 167, 180, 181, 182, 183, 184, 185, 186, 187
01098, 40, 41, 42, 43, 44, 45, 46, 47, 60, 61, 62, 63, 64, 65, 66, 67, 80, 81, 82, 83, 84, 85, 86, 87, 100, 101, 102, 103, 104, 105, 106, 107, 120, 121, 122, 123, 124, 125, 126, 127, 140, 141, 142, 143, 144, 145, 146, 147, 160, 161, 162, 163, 164, 165, 166, 167, 180, 181, 182, 183, 184, 185, 186, 187
01099, 40, 41, 42, 43, 44, 45, 46, 47, 60, 61, 62, 63, 64, 65, 66, 67, 80, 81, 82, 83, 84, 85, 86, 87, 100, 101, 102, 103, 104, 105, 106, 107, 120, 121, 122, 123, 124, 125, 126, 127, 140, 141, 142, 143, 144, 145, 146, 147, 160, 161, 162, 163, 164, 165, 166, 167, 180, 181, 182, 183, 184, 185, 186, 187
01100, 40, 41, 42, 43, 44, 45, 46, 47, 60, 61, 62, 63, 64, 65, 66, 67, 80, 81, 82, 83, 84, 85, 86, 87, 100, 101, 102, 103, 104, 105, 106, 107, 120, 121, 122, 123, 124, 125, 126, 127, 140, 141, 142, 143, 144, 145, 146, 147, 160, 161, 162, 163, 164, 165, 166, 167, 180, 181, 182, 183, 184, 185, 186, 187
01101, 40, 41, 42, 43, 44, 45, 46, 47, 60, 61, 62, 63, 64, 65, 66, 67, 80, 81, 82, 83, 84, 85, 86, 87, 100, 101, 102, 103, 104, 105, 106, 107, 120, 121, 122, 123, 124, 125, 126, 127, 140, 141, 142, 143, 144, 145, 146, 147, 160, 161, 162, 163, 164, 165, 166, 167, 180, 181, 182, 183, 184, 185, 186, 187
01102, 40, 41, 42, 43, 44, 45, 46, 47, 60, 61, 62, 63, 64, 65, 66, 67, 80, 81, 82, 83, 84, 85, 86, 87, 100, 101, 102, 103, 104, 105, 106, 107, 120, 121, 122, 123, 124, 125, 126, 127, 140, 141, 142, 143, 144, 145, 146, 147, 160, 161, 162, 163, 164, 165, 166, 167, 180, 181, 182, 183, 184, 185, 186, 187
01103, 40, 41, 42, 43, 44, 45, 46, 47, 60, 61, 62, 63, 64, 65, 66, 67, 80, 81, 82, 83, 84, 85, 86, 87, 100, 101, 102, 103, 104, 105, 106, 107, 120, 121, 122, 123, 124, 125, 126, 127, 140, 141, 142, 143, 144, 145, 146, 147, 160, 161, 162, 163, 164, 165, 166, 167, 180, 181, 182, 183, 184, 185, 186, 187
01104, 20, 21, 22, 23, 24, 25, 26, 27, 40, 41, 42, 43, 44, 45, 46, 47, 60, 61, 62, 63, 64, 65, 66, 67, 80, 81, 82, 83, 84, 85, 86, 87, 100, 101, 102, 103, 104, 105, 106, 107, 120, 121, 122, 123, 124, 125, 126, 127, 140, 141, 142, 143, 144, 145, 146, 147, 160, 161, 162, 163, 164, 165, 166, 167, 180, 181, 182, 183, 184, 185, 186, 187
01105, 20, 21, 22, 23, 24, 25, 26, 27, 40, 41, 42, 43, 44, 45, 46, 47, 60, 61, 62, 63, 64, 65, 66, 67, 80, 81, 82, 83, 84, 85, 86, 87, 100, 101, 102, 103, 104, 105, 106, 107, 120, 121, 122, 123, 124, 125, 126, 127, 140, 141, 142, 143, 144, 145, 146, 147, 160, 161, 162, 163, 164, 165, 166, 167, 180, 181, 182, 183, 184, 185, 186, 187
01106, 20, 21, 22, 23, 24, 25, 26, 27, 40, 41, 42, 43, 44, 45, 46, 47, 60, 61, 62, 63, 64, 65, 66, 67, 80, 81, 82, 83, 84, 85, 86, 87, 100, 101, 102, 103, 104, 105, 106, 107, 120, 121, 122, 123, 124, 125, 126, 127, 140, 141, 142, 143, 144, 145, 146, 147, 160, 161, 162, 163, 164, 165, 166, 167, 180, 181, 182, 183, 184, 185, 186, 187
01107, 20, 21, 22, 23, 24, 25, 26, 27, 40, 41, 42, 43, 44, 45, 46, 47, 60, 61, 62, 63, 64, 65, 66, 67, 80, 81, 82, 83, 84, 85, 86, 87, 100, 101, 102, 103, 104, 105, 106, 107, 120, 121, 122, 123, 124, 125, 126, 127, 140, 141, 142, 143, 144, 145, 146, 147, 160, 161, 162, 163, 164, 165, 166, 167, 180, 181, 182, 183, 184, 185, 186, 187
01108, 20, 21, 22, 23, 24, 25, 26, 27, 40, 41, 42, 43, 44, 45, 46, 47, 60, 61, 62, 63, 64, 65, 66, 67, 80, 81, 82, 83, 84, 85, 86, 87, 100, 101, 102, 103, 104, 105, 106, 107, 120, 121, 122, 123, 124, 125, 126, 127, 140, 141, 142, 143, 144, 145, 146, 147, 160, 161, 162, 163, 164, 165, 166, 167, 180, 181, 182, 183, 184, 185, 186, 187
01109, 20, 21, 22, 23, 24, 25, 26, 27, 28, 40, 41, 42, 43, 44, 45, 46, 47, 48, 60, 61, 62, 63, 64, 65, 66, 67, 68, 80, 81, 82, 83, 84, 85, 86, 87, 88, 100, 101, 102, 103, 104, 105, 106, 107, 108, 120, 121, 122, 123, 124, 125, 126, 127, 128, 140, 141, 142, 143, 144, 145, 146, 147, 148, 160, 161, 162, 163, 164, 165, 166, 167, 168, 180, 181, 182, 183, 184, 185, 186, 187, 188
01110, 20, 21, 22, 23, 24, 25, 26, 27, 28, 40, 41, 42, 43, 44, 45, 46, 47, 48, 60, 61, 62, 63, 64, 65, 66, 67, 68, 80, 81, 82, 83, 84, 85, 86, 87, 88, 100, 101, 102, 103, 104, 105, 106, 107, 108, 120, 121, 122, 123, 124, 125, 126, 127, 128, 140, 141, 142, 143, 144, 145, 146, 147, 148, 160, 161, 162, 163, 164, 165, 166, 167, 168, 180, 181, 182, 183, 184, 185, 186, 187, 188
01111, 20, 21, 22, 23, 24, 25, 26, 27, 28, 40, 41, 42, 43, 44, 45, 46, 47, 48, 60, 61, 62, 63, 64, 65, 66, 67, 68, 80, 81, 82, 83, 84, 85, 86, 87, 88, 100, 101, 102, 103, 104, 105, 106, 107, 108, 120, 121, 122, 123, 124, 125, 126, 127, 128, 140, 141, 142, 143, 144, 145, 146, 147, 148, 160, 161, 162, 163, 164, 165, 166, 167, 168, 180, 181, 182, 183, 184, 185, 186, 187, 188
01112, 20, 21, 22, 23, 24, 25, 26, 27, 28, 40, 41, 42, 43, 44, 45, 46, 47, 48, 60, 61, 62, 63, 64, 65, 66, 67, 68, 80, 81, 82, 83, 84, 85, 86, 87, 88, 100, 101, 102, 103, 104, 105, 106, 107, 108, 120, 121, 122, 123, 124, 125, 126, 127, 128, 140, 141, 142, 143, 144, 145, 146, 147, 148, 160, 161, 162, 163, 164, 165, 166, 167, 168, 180, 181, 182, 183, 184, 185, 186, 187, 188
01113, 20, 21, 22, 23, 24, 25, 26, 27, 28, 40, 41, 42, 43, 44, 45, 46, 47, 48, 60, 61, 62, 63, 64, 65, 66, 67, 68, 80, 81, 82, 83, 84, 85, 86, 87, 88, 100, 101, 102, 103, 104, 105, 106, 107, 108, 120, 121, 122, 123, 124, 125, 126, 127, 128, 140, 141, 142, 143, 144, 145, 146, 147, 148, 160, 161, 162, 163, 164, 165, 166, 167, 168, 180, 181, 182, 183, 184, 185, 186, 187, 188
01114, 20, 21, 22, 23, 24, 25, 26, 27, 28, 40, 41, 42, 43, 44, 45, 46, 47, 48, 60, 61, 62, 63, 64, 65, 66, 67, 68, 80, 81, 82, 83, 84, 85, 86, 87, 88, 100, 101, 102, 103, 104, 105, 106, 107, 108, 120, 121, 122, 123, 124, 125, 126, 127, 128, 140, 141, 142, 143, 144, 145, 146, 147, 148, 160, 161, 162, 163, 164, 165, 166, 167, 168, 180, 181, 182, 183, 184, 185, 186, 187, 188
01115, 20, 21, 22, 23, 24, 25, 26, 27, 28, 40, 41, 42, 43, 44, 45, 46, 47, 48, 60, 61, 62, 63, 64, 65, 66, 67, 68, 80, 81, 82, 83, 84, 85, 86, 87, 88, 100, 101, 102, 103, 104, 105, 106, 107, 108, 120, 121, 122, 123, 124, 125, 126, 127, 128, 140, 141, 142, 143, 144, 145, 146, 147, 148, 160, 161, 162, 163, 164, 165, 166, 167, 168, 180, 181, 182, 183, 184, 185, 186, 187, 188
01116, 20, 21, 22, 23, 24, 25, 26, 27, 28, 40, 41, 42, 43, 44, 45, 46, 47, 48, 60, 61, 62, 63, 64, 65, 66, 67, 68, 80, 81, 82, 83, 84, 85, 86, 87, 88, 100, 101, 102, 103, 104, 105, 106, 107, 108, 120, 121, 122, 123, 124, 125, 126, 127, 128, 140, 141, 142, 143, 144, 145, 146, 147, 148, 160, 161, 162, 163, 164, 165, 166, 167, 168, 180, 181, 182, 183, 184, 185, 186, 187, 188
01117, 20, 21, 22, 23, 24, 25, 26, 27, 28, 40, 41, 42, 43, 44, 45, 46, 47, 48, 60, 61, 62, 63, 64, 65, 66, 67, 68, 80, 81, 82, 83, 84, 85, 86, 87, 88, 100, 101, 102, 103, 104, 105, 106, 107, 108, 120, 121, 122, 123, 124, 125, 126, 127, 128, 140, 141, 142, 143, 144, 145, 146, 147, 148, 160, 161, 162, 163, 164, 165, 166, 167, 168, 180, 181, 182, 183, 184, 185, 186, 187, 188
01118, 20, 21, 22, 23, 24, 25, 26, 27, 28, 40, 41, 42, 43, 44, 45, 46, 47, 48, 60, 61, 62, 63, 64, 65, 66, 67, 68, 80, 81, 82, 83, 84, 85, 86, 87, 88, 100, 101, 102, 103, 104, 105, 106, 107, 108, 120, 121, 122, 123, 124, 125, 126, 127, 128, 140, 141, 142, 143, 144, 145, 146, 147, 148, 160, 161, 162, 163, 164, 165, 166, 167, 168, 180, 181, 182, 183, 184, 185, 186, 187, 188
01119, 20, 21, 22, 23, 24, 25, 26, 27, 28, 40, 41, 42, 43, 44, 45, 46, 47, 48, 60, 61, 62, 63, 64, 65, 66, 67, 68, 80, 81, 82, 83, 84, 85, 86, 87, 88, 100, 101, 102, 103, 104, 105, 106, 107, 108, 120, 121, 122, 123, 124, 125, 126, 127, 128, 140, 141, 142, 143, 144, 145, 146, 147, 148, 160, 161, 162, 163, 164, 165, 166, 167, 168, 180, 181, 182, 183, 184, 185, 186, 187, 188
01120, 20, 21, 22, 23, 24, 25, 26, 27, 28, 40, 41, 42, 43, 44, 45, 46, 47, 48, 60, 61, 62, 63, 64, 65, 66, 67, 68, 80, 81, 82, 83, 84, 85, 86, 87, 88, 100, 101, 102, 103, 104, 105, 106, 107, 108, 120, 121, 122, 123, 124, 125, 126, 127, 128, 140, 141, 142, 143, 144, 145, 146, 147, 148, 160, 161, 162, 163, 164, 165, 166, 167, 168, 180, 181, 182, 183, 184, 185, 186, 187, 188
01121, 20, 21, 22, 23, 24, 25, 26, 27, 28, 40, 41, 42, 43, 44, 45, 46, 47, 48, 60, 61, 62, 63, 64, 65, 66, 67, 68, 80, 81, 82, 83, 84, 85, 86, 87, 88, 100, 101, 102, 103, 104, 105, 106, 107, 108, 120, 121, 122, 123, 124, 125, 126, 127, 128, 140, 141, 142, 143, 144, 145, 146, 147, 148, 160, 161, 162, 163, 164, 165, 166, 167, 168, 180, 181, 182, 183, 184, 185, 186, 187, 188
01122, 20, 21, 22, 23, 24, 25, 26, 27, 28, 40, 41, 42, 43, 44, 45, 46, 47, 48, 60, 61, 62, 63, 64, 65, 66, 67, 68, 80, 81, 82, 83, 84, 85, 86, 87, 88, 100, 101, 102, 103, 104, 105, 106, 107, 108, 120, 121, 122, 123, 124, 125, 126, 127, 128, 140, 141, 142, 143, 144, 145, 146, 147, 148, 160, 161, 162, 163, 164, 165, 166, 167, 168, 180, 181, 182, 183, 184, 185, 186, 187, 188
01123, 20, 21, 22, 23, 24, 25, 26, 27, 28, 40, 41, 42, 43, 44, 45, 46, 47, 48, 60, 61, 62, 63, 64, 65, 66, 67, 68, 80, 81, 82, 83, 84, 85, 86, 87, 88, 100, 101, 102, 103, 104, 105, 106, 107, 108, 120, 121, 122, 123, 124, 125, 126, 127, 128, 140, 141, 142, 143, 144, 145, 146, 147, 148, 160, 161, 162, 163, 164, 165, 166, 167, 168, 180, 181, 182, 183, 184, 185, 186, 187, 188
01124, 20, 21, 22, 23, 24, 25, 26, 27, 28, 40, 41, 42, 43, 44, 45, 46, 47, 48, 60, 61, 62, 63, 64, 65, 66, 67, 68, 80, 81, 82, 83, 84, 85, 86, 87, 88, 100, 101, 102, 103, 104, 105, 106, 107, 108, 120, 121, 122, 123, 124, 125, 126, 127, 128, 140, 141, 142, 143, 144, 145, 146, 147, 148, 160, 161, 162, 163, 164, 165, 166, 167, 168, 180, 181, 182, 183, 184, 185, 186, 187, 188
01125, 20, 21, 22, 23, 24, 25, 26, 27, 28, 40, 41, 42, 43, 44, 45, 46, 47, 48, 60, 61, 62, 63, 64, 65, 66, 67, 68, 80, 81, 82, 83, 84, 85, 86, 87, 88, 100, 101, 102, 103, 104, 105, 106, 107, 108, 120, 121, 122, 123, 124, 125, 126, 127, 128, 140, 141, 142, 143, 144, 145, 146, 147, 148, 160, 161, 162, 163, 164, 165, 166, 167, 168, 180, 181, 182, 183, 184, 185, 186, 187, 188
01126, 20, 21, 22, 23, 24, 25, 26, 27, 28, 40, 41, 42, 43, 44, 45, 46, 47, 48, 60, 61, 62, 63, 64, 65, 66, 67, 68, 80, 81, 82, 83, 84, 85, 86, 87, 88, 100, 101, 102, 103, 104, 105, 106, 107, 108, 120, 121, 122, 123, 124, 125, 126, 127, 128, 140, 141, 142, 143, 144, 145, 146, 147, 148, 160, 161, 162, 163, 164, 165, 166, 167, 168, 180, 181, 182, 183, 184, 185, 186, 187, 188
01127, 20, 21, 22, 23, 24, 25, 26, 27, 28, 40, 41, 42, 43, 44, 45, 46, 47, 48, 60, 61, 62, 63, 64, 65, 66, 67, 68, 80, 81, 82, 83, 84, 85, 86, 87, 88, 100, 101, 102, 103, 104, 105, 106, 107, 108, 120, 121, 122, 123, 124, 125, 126, 127, 128, 140, 141, 142, 143, 144, 145, 146, 147, 148, 160, 161, 162, 163, 164, 165, 166, 167, 168, 180, 181, 182, 183, 184, 185, 186, 187, 188
01128, 20, 21, 22, 23, 24, 25, 26, 27, 28, 40, 41, 42, 43, 44, 45, 46, 47, 48, 60, 61, 62, 63, 64, 65, 66, 67, 68, 80, 81, 82, 83, 84, 85, 86, 87, 88, 100, 101, 102, 103, 104, 105, 106, 107, 108, 120, 121, 122, 123, 124, 125, 126, 127, 128, 140, 141, 142, 143, 144, 145, 146, 147, 148, 160, 161, 162, 163, 164, 165, 166, 167, 168, 180, 181, 182, 183, 184, 185, 186, 187, 188
01129, 20, 21, 22, 23, 24, 25, 26, 27, 28, 40, 41, 42, 43, 44, 45, 46, 47, 48, 60, 61, 62, 63, 64, 65, 66, 67, 68, 80, 81, 82, 83, 84, 85, 86, 87, 88, 100, 101, 102, 103, 104, 105, 106, 107, 108, 120, 121, 122, 123, 124, 125, 126, 127, 128, 140, 141, 142, 143, 144, 145, 146, 147, 148, 160, 161, 162, 163, 164, 165, 166, 167, 168, 180, 181, 182, 183, 184, 185, 186, 187, 188
01130, 20, 21, 22, 23, 24, 25, 26, 27, 28, 40, 41, 42, 43, 44, 45, 46, 47, 48, 60, 61, 62, 63, 64, 65, 66, 67, 68, 80, 81, 82, 83, 84, 85, 86, 87, 88, 100, 101, 102, 103, 104, 105, 106, 107, 108, 120, 121, 122, 123, 124, 125, 126, 127, 128, 140, 141, 142, 143, 144, 145, 146, 147, 148, 160, 161, 162, 163, 164, 165, 166, 167, 168, 180, 181, 182, 183, 184, 185, 186, 187, 188
01131, 21, 22, 23, 24, 25, 26, 27, 28, 29, 41, 42, 43, 44, 45, 46, 47, 48, 49, 61, 62, 63, 64, 65, 66, 67, 68, 69, 81, 82, 83, 84, 85, 86, 87, 88, 89, 101, 102, 103, 104, 105, 106, 107, 108, 109, 121, 122, 123, 124, 125, 126, 127, 128, 129, 141, 142, 143, 144, 145, 146, 147, 148, 149, 161, 162, 163, 164, 165, 166, 167, 168, 169, 181, 182, 183, 184, 185, 186, 187, 188, 189
01132, 21, 22, 23, 24, 25, 26, 27, 28, 29, 41, 42, 43, 44, 45, 46, 47, 48, 49, 61, 62, 63, 64, 65, 66, 67, 68, 69, 81, 82, 83, 84, 85, 86, 87, 88, 89, 101, 102, 103, 104, 105, 106, 107, 108, 109, 121, 122, 123, 124, 125, 126, 127, 128, 129, 141, 142, 143, 144, 145, 146, 147, 148, 149, 161, 162, 163, 164, 165, 166, 167, 168, 169, 181, 182, 183, 184, 185, 186, 187, 188, 189
01133, 21, 22, 23, 24, 25, 26, 27, 28, 29, 41, 42, 43, 44, 45, 46, 47, 48, 49, 61, 62, 63, 64, 65, 66, 67, 68, 69, 81, 82, 83, 84, 85, 86, 87, 88, 89, 101, 102, 103, 104, 105, 106, 107, 108, 109, 121, 122, 123, 124, 125, 126, 127, 128, 129, 141, 142, 143, 144, 145, 146, 147, 148, 149, 161, 162, 163, 164, 165, 166, 167, 168, 169, 181, 182, 183, 184, 185, 186, 187, 188, 189
01134, 21, 22, 23, 24, 25, 26, 27, 28, 29, 41, 42, 43, 44, 45, 46, 47, 48, 49, 61, 62, 63, 64, 65, 66, 67, 68, 69, 81, 82, 83, 84, 85, 86, 87, 88, 89, 101, 102, 103, 104, 105, 106, 107, 108, 109, 121, 122, 123, 124, 125, 126, 127, 128, 129, 141, 142, 143, 144, 145, 146, 147, 148, 149, 161, 162, 163, 164, 165, 166, 167, 168, 169, 181, 182, 183, 184, 185, 186, 187, 188, 189
01135, 21, 22, 23, 24, 25, 26, 27, 28, 29, 41, 42, 43, 44, 45, 46, 47, 48, 49, 61, 62, 63, 64, 65, 66, 67, 68, 69, 81, 82, 83, 84, 85, 86, 87, 88, 89, 101, 102, 103, 104, 105, 106, 107, 108, 109, 121, 122, 123, 124, 125, 126, 127, 128, 129, 141, 142, 143, 144, 145, 146, 147, 148, 149, 161, 162, 163, 164, 165, 166, 167, 168, 169, 181, 182, 183, 184, 185, 186, 187, 188, 189
01136, 21, 22, 23, 24, 25, 26, 27, 28, 29, 41, 42, 43, 44, 45, 46, 47, 48, 49, 61, 62, 63, 64, 65, 66, 67, 68, 69, 81, 82, 83, 84, 85, 86, 87, 88, 89, 101, 102, 103, 104, 105, 106, 107, 108, 109, 121, 122, 123, 124, 125, 126, 127, 128, 129, 141, 142, 143, 144, 145, 146, 147, 148, 149, 161, 162, 163, 164, 165, 166, 167, 168, 169, 181, 182, 183, 184, 185, 186, 187, 188, 189
01137, 21, 22, 23, 24, 25, 26, 27, 28, 29, 41, 42, 43, 44, 45, 46, 47, 48, 49, 61, 62, 63, 64, 65, 66, 67, 68, 69, 81, 82, 83, 84, 85, 86, 87, 88, 89, 101, 102, 103, 104, 105, 106, 107, 108, 109, 121, 122, 123, 124, 125, 126, 127, 128, 129, 141, 142, 143, 144, 145, 146, 147, 148, 149, 161, 162, 163, 164, 165, 166, 167, 168, 169, 181, 182, 183, 184, 185, 186, 187, 188, 189
01138, 21, 22, 23, 24, 25, 26, 27, 28, 29, 41, 42, 43, 44, 45, 46, 47, 48, 49, 61, 62, 63, 64, 65, 66, 67, 68, 69, 81, 82, 83, 84, 85, 86, 87, 88, 89, 101, 102, 103, 104, 105, 106, 107, 108, 109, 121, 122, 123, 124, 125, 126, 127, 128, 129, 141, 142, 143, 144, 145, 146, 147, 148, 149, 161, 162, 163, 164, 165, 166, 167, 168, 169, 181, 182, 183, 184, 185, 186, 187, 188, 189
01139, 21, 22, 23, 24, 25, 26, 27, 28, 29, 41, 42, 43, 44, 45, 46, 47, 48, 49, 61, 62, 63, 64, 65, 66, 67, 68, 69, 81, 82, 83, 84, 85, 86, 87, 88, 89, 101, 102, 103, 104, 105, 106, 107, 108, 109, 121, 122, 123, 124, 125, 126, 127, 128, 129, 141, 142, 143, 144, 145, 146, 147, 148, 149, 161, 162, 163, 164, 165, 166, 167, 168, 169, 181, 182, 183, 184, 185, 186, 187, 188, 189
01140, 21, 22, 23, 24, 25, 26, 27, 28, 29, 41, 42, 43, 44, 45, 46, 47, 48, 49, 61, 62, 63, 64, 65, 66, 67, 68, 69, 81, 82, 83, 84, 85, 86, 87, 88, 89, 101, 102, 103, 104, 105, 106, 107, 108, 109, 121, 122, 123, 124, 125, 126, 127, 128, 129, 141, 142, 143, 144, 145, 146, 147, 148, 149, 161, 162, 163, 164, 165, 166, 167, 168, 169, 181, 182, 183, 184, 185, 186, 187, 188, 189
01141, 21, 22, 23, 24, 25, 26, 27, 28, 29, 41, 42, 43, 44, 45, 46, 47, 48, 49, 61, 62, 63, 64, 65, 66, 67, 68, 69, 81, 82, 83, 84, 85, 86, 87, 88, 89, 101, 102, 103, 104, 105, 106, 107, 108, 109, 121, 122, 123, 124, 125, 126, 127, 128, 129, 141, 142, 143, 144, 145, 146, 147, 148, 149, 161, 162, 163, 164, 165, 166, 167, 168, 169, 181, 182, 183, 184, 185, 186, 187, 188, 189
01142, 21, 22, 23, 24, 25, 26, 27, 28, 29, 41, 42, 43, 44, 45, 46, 47, 48, 49, 61, 62, 63, 64, 65, 66, 67, 68, 69, 81, 82, 83, 84, 85, 86, 87, 88, 89, 101, 102, 103, 104, 105, 106, 107, 108, 109, 121, 122, 123, 124, 125, 126, 127, 128, 129, 141, 142, 143, 144, 145, 146, 147, 148, 149, 161, 162, 163, 164, 165, 166, 167, 168, 169, 181, 182, 183, 184, 185, 186, 187, 188, 189
01143, 21, 22, 23, 24, 25, 26, 27, 28, 29, 41, 42, 43, 44, 45, 46, 47, 48, 49, 61, 62, 63, 64, 65, 66, 67, 68, 69, 81, 82, 83, 84, 85, 86, 87, 88, 89, 101, 102, 103, 104, 105, 106, 107, 108, 109, 121, 122, 123, 124, 125, 126, 127, 128, 129, 141, 142, 143, 144, 145, 146, 147, 148, 149, 161, 162, 163, 164, 165, 166, 167, 168, 169, 181, 182, 183, 184, 185, 186, 187, 188, 189
01144, 21, 22, 23, 24, 25, 26, 27, 28, 29, 41, 42, 43, 44, 45, 46, 47, 48, 49, 61, 62, 63, 64, 65, 66, 67, 68, 69, 81, 82, 83, 84, 85, 86, 87, 88, 89, 101, 102, 103, 104, 105, 106, 107, 108, 109, 121, 122, 123, 124, 125, 126, 127, 128, 129, 141, 142, 143, 144, 145, 146, 147, 148, 149, 161, 162, 163, 164, 165, 166, 167, 168, 169, 181, 182, 183, 184, 185, 186, 187, 188, 189
01145, 21, 22, 23, 24, 25, 26, 27, 28, 29, 41, 42, 43, 44, 45, 46, 47, 48, 49, 61, 62, 63, 64, 65, 66, 67, 68, 69, 81, 82, 83, 84, 85, 86, 87, 88, 89, 101, 102, 103, 104, 105, 106, 107, 108, 109, 121, 122, 123, 124, 125, 126, 127, 128, 129, 141, 142, 143, 144, 145, 146, 147, 148, 149, 161, 162, 163, 164, 165, 166, 167, 168, 169, 181, 182, 183, 184, 185, 186, 187, 188, 189
01146, 21, 22, 23, 24, 25, 26, 27, 28, 29, 41, 42, 43, 44, 45, 46, 47, 48, 49, 61, 62, 63, 64, 65, 66, 67, 68, 69, 81, 82, 83, 84, 85, 86, 87, 88, 89, 101, 102, 103, 104, 105, 106, 107, 108, 109, 121, 122, 123, 124, 125, 126, 127, 128, 129, 141, 142, 143, 144, 145, 146, 147, 148, 149, 161, 162, 163, 164, 165, 166, 167, 168, 169, 181, 182, 183, 184, 185, 186, 187, 188, 189
01147, 21, 22, 23, 24, 25, 26, 27, 28, 29, 41, 42, 43, 44, 45, 46, 47, 48, 49, 61, 62, 63, 64, 65, 66, 67, 68, 69, 81, 82, 83, 84, 85, 86, 87, 88, 89, 101, 102, 103, 104, 105, 106, 107, 108, 109, 121, 122, 123, 124, 125, 126, 127, 128, 129, 141, 142, 143, 144, 145, 146, 147, 148, 149, 161, 162, 163, 164, 165, 166, 167, 168, 169, 181, 182, 183, 184, 185, 186, 187, 188, 189
01148, 21, 22, 23, 24, 25, 26, 27, 28, 29, 41, 42, 43, 44, 45, 46, 47, 48, 49, 61, 62, 63, 64, 65, 66, 67, 68, 69, 81, 82, 83, 84, 85, 86, 87, 88, 89, 101, 102, 103, 104, 105, 106, 107, 108, 109, 121, 122, 123, 124, 125, 126, 127, 128, 129, 141, 142, 143, 144, 145, 146, 147, 148, 149, 161, 162, 163, 164, 165, 166, 167, 168, 169, 181, 182, 183, 184, 185, 186, 187, 188, 189
01149, 22, 23, 24, 25, 26, 27, 28, 29, 30, 42, 43, 44, 45, 46, 47, 48, 49, 50, 62, 63, 64, 65, 66, 67, 68, 69, 70, 82, 83, 84, 85, 86, 87, 88, 89, 90, 102, 103, 104, 105, 106, 107, 108, 109, 110, 122, 123, 124, 125, 126, 127, 128, 129, 130, 142, 143, 144, 145, 146, 147, 148, 149, 150, 162, 163, 164, 165, 166, 167, 168, 169, 170, 182, 183, 184, 185, 186, 187, 188, 189, 190
01150, 22, 23, 24, 25, 26, 27, 28, 29, 30, 42, 43, 44, 45, 46, 47, 48, 49, 50, 62, 63, 64, 65, 66, 67, 68, 69, 70, 82, 83, 84, 85, 86, 87, 88, 89, 90, 102, 103, 104, 105, 106, 107, 108, 109, 110, 122, 123, 124, 125, 126, 127, 128, 129, 130, 142, 143, 144, 145, 146, 147, 148, 149, 150, 162, 163, 164, 165, 166, 167, 168, 169, 170, 182, 183, 184, 185, 186, 187, 188, 189, 190
01151, 22, 23, 24, 25, 26, 27, 28, 29, 30, 42, 43, 44, 45, 46, 47, 48, 49, 50, 62, 63, 64, 65, 66, 67, 68, 69, 70, 82, 83, 84, 85, 86, 87, 88, 89, 90, 102, 103, 104, 105, 106, 107, 108, 109, 110, 122, 123, 124, 125, 126, 127, 128, 129, 130, 142, 143, 144, 145, 146, 147, 148, 149, 150, 162, 163, 164, 165, 166, 167, 168, 169, 170, 182, 183, 184, 185, 186, 187, 188, 189, 190
01152, 22, 23, 24, 25, 26, 27, 28, 29, 30, 42, 43, 44, 45, 46, 47, 48, 49, 50, 62, 63, 64, 65, 66, 67, 68, 69, 70, 82, 83, 84, 85, 86, 87, 88, 89, 90, 102, 103, 104, 105, 106, 107, 108, 109, 110, 122, 123, 124, 125, 126, 127, 128, 129, 130, 142, 143, 144, 145, 146, 147, 148, 149, 150, 162, 163, 164, 165, 166, 167, 168, 169, 170, 182, 183, 184, 185, 186, 187, 188, 189, 190
01153, 22, 23, 24, 25, 26, 27, 28, 29, 30, 42, 43, 44, 45, 46, 47, 48, 49, 50, 62, 63, 64, 65, 66, 67, 68, 69, 70, 82, 83, 84, 85, 86, 87, 88, 89, 90, 102, 103, 104, 105, 106, 107, 108, 109, 110, 122, 123, 124, 125, 126, 127, 128, 129, 130, 142, 143, 144, 145, 146, 147, 148, 149, 150, 162, 163, 164, 165, 166, 167, 168, 169, 170, 182, 183, 184, 185, 186, 187, 188, 189, 190
01154, 22, 23, 24, 25, 26, 27, 28, 29, 30, 42, 43, 44, 45, 46, 47, 48, 49, 50, 62, 63, 64, 65, 66, 67, 68, 69, 70, 82, 83, 84, 85, 86, 87, 88, 89, 90, 102, 103, 104, 105, 106, 107, 108, 109, 110, 122, 123, 124, 125, 126, 127, 128, 129, 130, 142, 143, 144, 145, 146, 147, 148, 149, 150, 162, 163, 164, 165, 166, 167, 168, 169, 170, 182, 183, 184, 185, 186, 187, 188, 189, 190
01155, 22, 23, 24, 25, 26, 27, 28, 29, 30, 42, 43, 44, 45, 46, 47, 48, 49, 50, 62, 63, 64, 65, 66, 67, 68, 69, 70, 82, 83, 84, 85, 86, 87, 88, 89, 90, 102, 103, 104, 105, 106, 107, 108, 109, 110, 122, 123, 124, 125, 126, 127, 128, 129, 130, 142, 143, 144, 145, 146, 147, 148, 149, 150, 162, 163, 164, 165, 166, 167, 168, 169, 170, 182, 183, 184, 185, 186, 187, 188, 189, 190
01156, 22, 23, 24, 25, 26, 27, 28, 29, 30, 42, 43, 44, 45, 46, 47, 48, 49, 50, 62, 63, 64, 65, 66, 67, 68, 69, 70, 82, 83, 84, 85, 86, 87, 88, 89, 90, 102, 103, 104, 105, 106, 107, 108, 109, 110, 122, 123, 124, 125, 126, 127, 128, 129, 130, 142, 143, 144, 145, 146, 147, 148, 149, 150, 162, 163, 164, 165, 166, 167, 168, 169, 170, 182, 183, 184, 185, 186, 187, 188, 189, 190
01157, 22, 23, 24, 25, 26, 27, 28, 29, 30, 42, 43, 44, 45, 46, 47, 48, 49, 50, 62, 63, 64, 65, 66, 67, 68, 69, 70, 82, 83, 84, 85, 86, 87, 88, 89, 90, 102, 103, 104, 105, 106, 107, 108, 109, 110, 122, 123, 124, 125, 126, 127, 128, 129, 130, 142, 143, 144, 145, 146, 147, 148, 149, 150, 162, 163, 164, 165, 166, 167, 168, 169, 170, 182, 183, 184, 185, 186, 187, 188, 189, 190
01158, 22, 23, 24, 25, 26, 27, 28, 29, 30, 42, 43, 44, 45, 46, 47, 48, 49, 50, 62, 63, 64, 65, 66, 67, 68, 69, 70, 82, 83, 84, 85, 86, 87, 88, 89, 90, 102, 103, 104, 105, 106, 107, 108, 109, 110, 122, 123, 124, 125, 126, 127, 128, 129, 130, 142, 143, 144, 145, 146, 147, 148, 149, 150, 162, 163, 164, 165, 166, 167, 168, 169, 170, 182, 183, 184, 185, 186, 187, 188, 189, 190
01159, 22, 23, 24, 25, 26, 27, 28, 29, 30, 42, 43, 44, 45, 46, 47, 48, 49, 50, 62, 63, 64, 65, 66, 67, 68, 69, 70, 82, 83, 84, 85, 86, 87, 88, 89, 90, 102, 103, 104, 105, 106, 107, 108, 109, 110, 122, 123, 124, 125, 126, 127, 128, 129, 130, 142, 143, 144, 145, 146, 147, 148, 149, 150, 162, 163, 164, 165, 166, 167, 168, 169, 170, 182, 183, 184, 185, 186, 187, 188, 189, 190
01160, 22, 23, 24, 25, 26, 27, 28, 29, 30, 42, 43, 44, 45, 46, 47, 48, 49, 50, 62, 63, 64, 65, 66, 67, 68, 69, 70, 82, 83, 84, 85, 86, 87, 88, 89, 90, 102, 103, 104, 105, 106, 107, 108, 109, 110, 122, 123, 124, 125, 126, 127, 128, 129, 130, 142, 143, 144, 145, 146, 147, 148, 149, 150, 162, 163, 164, 165, 166, 167, 168, 169, 170, 182, 183, 184, 185, 186, 187, 188, 189, 190
01161, 22, 23, 24, 25, 26, 27, 28, 29, 30, 42, 43, 44, 45, 46, 47, 48, 49, 50, 62, 63, 64, 65, 66, 67, 68, 69, 70, 82, 83, 84, 85, 86, 87, 88, 89, 90, 102, 103, 104, 105, 106, 107, 108, 109, 110, 122, 123, 124, 125, 126, 127, 128, 129, 130, 142, 143, 144, 145, 146, 147, 148, 149, 150, 162, 163, 164, 165, 166, 167, 168, 169, 170, 182, 183, 184, 185, 186, 187, 188, 189, 190
01162, 22, 23, 24, 25, 26, 27, 28, 29, 30, 42, 43, 44, 45, 46, 47, 48, 49, 50, 62, 63, 64, 65, 66, 67, 68, 69, 70, 82, 83, 84, 85, 86, 87, 88, 89, 90, 102, 103, 104, 105, 106, 107, 108, 109, 110, 122, 123, 124, 125, 126, 127, 128, 129, 130, 142, 143, 144, 145, 146, 147, 148, 149, 150, 162, 163, 164, 165, 166, 167, 168, 169, 170, 182, 183, 184, 185, 186, 187, 188, 189, 190
01163, 22, 23, 24, 25, 26, 27, 28, 29, 30, 42, 43, 44, 45, 46, 47, 48, 49, 50, 62, 63, 64, 65, 66, 67, 68, 69, 70, 82, 83, 84, 85, 86, 87, 88, 89, 90, 102, 103, 104, 105, 106, 107, 108, 109, 110, 122, 123, 124, 125, 126, 127, 128, 129, 130, 142, 143, 144, 145, 146, 147, 148, 149, 150, 162, 163, 164, 165, 166, 167, 168, 169, 170, 182, 183, 184, 185, 186, 187, 188, 189, 190
01164, 22, 23, 24, 25, 26, 27, 28, 29, 30, 42, 43, 44, 45, 46, 47, 48, 49, 50, 62, 63, 64, 65, 66, 67, 68, 69, 70, 82, 83, 84, 85, 86, 87, 88, 89, 90, 102, 103, 104, 105, 106, 107, 108, 109, 110, 122, 123, 124, 125, 126, 127, 128, 129, 130, 142, 143, 144, 145, 146, 147, 148, 149, 150, 162, 163, 164, 165, 166, 167, 168, 169, 170, 182, 183, 184, 185, 186, 187, 188, 189, 190
01165, 23, 24, 25, 26, 27, 28, 29, 30, 31, 43, 44, 45, 46, 47, 48, 49, 50, 51, 63, 64, 65, 66, 67, 68, 69, 70, 71, 83, 84, 85, 86, 87, 88, 89, 90, 91, 103, 104, 105, 106, 107, 108, 109, 110, 111, 123, 124, 125, 126, 127, 128, 129, 130, 131, 143, 144, 145, 146, 147, 148, 149, 150, 151, 163, 164, 165, 166, 167, 168, 169, 170, 171, 183, 184, 185, 186, 187, 188, 189, 190, 191
01166, 23, 24, 25, 26, 27, 28, 29, 30, 31, 43, 44, 45, 46, 47, 48, 49, 50, 51, 63, 64, 65, 66, 67, 68, 69, 70, 71, 83, 84, 85, 86, 87, 88, 89, 90, 91, 103, 104, 105, 106, 107, 108, 109, 110, 111, 123, 124, 125, 126, 127, 128, 129, 130, 131, 143, 144, 145, 146, 147, 148, 149, 150, 151, 163, 164, 165, 166, 167, 168, 169, 170, 171, 183, 184, 185, 186, 187, 188, 189, 190, 191
01167, 23, 24, 25, 26, 27, 28, 29, 30, 31, 43, 44, 45, 46, 47, 48, 49, 50, 51, 63, 64, 65, 66, 67, 68, 69, 70, 71, 83, 84, 85, 86, 87, 88, 89, 90, 91, 103, 104, 105, 106, 107, 108, 109, 110, 111, 123, 124, 125, 126, 127, 128, 129, 130, 131, 143, 144, 145, 146, 147, 148, 149, 150, 151, 163, 164, 165, 166, 167, 168, 169, 170, 171, 183, 184, 185, 186, 187, 188, 189, 190, 191
01168, 23, 24, 25, 26, 27, 28, 29, 30, 31, 43, 44, 45, 46, 47, 48, 49, 50, 51, 63, 64, 65, 66, 67, 68, 69, 70, 71, 83, 84, 85, 86, 87, 88, 89, 90, 91, 103, 104, 105, 106, 107, 108, 109, 110, 111, 123, 124, 125, 126, 127, 128, 129, 130, 131, 143, 144, 145, 146, 147, 148, 149, 150, 151, 163, 164, 165, 166, 167, 168, 169, 170, 171, 183, 184, 185, 186, 187, 188, 189, 190, 191
01169, 23, 24, 25, 26, 27, 28, 29, 30, 31, 43, 44, 45, 46, 47, 48, 49, 50, 51, 63, 64, 65, 66, 67, 68, 69, 70, 71, 83, 84, 85, 86, 87, 88, 89, 90, 91, 103, 104, 105, 106, 107, 108, 109, 110, 111, 123, 124, 125, 126, 127, 128, 129, 130, 131, 143, 144, 145, 146, 147, 148, 149, 150, 151, 163, 164, 165, 166, 167, 168, 169, 170, 171, 183, 184, 185, 186, 187, 188, 189, 190, 191
01170, 23, 24, 25, 26, 27, 28, 29, 30, 31, 43, 44, 45, 46, 47, 48, 49, 50, 51, 63, 64, 65, 66, 67, 68, 69, 70, 71, 83, 84, 85, 86, 87, 88, 89, 90, 91, 103, 104, 105, 106, 107, 108, 109, 110, 111, 123, 124, 125, 126, 127, 128, 129, 130, 131, 143, 144, 145, 146, 147, 148, 149, 150, 151, 163, 164, 165, 166, 167, 168, 169, 170, 171, 183, 184, 185, 186, 187, 188, 189, 190, 191
01171, 23, 24, 25, 26, 27, 28, 29, 30, 31, 43, 44, 45, 46, 47, 48, 49, 50, 51, 63, 64, 65, 66, 67, 68, 69, 70, 71, 83, 84, 85, 86, 87, 88, 89, 90, 91, 103, 104, 105, 106, 107, 108, 109, 110, 111, 123, 124, 125, 126, 127, 128, 129, 130, 131, 143, 144, 145, 146, 147, 148, 149, 150, 151, 163, 164, 165, 166, 167, 168, 169, 170, 171, 183, 184, 185, 186, 187, 188, 189, 190, 191
01172, 23, 24, 25, 26, 27, 28, 29, 30, 31, 43, 44, 45, 46, 47, 48, 49, 50, 51, 63, 64, 65, 66, 67, 68, 69, 70, 71, 83, 84, 85, 86, 87, 88, 89, 90, 91, 103, 104, 105, 106, 107, 108, 109, 110, 111, 123, 124, 125, 126, 127, 128, 129, 130, 131, 143, 144, 145, 146, 147, 148, 149, 150, 151, 163, 164, 165, 166, 167, 168, 169, 170, 171, 183, 184, 185, 186, 187, 188, 189, 190, 191
01173, 23, 24, 25, 26, 27, 28, 29, 30, 31, 43, 44, 45, 46, 47, 48, 49, 50, 51, 63, 64, 65, 66, 67, 68, 69, 70, 71, 83, 84, 85, 86, 87, 88, 89, 90, 91, 103, 104, 105, 106, 107, 108, 109, 110, 111, 123, 124, 125, 126, 127, 128, 129, 130, 131, 143, 144, 145, 146, 147, 148, 149, 150, 151, 163, 164, 165, 166, 167, 168, 169, 170, 171, 183, 184, 185, 186, 187, 188, 189, 190, 191
01174, 23, 24, 25, 26, 27, 28, 29, 30, 31, 43, 44, 45, 46, 47, 48, 49, 50, 51, 63, 64, 65, 66, 67, 68, 69, 70, 71, 83, 84, 85, 86, 87, 88, 89, 90, 91, 103, 104, 105, 106, 107, 108, 109, 110, 111, 123, 124, 125, 126, 127, 128, 129, 130, 131, 143, 144, 145, 146, 147, 148, 149, 150, 151, 163, 164, 165, 166, 167, 168, 169, 170, 171, 183, 184, 185, 186, 187, 188, 189, 190, 191
01175, 23, 24, 25, 26, 27, 28, 29, 30, 31, 43, 44, 45, 46, 47, 48, 49, 50, 51, 63, 64, 65, 66, 67, 68, 69, 70, 71, 83, 84, 85, 86, 87, 88, 89, 90, 91, 103, 104, 105, 106, 107, 108, 109, 110, 111, 123, 124, 125, 126, 127, 128, 129, 130, 131, 143, 144, 145, 146, 147, 148, 149, 150, 151, 163, 164, 165, 166, 167, 168, 169, 170, 171, 183, 184, 185, 186, 187, 188, 189, 190, 191
01176, 23, 24, 25, 26, 27, 28, 29, 30, 31, 43, 44, 45, 46, 47, 48, 49, 50, 51, 63, 64, 65, 66, 67, 68, 69, 70, 71, 83, 84, 85, 86, 87, 88, 89, 90, 91, 103, 104, 105, 106, 107, 108, 109, 110, 111, 123, 124, 125, 126, 127, 128, 129, 130, 131, 143, 144, 145, 146, 147, 148, 149, 150, 151, 163, 164, 165, 166, 167, 168, 169, 170, 171, 183, 184, 185, 186, 187, 188, 189, 190, 191
01177, 3, 4, 5, 6, 7, 8, 9, 10, 11, 23, 24, 25, 26, 27, 28, 29, 30, 31, 43, 44, 45, 46, 47, 48, 49, 50, 51, 63, 64, 65, 66, 67, 68, 69, 70, 71, 83, 84, 85, 86, 87, 88, 89, 90, 91, 103, 104, 105, 106, 107, 108, 109, 110, 111, 123, 124, 125, 126, 127, 128, 129, 130, 131, 143, 144, 145, 146, 147, 148, 149, 150, 151, 163, 164, 165, 166, 167, 168, 169, 170, 171
01178, 3, 4, 5, 6, 7, 8, 9, 10, 11, 23, 24, 25, 26, 27, 28, 29, 30, 31, 43, 44, 45, 46, 47, 48, 49, 50, 51, 63, 64, 65, 66, 67, 68, 69, 70, 71, 83, 84, 85, 86, 87, 88, 89, 90, 91, 103, 104, 105, 106, 107, 108, 109, 110, 111, 123, 124, 125, 126, 127, 128, 129, 130, 131, 143, 144, 145, 146, 147, 148, 149, 150, 151, 163, 164, 165, 166, 167, 168, 169, 170, 171
01179, 3, 4, 5, 6, 7, 8, 9, 10, 11, 23, 24, 25, 26, 27, 28, 29, 30, 31, 43, 44, 45, 46, 47, 48, 49, 50, 51, 63, 64, 65, 66, 67, 68, 69, 70, 71, 83, 84, 85, 86, 87, 88, 89, 90, 91, 103, 104, 105, 106, 107, 108, 109, 110, 111, 123, 124, 125, 126, 127, 128, 129, 130, 131, 143, 144, 145, 146, 147, 148, 149, 150, 151, 163, 164, 165, 166, 167, 168, 169, 170, 171
01180, 4, 5, 6, 7, 8, 9, 10, 11, 12, 24, 25, 26, 27, 28, 29, 30, 31, 32, 44, 45, 46, 47, 48, 49, 50, 51, 52, 64, 65, 66, 67, 68, 69, 70, 71, 72, 84, 85, 86, 87, 88, 89, 90, 91, 92, 104, 105, 106, 107, 108, 109, 110, 111, 112, 124, 125, 126, 127, 128, 129, 130, 131, 132, 144, 145, 146, 147, 148, 149, 150, 151, 152, 164, 165, 166, 167, 168, 169, 170, 171, 172
01181, 4, 5, 6, 7, 8, 9, 10, 11, 12, 24, 25, 26, 27, 28, 29, 30, 31, 32, 44, 45, 46, 47, 48, 49, 50, 51, 52, 64, 65, 66, 67, 68, 69, 70, 71, 72, 84, 85, 86, 87, 88, 89, 90, 91, 92, 104, 105, 106, 107, 108, 109, 110, 111, 112, 124, 125, 126, 127, 128, 129, 130, 131, 132, 144, 145, 146, 147, 148, 149, 150, 151, 152, 164, 165, 166, 167, 168, 169, 170, 171, 172
01182, 4, 5, 6, 7, 8, 9, 10, 11, 12, 24, 25, 26, 27, 28, 29, 30, 31, 32, 44, 45, 46, 47, 48, 49, 50, 51, 52, 64, 65, 66, 67, 68, 69, 70, 71, 72, 84, 85, 86, 87, 88, 89, 90, 91, 92, 104, 105, 106, 107, 108, 109, 110, 111, 112, 124, 125, 126, 127, 128, 129, 130, 131, 132, 144, 145, 146, 147, 148, 149, 150, 151, 152, 164, 165, 166, 167, 168, 169, 170, 171, 172
01183, 4, 5, 6, 7, 8, 9, 10, 11, 12, 24, 25, 26, 27, 28, 29, 30, 31, 32, 44, 45, 46, 47, 48, 49, 50, 51, 52, 64, 65, 66, 67, 68, 69, 70, 71, 72, 84, 85, 86, 87, 88, 89, 90, 91, 92, 104, 105, 106, 107, 108, 109, 110, 111, 112, 124, 125, 126, 127, 128, 129, 130, 131, 132, 144, 145, 146, 147, 148, 149, 150, 151, 152, 164, 165, 166, 167, 168, 169, 170, 171, 172
01184, 4, 5, 6, 7, 8, 9, 10, 11, 12, 24, 25, 26, 27, 28, 29, 30, 31, 32, 44, 45, 46, 47, 48, 49, 50, 51, 52, 64, 65, 66, 67, 68, 69, 70, 71, 72, 84, 85, 86, 87, 88, 89, 90, 91, 92, 104, 105, 106, 107, 108, 109, 110, 111, 112, 124, 125, 126, 127, 128, 129, 130, 131, 132, 144, 145, 146, 147, 148, 149, 150, 151, 152, 164, 165, 166, 167, 168, 169, 170, 171, 172
01185, 4, 5, 6, 7, 8, 9, 10, 11, 12, 24, 25, 26, 27, 28, 29, 30, 31, 32, 44, 45, 46, 47, 48, 49, 50, 51, 52, 64, 65, 66, 67, 68, 69, 70, 71, 72, 84, 85, 86, 87, 88, 89, 90, 91, 92, 104, 105, 106, 107, 108, 109, 110, 111, 112, 124, 125, 126, 127, 128, 129, 130, 131, 132, 144, 145, 146, 147, 148, 149, 150, 151, 152, 164, 165, 166, 167, 168, 169, 170, 171, 172
01186, 4, 5, 6, 7, 8, 9, 10, 11, 12, 24, 25, 26, 27, 28, 29, 30, 31, 32, 44, 45, 46, 47, 48, 49, 50, 51, 52, 64, 65, 66, 67, 68, 69, 70, 71, 72, 84, 85, 86, 87, 88, 89, 90, 91, 92, 104, 105, 106, 107, 108, 109, 110, 111, 112, 124, 125, 126, 127, 128, 129, 130, 131, 132, 144, 145, 146, 147, 148, 149, 150, 151, 152, 164, 165, 166, 167, 168, 169, 170, 171, 172
01187, 4, 5, 6, 7, 8, 9, 10, 11, 12, 24, 25, 26, 27, 28, 29, 30, 31, 32, 44, 45, 46, 47, 48, 49, 50, 51, 52, 64, 65, 66, 67, 68, 69, 70, 71, 72, 84, 85, 86, 87, 88, 89, 90, 91, 92, 104, 105, 106, 107, 108, 109, 110, 111, 112, 124, 125, 126, 127, 128, 129, 130, 131, 132, 144, 145, 146, 147, 148, 149, 150, 151, 152, 164, 165, 166, 167, 168, 169, 170, 171, 172
01188, 4, 5, 6, 7, 8, 9, 10, 11, 12, 24, 25, 26, 27, 28, 29, 30, 31, 32, 44, 45, 46, 47, 48, 49, 50, 51, 52, 64, 65, 66, 67, 68, 69, 70, 71, 72, 84, 85, 86, 87, 88, 89, 90, 91, 92, 104, 105, 106, 107, 108, 109, 110, 111, 112, 124, 125, 126, 127, 128, 129, 130, 131, 132, 144, 145, 146, 147, 148, 149, 150, 151, 152, 164, 165, 166, 167, 168, 169, 170, 171, 172
01189, 4, 5, 6, 7, 8, 9, 10, 11, 12, 24, 25, 26, 27, 28, 29, 30, 31, 32, 44, 45, 46, 47, 48, 49, 50, 51, 52, 64, 65, 66, 67, 68, 69, 70, 71, 72, 84, 85, 86, 87, 88, 89, 90, 91, 92, 104, 105, 106, 107, 108, 109, 110, 111, 112, 124, 125, 126, 127, 128, 129, 130, 131, 132, 144, 145, 146, 147, 148, 149, 150, 151, 152, 164, 165, 166, 167, 168, 169, 170, 171, 172
01190, 4, 5, 6, 7, 8, 9, 10, 11, 12, 24, 25, 26, 27, 28, 29, 30, 31, 32, 44, 45, 46, 47, 48, 49, 50, 51, 52, 64, 65, 66, 67, 68, 69, 70, 71, 72, 84, 85, 86, 87, 88, 89, 90, 91, 92, 104, 105, 106, 107, 108, 109, 110, 111, 112, 124, 125, 126, 127, 128, 129, 130, 131, 132, 144, 145, 146, 147, 148, 149, 150, 151, 152, 164, 165, 166, 167, 168, 169, 170, 171, 172
01191, 4, 5, 6, 7, 8, 9, 10, 11, 12, 24, 25, 26, 27, 28, 29, 30, 31, 32, 44, 45, 46, 47, 48, 49, 50, 51, 52, 64, 65, 66, 67, 68, 69, 70, 71, 72, 84, 85, 86, 87, 88, 89, 90, 91, 92, 104, 105, 106, 107, 108, 109, 110, 111, 112, 124, 125, 126, 127, 128, 129, 130, 131, 132, 144, 145, 146, 147, 148, 149, 150, 151, 152, 164, 165, 166, 167, 168, 169, 170, 171, 172
01192, 4, 5, 6, 7, 8, 9, 10, 11, 12, 24, 25, 26, 27, 28, 29, 30, 31, 32, 44, 45, 46, 47, 48, 49, 50, 51, 52, 64, 65, 66, 67, 68, 69, 70, 71, 72, 84, 85, 86, 87, 88, 89, 90, 91, 92, 104, 105, 106, 107, 108, 109, 110, 111, 112, 124, 125, 126, 127, 128, 129, 130, 131, 132, 144, 145, 146, 147, 148, 149, 150, 151, 152, 164, 165, 166, 167, 168, 169, 170, 171, 172
01193, 4, 5, 6, 7, 8, 9, 10, 11, 12, 24, 25, 26, 27, 28, 29, 30, 31, 32, 44, 45, 46, 47, 48, 49, 50, 51, 52, 64, 65, 66, 67, 68, 69, 70, 71, 72, 84, 85, 86, 87, 88, 89, 90, 91, 92, 104, 105, 106, 107, 108, 109, 110, 111, 112, 124, 125, 126, 127, 128, 129, 130, 131, 132, 144, 145, 146, 147, 148, 149, 150, 151, 152, 164, 165, 166, 167, 168, 169, 170, 171, 172
01194, 4, 5, 6, 7, 8, 9, 10, 11, 12, 24, 25, 26, 27, 28, 29, 30, 31, 32, 44, 45, 46, 47, 48, 49, 50, 51, 52, 64, 65, 66, 67, 68, 69, 70, 71, 72, 84, 85, 86, 87, 88, 89, 90, 91, 92, 104, 105, 106, 107, 108, 109, 110, 111, 112, 124, 125, 126, 127, 128, 129, 130, 131, 132, 144, 145, 146, 147, 148, 149, 150, 151, 152, 164, 165, 166, 167, 168, 169, 170, 171, 172
01195, 5, 6, 7, 8, 9, 10, 11, 12, 13, 25, 26, 27, 28, 29, 30, 31, 32, 33, 45, 46, 47, 48, 49, 50, 51, 52, 53, 65, 66, 67, 68, 69, 70, 71, 72, 73, 85, 86, 87, 88, 89, 90, 91, 92, 93, 105, 106, 107, 108, 109, 110, 111, 112, 113, 125, 126, 127, 128, 129, 130, 131, 132, 133, 145, 146, 147, 148, 149, 150, 151, 152, 153, 165, 166, 167, 168, 169, 170, 171, 172, 173
01196, 5, 6, 7, 8, 9, 10, 11, 12, 13, 25, 26, 27, 28, 29, 30, 31, 32, 33, 45, 46, 47, 48, 49, 50, 51, 52, 53, 65, 66, 67, 68, 69, 70, 71, 72, 73, 85, 86, 87, 88, 89, 90, 91, 92, 93, 105, 106, 107, 108, 109, 110, 111, 112, 113, 125, 126, 127, 128, 129, 130, 131, 132, 133, 145, 146, 147, 148, 149, 150, 151, 152, 153, 165, 166, 167, 168, 169, 170, 171, 172, 173
01197, 5, 6, 7, 8, 9, 10, 11, 12, 13, 25, 26, 27, 28, 29, 30, 31, 32, 33, 45, 46, 47, 48, 49, 50, 51, 52, 53, 65, 66, 67, 68, 69, 70, 71, 72, 73, 85, 86, 87, 88, 89, 90, 91, 92, 93, 105, 106, 107, 108, 109, 110, 111, 112, 113, 125, 126, 127, 128, 129, 130, 131, 132, 133, 145, 146, 147, 148, 149, 150, 151, 152, 153, 165, 166, 167, 168, 169, 170, 171, 172, 173
01198, 5, 6, 7, 8, 9, 10, 11, 12, 13, 25, 26, 27, 28, 29, 30, 31, 32, 33, 45, 46, 47, 48, 49, 50, 51, 52, 53, 65, 66, 67, 68, 69, 70, 71, 72, 73, 85, 86, 87, 88, 89, 90, 91, 92, 93, 105, 106, 107, 108, 109, 110, 111, 112, 113, 125, 126, 127, 128, 129, 130, 131, 132, 133, 145, 146, 147, 148, 149, 150, 151, 152, 153, 165, 166, 167, 168, 169, 170, 171, 172, 173
01199, 5, 6, 7, 8, 9, 10, 11, 12, 13, 25, 26, 27, 28, 29, 30, 31, 32, 33, 45, 46, 47, 48, 49, 50, 51, 52, 53, 65, 66, 67, 68, 69, 70, 71, 72, 73, 85, 86, 87, 88, 89, 90, 91, 92, 93, 105, 106, 107, 108, 109, 110, 111, 112, 113, 125, 126, 127, 128, 129, 130, 131, 132, 133, 145, 146, 147, 148, 149, 150, 151, 152, 153, 165, 166, 167, 168, 169, 170, 171, 172, 173
01200, 5, 6, 7, 8, 9, 10, 11, 12, 13, 25, 26, 27, 28, 29, 30, 31, 32, 33, 45, 46, 47, 48, 49, 50, 51, 52, 53, 65, 66, 67, 68, 69, 70, 71, 72, 73, 85, 86, 87, 88, 89, 90, 91, 92, 93, 105, 106, 107, 108, 109, 110, 111, 112, 113, 125, 126, 127, 128, 129, 130, 131, 132, 133, 145, 146, 147, 148, 149, 150, 151, 152, 153, 165, 166, 167, 168, 169, 170, 171, 172, 173
01201, 5, 6, 7, 8, 9, 10, 11, 12, 13, 25, 26, 27, 28, 29, 30, 31, 32, 33, 45, 46, 47, 48, 49, 50, 51, 52, 53, 65, 66, 67, 68, 69, 70, 71, 72, 73, 85, 86, 87, 88, 89, 90, 91, 92, 93, 105, 106, 107, 108, 109, 110, 111, 112, 113, 125, 126, 127, 128, 129, 130, 131, 132, 133, 145, 146, 147, 148, 149, 150, 151, 152, 153, 165, 166, 167, 168, 169, 170, 171, 172, 173
01202, 5, 6, 7, 8, 9, 10, 11, 12, 13, 25, 26, 27, 28, 29, 30, 31, 32, 33, 45, 46, 47, 48, 49, 50, 51, 52, 53, 65, 66, 67, 68, 69, 70, 71, 72, 73, 85, 86, 87, 88, 89, 90, 91, 92, 93, 105, 106, 107, 108, 109, 110, 111, 112, 113, 125, 126, 127, 128, 129, 130, 131, 132, 133, 145, 146, 147, 148, 149, 150, 151, 152, 153, 165, 166, 167, 168, 169, 170, 171, 172, 173
01203, 5, 6, 7, 8, 9, 10, 11, 12, 13, 25, 26, 27, 28, 29, 30, 31, 32, 33, 45, 46, 47, 48, 49, 50, 51, 52, 53, 65, 66, 67, 68, 69, 70, 71, 72, 73, 85, 86, 87, 88, 89, 90, 91, 92, 93, 105, 106, 107, 108, 109, 110, 111, 112, 113, 125, 126, 127, 128, 129, 130, 131, 132, 133, 145, 146, 147, 148, 149, 150, 151, 152, 153, 165, 166, 167, 168, 169, 170, 171, 172, 173
01204, 5, 6, 7, 8, 9, 10, 11, 12, 13, 25, 26, 27, 28, 29, 30, 31, 32, 33, 45, 46, 47, 48, 49, 50, 51, 52, 53, 65, 66, 67, 68, 69, 70, 71, 72, 73, 85, 86, 87, 88, 89, 90, 91, 92, 93, 105, 106, 107, 108, 109, 110, 111, 112, 113, 125, 126, 127, 128, 129, 130, 131, 132, 133, 145, 146, 147, 148, 149, 150, 151, 152, 153, 165, 166, 167, 168, 169, 170, 171, 172, 173
01205, 5, 6, 7, 8, 9, 10, 11, 12, 13, 25, 26, 27, 28, 29, 30, 31, 32, 33, 45, 46, 47, 48, 49, 50, 51, 52, 53, 65, 66, 67, 68, 69, 70, 71, 72, 73, 85, 86, 87, 88, 89, 90, 91, 92, 93, 105, 106, 107, 108, 109, 110, 111, 112, 113, 125, 126, 127, 128, 129, 130, 131, 132, 133, 145, 146, 147, 148, 149, 150, 151, 152, 153, 165, 166, 167, 168, 169, 170, 171, 172, 173
01206, 5, 6, 7, 8, 9, 10, 11, 12, 13, 25, 26, 27, 28, 29, 30, 31, 32, 33, 45, 46, 47, 48, 49, 50, 51, 52, 53, 65, 66, 67, 68, 69, 70, 71, 72, 73, 85, 86, 87, 88, 89, 90, 91, 92, 93, 105, 106, 107, 108, 109, 110, 111, 112, 113, 125, 126, 127, 128, 129, 130, 131, 132, 133, 145, 146, 147, 148, 149, 150, 151, 152, 153, 165, 166, 167, 168, 169, 170, 171, 172, 173
01207, 5, 6, 7, 8, 9, 10, 11, 12, 13, 25, 26, 27, 28, 29, 30, 31, 32, 33, 45, 46, 47, 48, 49, 50, 51, 52, 53, 65, 66, 67, 68, 69, 70, 71, 72, 73, 85, 86, 87, 88, 89, 90, 91, 92, 93, 105, 106, 107, 108, 109, 110, 111, 112, 113, 125, 126, 127, 128, 129, 130, 131, 132, 133, 145, 146, 147, 148, 149, 150, 151, 152, 153, 165, 166, 167, 168, 169, 170, 171, 172, 173
01208, 5, 6, 7, 8, 9, 10, 11, 12, 13, 25, 26, 27, 28, 29, 30, 31, 32, 33, 45, 46, 47, 48, 49, 50, 51, 52, 53, 65, 66, 67, 68, 69, 70, 71, 72, 73, 85, 86, 87, 88, 89, 90, 91, 92, 93, 105, 106, 107, 108, 109, 110, 111, 112, 113, 125, 126, 127, 128, 129, 130, 131, 132, 133, 145, 146, 147, 148, 149, 150, 151, 152, 153, 165, 166, 167, 168, 169, 170, 171, 172, 173
01209, 6, 7, 8, 9, 10, 11, 12, 13, 14, 26, 27, 28, 29, 30, 31, 32, 33, 34, 46, 47, 48, 49, 50, 51, 52, 53, 54, 66, 67, 68, 69, 70, 71, 72, 73, 74, 86, 87, 88, 89, 90, 91, 92, 93, 94, 106, 107, 108, 109, 110, 111, 112, 113, 114, 126, 127, 128, 129, 130, 131, 132, 133, 134, 146, 147, 148, 149, 150, 151, 152, 153, 154, 166, 167, 168, 169, 170, 171, 172, 173, 174
01210, 6, 7, 8, 9, 10, 11, 12, 13, 14, 26, 27, 28, 29, 30, 31, 32, 33, 34, 46, 47, 48, 49, 50, 51, 52, 53, 54, 66, 67, 68, 69, 70, 71, 72, 73, 74, 86, 87, 88, 89, 90, 91, 92, 93, 94, 106, 107, 108, 109, 110, 111, 112, 113, 114, 126, 127, 128, 129, 130, 131, 132, 133, 134, 146, 147, 148, 149, 150, 151, 152, 153, 154, 166, 167, 168, 169, 170, 171, 172, 173, 174
01211, 6, 7, 8, 9, 10, 11, 12, 13, 14, 26, 27, 28, 29, 30, 31, 32, 33, 34, 46, 47, 48, 49, 50, 51, 52, 53, 54, 66, 67, 68, 69, 70, 71, 72, 73, 74, 86, 87, 88, 89, 90, 91, 92, 93, 94, 106, 107, 108, 109, 110, 111, 112, 113, 114, 126, 127, 128, 129, 130, 131, 132, 133, 134, 146, 147, 148, 149, 150, 151, 152, 153, 154, 166, 167, 168, 169, 170, 171, 172, 173, 174
01212, 6, 7, 8, 9, 10, 11, 12, 13, 14, 26, 27, 28, 29, 30, 31, 32, 33, 34, 46, 47, 48, 49, 50, 51, 52, 53, 54, 66, 67, 68, 69, 70, 71, 72, 73, 74, 86, 87, 88, 89, 90, 91, 92, 93, 94, 106, 107, 108, 109, 110, 111, 112, 113, 114, 126, 127, 128, 129, 130, 131, 132, 133, 134, 146, 147, 148, 149, 150, 151, 152, 153, 154, 166, 167, 168, 169, 170, 171, 172, 173, 174
01213, 6, 7, 8, 9, 10, 11, 12, 13, 14, 26, 27, 28, 29, 30, 31, 32, 33, 34, 46, 47, 48, 49, 50, 51, 52, 53, 54, 66, 67, 68, 69, 70, 71, 72, 73, 74, 86, 87, 88, 89, 90, 91, 92, 93, 94, 106, 107, 108, 109, 110, 111, 112, 113, 114, 126, 127, 128, 129, 130, 131, 132, 133, 134, 146, 147, 148, 149, 150, 151, 152, 153, 154, 166, 167, 168, 169, 170, 171, 172, 173, 174
01214, 6, 7, 8, 9, 10, 11, 12, 13, 14, 26, 27, 28, 29, 30, 31, 32, 33, 34, 46, 47, 48, 49, 50, 51, 52, 53, 54, 66, 67, 68, 69, 70, 71, 72, 73, 74, 86, 87, 88, 89, 90, 91, 92, 93, 94, 106, 107, 108, 109, 110, 111, 112, 113, 114, 126, 127, 128, 129, 130, 131, 132, 133, 134, 146, 147, 148, 149, 150, 151, 152, 153, 154, 166, 167, 168, 169, 170, 171, 172, 173, 174
01215, 6, 7, 8, 9, 10, 11, 12, 13, 14, 26, 27, 28, 29, 30, 31, 32, 33, 34, 46, 47, 48, 49, 50, 51, 52, 53, 54, 66, 67, 68, 69, 70, 71, 72, 73, 74, 86, 87, 88, 89, 90, 91, 92, 93, 94, 106, 107, 108, 109, 110, 111, 112, 113, 114, 126, 127, 128, 129, 130, 131, 132, 133, 134, 146, 147, 148, 149, 150, 151, 152, 153, 154, 166, 167, 168, 169, 170, 171, 172, 173, 174
01216, 6, 7, 8, 9, 10, 11, 12, 13, 14, 26, 27, 28, 29, 30, 31, 32, 33, 34, 46, 47, 48, 49, 50, 51, 52, 53, 54, 66, 67, 68, 69, 70, 71, 72, 73, 74, 86, 87, 88, 89, 90, 91, 92, 93, 94, 106, 107, 108, 109, 110, 111, 112, 113, 114, 126, 127, 128, 129, 130, 131, 132, 133, 134, 146, 147, 148, 149, 150, 151, 152, 153, 154, 166, 167, 168, 169, 170, 171, 172, 173, 174
01217, 6, 7, 8, 9, 10, 11, 12, 13, 14, 26, 27, 28, 29, 30, 31, 32, 33, 34, 46, 47, 48, 49, 50, 51, 52, 53, 54, 66, 67, 68, 69, 70, 71, 72, 73, 74, 86, 87, 88, 89, 90, 91, 92, 93, 94, 106, 107, 108, 109, 110, 111, 112, 113, 114, 126, 127, 128, 129, 130, 131, 132, 133, 134, 146, 147, 148, 149, 150, 151, 152, 153, 154, 166, 167, 168, 169, 170, 171, 172, 173, 174
01218, 6, 7, 8, 9, 10, 11, 12, 13, 14, 26, 27, 28, 29, 30, 31, 32, 33, 34, 46, 47, 48, 49, 50, 51, 52, 53, 54, 66, 67, 68, 69, 70, 71, 72, 73, 74, 86, 87, 88, 89, 90, 91, 92, 93, 94, 106, 107, 108, 109, 110, 111, 112, 113, 114, 126, 127, 128, 129, 130, 131, 132, 133, 134, 146, 147, 148, 149, 150, 151, 152, 153, 154, 166, 167, 168, 169, 170, 171, 172, 173, 174
01219, 6, 7, 8, 9, 10, 11, 12, 13, 14, 26, 27, 28, 29, 30, 31, 32, 33, 34, 46, 47, 48, 49, 50, 51, 52, 53, 54, 66, 67, 68, 69, 70, 71, 72, 73, 74, 86, 87, 88, 89, 90, 91, 92, 93, 94, 106, 107, 108, 109, 110, 111, 112, 113, 114, 126, 127, 128, 129, 130, 131, 132, 133, 134, 146, 147, 148, 149, 150, 151, 152, 153, 154, 166, 167, 168, 169, 170, 171, 172, 173, 174
01220, 6, 7, 8, 9, 10, 11, 12, 13, 14, 26, 27, 28, 29, 30, 31, 32, 33, 34, 46, 47, 48, 49, 50, 51, 52, 53, 54, 66, 67, 68, 69, 70, 71, 72, 73, 74, 86, 87, 88, 89, 90, 91, 92, 93, 94, 106, 107, 108, 109, 110, 111, 112, 113, 114, 126, 127, 128, 129, 130, 131, 132, 133, 134, 146, 147, 148, 149, 150, 151, 152, 153, 154, 166, 167, 168, 169, 170, 171, 172, 173, 174
01221, 6, 7, 8, 9, 10, 11, 12, 13, 14, 26, 27, 28, 29, 30, 31, 32, 33, 34, 46, 47, 48, 49, 50, 51, 52, 53, 54, 66, 67, 68, 69, 70, 71, 72, 73, 74, 86, 87, 88, 89, 90, 91, 92, 93, 94, 106, 107, 108, 109, 110, 111, 112, 113, 114, 126, 127, 128, 129, 130, 131, 132, 133, 134, 146, 147, 148, 149, 150, 151, 152, 153, 154, 166, 167, 168, 169, 170, 171, 172, 173, 174
01222, 6, 7, 8, 9, 10, 11, 12, 13, 14, 26, 27, 28, 29, 30, 31, 32, 33, 34, 46, 47, 48, 49, 50, 51, 52, 53, 54, 66, 67, 68, 69, 70, 71, 72, 73, 74, 86, 87, 88, 89, 90, 91, 92, 93, 94, 106, 107, 108, 109, 110, 111, 112, 113, 114, 126, 127, 128, 129, 130, 131, 132, 133, 134, 146, 147, 148, 149, 150, 151, 152, 153, 154, 166, 167, 168, 169, 170, 171, 172, 173, 174
01223, 6, 7, 8, 9, 10, 11, 12, 13, 14, 26, 27, 28, 29, 30, 31, 32, 33, 34, 46, 47, 48, 49, 50, 51, 52, 53, 54, 66, 67, 68, 69, 70, 71, 72, 73, 74, 86, 87, 88, 89, 90, 91, 92, 93, 94, 106, 107, 108, 109, 110, 111, 112, 113, 114, 126, 127, 128, 129, 130, 131, 132, 133, 134, 146, 147, 148, 149, 150, 151, 152, 153, 154, 166, 167, 168, 169, 170, 171, 172, 173, 174
01224, 7, 8, 9, 10, 11, 12, 13, 14, 15, 27, 28, 29, 30, 31, 32, 33, 34, 35, 47, 48, 49, 50, 51, 52, 53, 54, 55, 67, 68, 69, 70, 71, 72, 73, 74, 75, 87, 88, 89, 90, 91, 92, 93, 94, 95, 107, 108, 109, 110, 111, 112, 113, 114, 115, 127, 128, 129, 130, 131, 132, 133, 134, 135, 147, 148, 149, 150, 151, 152, 153, 154, 155, 167, 168, 169, 170, 171, 172, 173, 174, 175
01225, 7, 8, 9, 10, 11, 12, 13, 14, 15, 27, 28, 29, 30, 31, 32, 33, 34, 35, 47, 48, 49, 50, 51, 52, 53, 54, 55, 67, 68, 69, 70, 71, 72, 73, 74, 75, 87, 88, 89, 90, 91, 92, 93, 94, 95, 107, 108, 109, 110, 111, 112, 113, 114, 115, 127, 128, 129, 130, 131, 132, 133, 134, 135, 147, 148, 149, 150, 151, 152, 153, 154, 155, 167, 168, 169, 170, 171, 172, 173, 174, 175
01226, 7, 8, 9, 10, 11, 12, 13, 14, 15, 27, 28, 29, 30, 31, 32, 33, 34, 35, 47, 48, 49, 50, 51, 52, 53, 54, 55, 67, 68, 69, 70, 71, 72, 73, 74, 75, 87, 88, 89, 90, 91, 92, 93, 94, 95, 107, 108, 109, 110, 111, 112, 113, 114, 115, 127, 128, 129, 130, 131, 132, 133, 134, 135, 147, 148, 149, 150, 151, 152, 153, 154, 155, 167, 168, 169, 170, 171, 172, 173, 174, 175
01227, 7, 8, 9, 10, 11, 12, 13, 14, 15, 27, 28, 29, 30, 31, 32, 33, 34, 35, 47, 48, 49, 50, 51, 52, 53, 54, 55, 67, 68, 69, 70, 71, 72, 73, 74, 75, 87, 88, 89, 90, 91, 92, 93, 94, 95, 107, 108, 109, 110, 111, 112, 113, 114, 115, 127, 128, 129, 130, 131, 132, 133, 134, 135, 147, 148, 149, 150, 151, 152, 153, 154, 155, 167, 168, 169, 170, 171, 172, 173, 174, 175
01228, 7, 8, 9, 10, 11, 12, 13, 14, 15, 27, 28, 29, 30, 31, 32, 33, 34, 35, 47, 48, 49, 50, 51, 52, 53, 54, 55, 67, 68, 69, 70, 71, 72, 73, 74, 75, 87, 88, 89, 90, 91, 92, 93, 94, 95, 107, 108, 109, 110, 111, 112, 113, 114, 115, 127, 128, 129, 130, 131, 132, 133, 134, 135, 147, 148, 149, 150, 151, 152, 153, 154, 155, 167, 168, 169, 170, 171, 172, 173, 174, 175
01229, 7, 8, 9, 10, 11, 12, 13, 14, 15, 27, 28, 29, 30, 31, 32, 33, 34, 35, 47, 48, 49, 50, 51, 52, 53, 54, 55, 67, 68, 69, 70, 71, 72, 73, 74, 75, 87, 88, 89, 90, 91, 92, 93, 94, 95, 107, 108, 109, 110, 111, 112, 113, 114, 115, 127, 128, 129, 130, 131, 132, 133, 134, 135, 147, 148, 149, 150, 151, 152, 153, 154, 155, 167, 168, 169, 170, 171, 172, 173, 174, 175
01230, 7, 8, 9, 10, 11, 12, 13, 14, 15, 27, 28, 29, 30, 31, 32, 33, 34, 35, 47, 48, 49, 50, 51, 52, 53, 54, 55, 67, 68, 69, 70, 71, 72, 73, 74, 75, 87, 88, 89, 90, 91, 92, 93, 94, 95, 107, 108, 109, 110, 111, 112, 113, 114, 115, 127, 128, 129, 130, 131, 132, 133, 134, 135, 147, 148, 149, 150, 151, 152, 153, 154, 155, 167, 168, 169, 170, 171, 172, 173, 174, 175
01231, 7, 8, 9, 10, 11, 12, 13, 14, 15, 27, 28, 29, 30, 31, 32, 33, 34, 35, 47, 48, 49, 50, 51, 52, 53, 54, 55, 67, 68, 69, 70, 71, 72, 73, 74, 75, 87, 88, 89, 90, 91, 92, 93, 94, 95, 107, 108, 109, 110, 111, 112, 113, 114, 115, 127, 128, 129, 130, 131, 132, 133, 134, 135, 147, 148, 149, 150, 151, 152, 153, 154, 155, 167, 168, 169, 170, 171, 172, 173, 174, 175
01232, 7, 8, 9, 10, 11, 12, 13, 14, 15, 27, 28, 29, 30, 31, 32, 33, 34, 35, 47, 48, 49, 50, 51, 52, 53, 54, 55, 67, 68, 69, 70, 71, 72, 73, 74, 75, 87, 88, 89, 90, 91, 92, 93, 94, 95, 107, 108, 109, 110, 111, 112, 113, 114, 115, 127, 128, 129, 130, 131, 132, 133, 134, 135, 147, 148, 149, 150, 151, 152, 153, 154, 155, 167, 168, 169, 170, 171, 172, 173, 174, 175
01233, 7, 8, 9, 10, 11, 12, 13, 14, 15, 27, 28, 29, 30, 31, 32, 33, 34, 35, 47, 48, 49, 50, 51, 52, 53, 54, 55, 67, 68, 69, 70, 71, 72, 73, 74, 75, 87, 88, 89, 90, 91, 92, 93, 94, 95, 107, 108, 109, 110, 111, 112, 113, 114, 115, 127, 128, 129, 130, 131, 132, 133, 134, 135, 147, 148, 149, 150, 151, 152, 153, 154, 155, 167, 168, 169, 170, 171, 172, 173, 174, 175
01234, 7, 8, 9, 10, 11, 12, 13, 14, 15, 27, 28, 29, 30, 31, 32, 33, 34, 35, 47, 48, 49, 50, 51, 52, 53, 54, 55, 67, 68, 69, 70, 71, 72, 73, 74, 75, 87, 88, 89, 90, 91, 92, 93, 94, 95, 107, 108, 109, 110, 111, 112, 113, 114, 115, 127, 128, 129, 130, 131, 132, 133, 134, 135, 147, 148, 149, 150, 151, 152, 153, 154, 155, 167, 168, 169, 170, 171, 172, 173, 174, 175
01235, 7, 8, 9, 10, 11, 12, 13, 14, 15, 27, 28, 29, 30, 31, 32, 33, 34, 35, 47, 48, 49, 50, 51, 52, 53, 54, 55, 67, 68, 69, 70, 71, 72, 73, 74, 75, 87, 88, 89, 90, 91, 92, 93, 94, 95, 107, 108, 109, 110, 111, 112, 113, 114, 115, 127, 128, 129, 130, 131, 132, 133, 134, 135, 147, 148, 149, 150, 151, 152, 153, 154, 155, 167, 168, 169, 170, 171, 172, 173, 174, 175
01236, 7, 8, 9, 10, 11, 12, 13, 14, 15, 27, 28, 29, 30, 31, 32, 33, 34, 35, 47, 48, 49, 50, 51, 52, 53, 54, 55, 67, 68, 69, 70, 71, 72, 73, 74, 75, 87, 88, 89, 90, 91, 92, 93, 94, 95, 107, 108, 109, 110, 111, 112, 113, 114, 115, 127, 128, 129, 130, 131, 132, 133, 134, 135, 147, 148, 149, 150, 151, 152, 153, 154, 155, 167, 168, 169, 170, 171, 172, 173, 174, 175
01237, 7, 8, 9, 10, 11, 12, 13, 14, 15, 27, 28, 29, 30, 31, 32, 33, 34, 35, 47, 48, 49, 50, 51, 52, 53, 54, 55, 67, 68, 69, 70, 71, 72, 73, 74, 75, 87, 88, 89, 90, 91, 92, 93, 94, 95, 107, 108, 109, 110, 111, 112, 113, 114, 115, 127, 128, 129, 130, 131, 132, 133, 134, 135, 147, 148, 149, 150, 151, 152, 153, 154, 155, 167, 168, 169, 170, 171, 172, 173, 174, 175
01238, 7, 8, 9, 10, 11, 12, 13, 14, 15, 27, 28, 29, 30, 31, 32, 33, 34, 35, 47, 48, 49, 50, 51, 52, 53, 54, 55, 67, 68, 69, 70, 71, 72, 73, 74, 75, 87, 88, 89, 90, 91, 92, 93, 94, 95, 107, 108, 109, 110, 111, 112, 113, 114, 115, 127, 128, 129, 130, 131, 132, 133, 134, 135, 147, 148, 149, 150, 151, 152, 153, 154, 155, 167, 168, 169, 170, 171, 172, 173, 174, 175
01239, 8, 9, 10, 11, 12, 13, 14, 15, 16, 28, 29, 30, 31, 32, 33, 34, 35, 36, 48, 49, 50, 51, 52, 53, 54, 55, 56, 68, 69, 70, 71, 72, 73, 74, 75, 76, 88, 89, 90, 91, 92, 93, 94, 95, 96, 108, 109, 110, 111, 112, 113, 114, 115, 116, 128, 129, 130, 131, 132, 133, 134, 135, 136, 148, 149, 150, 151, 152, 153, 154, 155, 156, 168, 169, 170, 171, 172, 173, 174, 175, 176
01240, 8, 9, 10, 11, 12, 13, 14, 15, 16, 28, 29, 30, 31, 32, 33, 34, 35, 36, 48, 49, 50, 51, 52, 53, 54, 55, 56, 68, 69, 70, 71, 72, 73, 74, 75, 76, 88, 89, 90, 91, 92, 93, 94, 95, 96, 108, 109, 110, 111, 112, 113, 114, 115, 116, 128, 129, 130, 131, 132, 133, 134, 135, 136, 148, 149, 150, 151, 152, 153, 154, 155, 156, 168, 169, 170, 171, 172, 173, 174, 175, 176
01241, 8, 9, 10, 11, 12, 13, 14, 15, 16, 28, 29, 30, 31, 32, 33, 34, 35, 36, 48, 49, 50, 51, 52, 53, 54, 55, 56, 68, 69, 70, 71, 72, 73, 74, 75, 76, 88, 89, 90, 91, 92, 93, 94, 95, 96, 108, 109, 110, 111, 112, 113, 114, 115, 116, 128, 129, 130, 131, 132, 133, 134, 135, 136, 148, 149, 150, 151, 152, 153, 154, 155, 156
01242, 8, 9, 10, 11, 12, 13, 14, 15, 16, 28, 29, 30, 31, 32, 33, 34, 35, 36, 48, 49, 50, 51, 52, 53, 54, 55, 56, 68, 69, 70, 71, 72, 73, 74, 75, 76, 88, 89, 90, 91, 92, 93, 94, 95, 96, 108, 109, 110, 111, 112, 113, 114, 115, 116, 128, 129, 130, 131, 132, 133, 134, 135, 136, 148, 149, 150, 151, 152, 153, 154, 155, 156
01243, 8, 9, 10, 11, 12, 13, 14, 15, 16, 28, 29, 30, 31, 32, 33, 34, 35, 36, 48, 49, 50, 51, 52, 53, 54, 55, 56, 68, 69, 70, 71, 72, 73, 74, 75, 76, 88, 89, 90, 91, 92, 93, 94, 95, 96, 108, 109, 110, 111, 112, 113, 114, 115, 116, 128, 129, 130, 131, 132, 133, 134, 135, 136, 148, 149, 150, 151, 152, 153, 154, 155, 156
01244, 8, 9, 10, 11, 12, 13, 14, 15, 16, 28, 29, 30, 31, 32, 33, 34, 35, 36, 48, 49, 50, 51, 52, 53, 54, 55, 56, 68, 69, 70, 71, 72, 73, 74, 75, 76, 88, 89, 90, 91, 92, 93, 94, 95, 96, 108, 109, 110, 111, 112, 113, 114, 115, 116, 128, 129, 130, 131, 132, 133, 134, 135, 136, 148, 149, 150, 151, 152, 153, 154, 155, 156
01245, 8, 9, 10, 11, 12, 13, 14, 15, 16, 28, 29, 30, 31, 32, 33, 34, 35, 36, 48, 49, 50, 51, 52, 53, 54, 55, 56, 68, 69, 70, 71, 72, 73, 74, 75, 76, 88, 89, 90, 91, 92, 93, 94, 95, 96, 108, 109, 110, 111, 112, 113, 114, 115, 116, 128, 129, 130, 131, 132, 133, 134, 135, 136, 148, 149, 150, 151, 152, 153, 154, 155, 156
01246, 8, 9, 10, 11, 12, 13, 14, 15, 16, 28, 29, 30, 31, 32, 33, 34, 35, 36, 48, 49, 50, 51, 52, 53, 54, 55, 56, 68, 69, 70, 71, 72, 73, 74, 75, 76, 88, 89, 90, 91, 92, 93, 94, 95, 96, 108, 109, 110, 111, 112, 113, 114, 115, 116, 128, 129, 130, 131, 132, 133, 134, 135, 136, 148, 149, 150, 151, 152, 153, 154, 155, 156
01247, 8, 9, 10, 11, 12, 13, 14, 15, 16, 28, 29, 30, 31, 32, 33, 34, 35, 36, 48, 49, 50, 51, 52, 53, 54, 55, 56, 68, 69, 70, 71, 72, 73, 74, 75, 76, 88, 89, 90, 91, 92, 93, 94, 95, 96, 108, 109, 110, 111, 112, 113, 114, 115, 116, 128, 129, 130, 131, 132, 133, 134, 135, 136, 148, 149, 150, 151, 152, 153, 154, 155, 156
01248, 8, 9, 10, 11, 12, 13, 14, 15, 16, 28, 29, 30, 31, 32, 33, 34, 35, 36, 48, 49, 50, 51, 52, 53, 54, 55, 56, 68, 69, 70, 71, 72, 73, 74, 75, 76, 88, 89, 90, 91, 92, 93, 94, 95, 96, 108, 109, 110, 111, 112, 113, 114, 115, 116, 128, 129, 130, 131, 132, 133, 134, 135, 136, 148, 149, 150, 151, 152, 153, 154, 155, 156
01249, 8, 9, 10, 11, 12, 13, 14, 15, 16, 28, 29, 30, 31, 32, 33, 34, 35, 36, 48, 49, 50, 51, 52, 53, 54, 55, 56, 68, 69, 70, 71, 72, 73, 74, 75, 76, 88, 89, 90, 91, 92, 93, 94, 95, 96, 108, 109, 110, 111, 112, 113, 114, 115, 116, 128, 129, 130, 131, 132, 133, 134, 135, 136, 148, 149, 150, 151, 152, 153, 154, 155, 156
01250, 8, 9, 10, 11, 12, 13, 14, 15, 16, 28, 29, 30, 31, 32, 33, 34, 35, 36, 48, 49, 50, 51, 52, 53, 54, 55, 56, 68, 69, 70, 71, 72, 73, 74, 75, 76, 88, 89, 90, 91, 92, 93, 94, 95, 96, 108, 109, 110, 111, 112, 113, 114, 115, 116, 128, 129, 130, 131, 132, 133, 134, 135, 136, 148, 149, 150, 151, 152, 153, 154, 155, 156
01251, 8, 9, 10, 11, 12, 13, 14, 15, 16, 28, 29, 30, 31, 32, 33, 34, 35, 36, 48, 49, 50, 51, 52, 53, 54, 55, 56, 68, 69, 70, 71, 72, 73, 74, 75, 76, 88, 89, 90, 91, 92, 93, 94, 95, 96, 108, 109, 110, 111, 112, 113, 114, 115, 116, 128, 129, 130, 131, 132, 133, 134, 135, 136, 148, 149, 150, 151, 152, 153, 154, 155, 156
01252, 8, 9, 10, 11, 12, 13, 14, 15, 16, 28, 29, 30, 31, 32, 33, 34, 35, 36, 48, 49, 50, 51, 52, 53, 54, 55, 56, 68, 69, 70, 71, 72, 73, 74, 75, 76, 88, 89, 90, 91, 92, 93, 94, 95, 96, 108, 109, 110, 111, 112, 113, 114, 115, 116, 128, 129, 130, 131, 132, 133, 134, 135, 136, 148, 149, 150, 151, 152, 153, 154, 155, 156
01253, 8, 9, 10, 11, 12, 13, 14, 15, 16, 28, 29, 30, 31, 32, 33, 34, 35, 36, 48, 49, 50, 51, 52, 53, 54, 55, 56, 68, 69, 70, 71, 72, 73, 74, 75, 76, 88, 89, 90, 91, 92, 93, 94, 95, 96, 108, 109, 110, 111, 112, 113, 114, 115, 116, 128, 129, 130, 131, 132, 133, 134, 135, 136, 148, 149, 150, 151, 152, 153, 154, 155, 156
01254, 8, 9, 10, 11, 12, 13, 14, 15, 16, 28, 29, 30, 31, 32, 33, 34, 35, 36, 48, 49, 50, 51, 52, 53, 54, 55, 56, 68, 69, 70, 71, 72, 73, 74, 75, 76, 88, 89, 90, 91, 92, 93, 94, 95, 96, 108, 109, 110, 111, 112, 113, 114, 115, 116, 128, 129, 130, 131, 132, 133, 134, 135, 136, 148, 149, 150, 151, 152, 153, 154, 155, 156
01255, 9, 10, 11, 12, 13, 14, 15, 16, 17, 29, 30, 31, 32, 33, 34, 35, 36, 37, 49, 50, 51, 52, 53, 54, 55, 56, 57, 69, 70, 71, 72, 73, 74, 75, 76, 77, 89, 90, 91, 92, 93, 94, 95, 96, 97, 109, 110, 111, 112, 113, 114, 115, 116, 117, 129, 130, 131, 132, 133, 134, 135, 136, 137, 149, 150, 151, 152, 153, 154, 155, 156, 157
01256, 9, 10, 11, 12, 13, 14, 15, 16, 17, 29, 30, 31, 32, 33, 34, 35, 36, 37, 49, 50, 51, 52, 53, 54, 55, 56, 57, 69, 70, 71, 72, 73, 74, 75, 76, 77, 89, 90, 91, 92, 93, 94, 95, 96, 97, 109, 110, 111, 112, 113, 114, 115, 116, 117, 129, 130, 131, 132, 133, 134, 135, 136, 137, 149, 150, 151, 152, 153, 154, 155, 156, 157
01257, 9, 10, 11, 12, 13, 14, 15, 16, 17, 29, 30, 31, 32, 33, 34, 35, 36, 37, 49, 50, 51, 52, 53, 54, 55, 56, 57, 69, 70, 71, 72, 73, 74, 75, 76, 77, 89, 90, 91, 92, 93, 94, 95, 96, 97, 109, 110, 111, 112, 113, 114, 115, 116, 117, 129, 130, 131, 132, 133, 134, 135, 136, 137, 149, 150, 151, 152, 153, 154, 155, 156, 157
01258, 9, 10, 11, 12, 13, 14, 15, 16, 17, 29, 30, 31, 32, 33, 34, 35, 36, 37, 49, 50, 51, 52, 53, 54, 55, 56, 57, 69, 70, 71, 72, 73, 74, 75, 76, 77, 89, 90, 91, 92, 93, 94, 95, 96, 97, 109, 110, 111, 112, 113, 114, 115, 116, 117, 129, 130, 131, 132, 133, 134, 135, 136, 137, 149, 150, 151, 152, 153, 154, 155, 156, 157
01259, 9, 10, 11, 12, 13, 14, 15, 16, 17, 29, 30, 31, 32, 33, 34, 35, 36, 37, 49, 50, 51, 52, 53, 54, 55, 56, 57, 69, 70, 71, 72, 73, 74, 75, 76, 77, 89, 90, 91, 92, 93, 94, 95, 96, 97, 109, 110, 111, 112, 113, 114, 115, 116, 117, 129, 130, 131, 132, 133, 134, 135, 136, 137, 149, 150, 151, 152, 153, 154, 155, 156, 157
01260, 9, 10, 11, 12, 13, 14, 15, 16, 17, 29, 30, 31, 32, 33, 34, 35, 36, 37, 49, 50, 51, 52, 53, 54, 55, 56, 57, 69, 70, 71, 72, 73, 74, 75, 76, 77, 89, 90, 91, 92, 93, 94, 95, 96, 97, 109, 110, 111, 112, 113, 114, 115, 116, 117, 129, 130, 131, 132, 133, 134, 135, 136, 137, 149, 150, 151, 152, 153, 154, 155, 156, 157
01261, 9, 10, 11, 12, 13, 14, 15, 16, 17, 29, 30, 31, 32, 33, 34, 35, 36, 37, 49, 50, 51, 52, 53, 54, 55, 56, 57, 69, 70, 71, 72, 73, 74, 75, 76, 77, 89, 90, 91, 92, 93, 94, 95, 96, 97, 109, 110, 111, 112, 113, 114, 115, 116, 117, 129, 130, 131, 132, 133, 134, 135, 136, 137, 149, 150, 151, 152, 153, 154, 155, 156, 157
01262, 9, 10, 11, 12, 13, 14, 15, 16, 17, 29, 30, 31, 32, 33, 34, 35, 36, 37, 49, 50, 51, 52, 53, 54, 55, 56, 57, 69, 70, 71, 72, 73, 74, 75, 76, 77, 89, 90, 91, 92, 93, 94, 95, 96, 97, 109, 110, 111, 112, 113, 114, 115, 116, 117, 129, 130, 131, 132, 133, 134, 135, 136, 137, 149, 150, 151, 152, 153, 154, 155, 156, 157
01263, 9, 10, 11, 12, 13, 14, 15, 16, 17, 29, 30, 31, 32, 33, 34, 35, 36, 37, 49, 50, 51, 52, 53, 54, 55, 56, 57, 69, 70, 71, 72, 73, 74, 75, 76, 77, 89, 90, 91, 92, 93, 94, 95, 96, 97, 109, 110, 111, 112, 113, 114, 115, 116, 117, 129, 130, 131, 132, 133, 134, 135, 136, 137, 149, 150, 151, 152, 153, 154, 155, 156, 157
01264, 9, 10, 11, 12, 13, 14, 15, 16, 17, 29, 30, 31, 32, 33, 34, 35, 36, 37, 49, 50, 51, 52, 53, 54, 55, 56, 57, 69, 70, 71, 72, 73, 74, 75, 76, 77, 89, 90, 91, 92, 93, 94, 95, 96, 97, 109, 110, 111, 112, 113, 114, 115, 116, 117, 129, 130, 131, 132, 133, 134, 135, 136, 137, 149, 150, 151, 152, 153, 154, 155, 156, 157
01265, 9, 10, 11, 12, 13, 14, 15, 16, 17, 29, 30, 31, 32, 33, 34, 35, 36, 37, 49, 50, 51, 52, 53, 54, 55, 56, 57, 69, 70, 71, 72, 73, 74, 75, 76, 77, 89, 90, 91, 92, 93, 94, 95, 96, 97, 109, 110, 111, 112, 113, 114, 115, 116, 117, 129, 130, 131, 132, 133, 134, 135, 136, 137, 149, 150, 151, 152, 153, 154, 155, 156, 157
01266, 9, 10, 11, 12, 13, 14, 15, 16, 17, 29, 30, 31, 32, 33, 34, 35, 36, 37, 49, 50, 51, 52, 53, 54, 55, 56, 57, 69, 70, 71, 72, 73, 74, 75, 76, 77, 89, 90, 91, 92, 93, 94, 95, 96, 97, 109, 110, 111, 112, 113, 114, 115, 116, 117, 129, 130, 131, 132, 133, 134, 135, 136, 137, 149, 150, 151, 152, 153, 154, 155, 156, 157
01267, 9, 10, 11, 12, 13, 14, 15, 16, 17, 29, 30, 31, 32, 33, 34, 35, 36, 37, 49, 50, 51, 52, 53, 54, 55, 56, 57, 69, 70, 71, 72, 73, 74, 75, 76, 77, 89, 90, 91, 92, 93, 94, 95, 96, 97, 109, 110, 111, 112, 113, 114, 115, 116, 117, 129, 130, 131, 132, 133, 134, 135, 136, 137, 149, 150, 151, 152, 153, 154, 155, 156, 157
01268, 9, 10, 11, 12, 13, 14, 15, 16, 17, 29, 30, 31, 32, 33, 34, 35, 36, 37, 49, 50, 51, 52, 53, 54, 55, 56, 57, 69, 70, 71, 72, 73, 74, 75, 76, 77, 89, 90, 91, 92, 93, 94, 95, 96, 97, 109, 110, 111, 112, 113, 114, 115, 116, 117, 129, 130, 131, 132, 133, 134, 135, 136, 137, 149, 150, 151, 152, 153, 154, 155, 156, 157
01269, 9, 10, 11, 12, 13, 14, 15, 16, 17, 29, 30, 31, 32, 33, 34, 35, 36, 37, 49, 50, 51, 52, 53, 54, 55, 56, 57, 69, 70, 71, 72, 73, 74, 75, 76, 77, 89, 90, 91, 92, 93, 94, 95, 96, 97, 109, 110, 111, 112, 113, 114, 115, 116, 117, 129, 130, 131, 132, 133, 134, 135, 136, 137, 149, 150, 151, 152, 153, 154, 155, 156, 157
01270, 9, 10, 11, 12, 13, 14, 15, 16, 17, 29, 30, 31, 32, 33, 34, 35, 36, 37, 49, 50, 51, 52, 53, 54, 55, 56, 57, 69, 70, 71, 72, 73, 74, 75, 76, 77, 89, 90, 91, 92, 93, 94, 95, 96, 97, 109, 110, 111, 112, 113, 114, 115, 116, 117, 129, 130, 131, 132, 133, 134, 135, 136, 137, 149, 150, 151, 152, 153, 154, 155, 156, 157
01271, 9, 10, 11, 12, 13, 14, 15, 16, 17, 29, 30, 31, 32, 33, 34, 35, 36, 37, 49, 50, 51, 52, 53, 54, 55, 56, 57, 69, 70, 71, 72, 73, 74, 75, 76, 77, 89, 90, 91, 92, 93, 94, 95, 96, 97, 109, 110, 111, 112, 113, 114, 115, 116, 117, 129, 130, 131, 132, 133, 134, 135, 136, 137, 149, 150, 151, 152, 153, 154, 155, 156, 157
01272, 9, 10, 11, 12, 13, 14, 15, 16, 17, 29, 30, 31, 32, 33, 34, 35, 36, 37, 49, 50, 51, 52, 53, 54, 55, 56, 57, 69, 70, 71, 72, 73, 74, 75, 76, 77, 89, 90, 91, 92, 93, 94, 95, 96, 97, 109, 110, 111, 112, 113, 114, 115, 116, 117, 129, 130, 131, 132, 133, 134, 135, 136, 137, 149, 150, 151, 152, 153, 154, 155, 156, 157
01273, 10, 11, 12, 13, 14, 15, 16, 17, 18, 30, 31, 32, 33, 34, 35, 36, 37, 38, 50, 51, 52, 53, 54, 55, 56, 57, 58, 70, 71, 72, 73, 74, 75, 76, 77, 78, 90, 91, 92, 93, 94, 95, 96, 97, 98, 110, 111, 112, 113, 114, 115, 116, 117, 118, 130, 131, 132, 133, 134, 135, 136, 137, 138, 150, 151, 152, 153, 154, 155, 156, 157, 158
01274, 10, 11, 12, 13, 14, 15, 16, 17, 18, 30, 31, 32, 33, 34, 35, 36, 37, 38, 50, 51, 52, 53, 54, 55, 56, 57, 58, 70, 71, 72, 73, 74, 75, 76, 77, 78, 90, 91, 92, 93, 94, 95, 96, 97, 98, 110, 111, 112, 113, 114, 115, 116, 117, 118, 130, 131, 132, 133, 134, 135, 136, 137, 138, 150, 151, 152, 153, 154, 155, 156, 157, 158
01275, 10, 11, 12, 13, 14, 15, 16, 17, 18, 30, 31, 32, 33, 34, 35, 36, 37, 38, 50, 51, 52, 53, 54, 55, 56, 57, 58, 70, 71, 72, 73, 74, 75, 76, 77, 78, 90, 91, 92, 93, 94, 95, 96, 97, 98, 110, 111, 112, 113, 114, 115, 116, 117, 118, 130, 131, 132, 133, 134, 135, 136, 137, 138, 150, 151, 152, 153, 154, 155, 156, 157, 158
01276, 10, 11, 12, 13, 14, 15, 16, 17, 18, 30, 31, 32, 33, 34, 35, 36, 37, 38, 50, 51, 52, 53, 54, 55, 56, 57, 58, 70, 71, 72, 73, 74, 75, 76, 77, 78, 90, 91, 92, 93, 94, 95, 96, 97, 98, 110, 111, 112, 113, 114, 115, 116, 117, 118, 130, 131, 132, 133, 134, 135, 136, 137, 138, 150, 151, 152, 153, 154, 155, 156, 157, 158
01277, 10, 11, 12, 13, 14, 15, 16, 17, 18, 30, 31, 32, 33, 34, 35, 36, 37, 38, 50, 51, 52, 53, 54, 55, 56, 57, 58, 70, 71, 72, 73, 74, 75, 76, 77, 78, 90, 91, 92, 93, 94, 95, 96, 97, 98, 110, 111, 112, 113, 114, 115, 116, 117, 118, 130, 131, 132, 133, 134, 135, 136, 137, 138, 150, 151, 152, 153, 154, 155, 156, 157, 158
01278, 10, 11, 12, 13, 14, 15, 16, 17, 18, 30, 31, 32, 33, 34, 35, 36, 37, 38, 50, 51, 52, 53, 54, 55, 56, 57, 58, 70, 71, 72, 73, 74, 75, 76, 77, 78, 90, 91, 92, 93, 94, 95, 96, 97, 98, 110, 111, 112, 113, 114, 115, 116, 117, 118, 130, 131, 132, 133, 134, 135, 136, 137, 138, 150, 151, 152, 153, 154, 155, 156, 157, 158
01279, 10, 11, 12, 13, 14, 15, 16, 17, 18, 30, 31, 32, 33, 34, 35, 36, 37, 38, 50, 51, 52, 53, 54, 55, 56, 57, 58, 70, 71, 72, 73, 74, 75, 76, 77, 78, 90, 91, 92, 93, 94, 95, 96, 97, 98, 110, 111, 112, 113, 114, 115, 116, 117, 118, 130, 131, 132, 133, 134, 135, 136, 137, 138, 150, 151, 152, 153, 154, 155, 156, 157, 158
01280, 10, 11, 12, 13, 14, 15, 16, 17, 18, 30, 31, 32, 33, 34, 35, 36, 37, 38, 50, 51, 52, 53, 54, 55, 56, 57, 58, 70, 71, 72, 73, 74, 75, 76, 77, 78, 90, 91, 92, 93, 94, 95, 96, 97, 98, 110, 111, 112, 113, 114, 115, 116, 117, 118, 130, 131, 132, 133, 134, 135, 136, 137, 138, 150, 151, 152, 153, 154, 155, 156, 157, 158
01281, 10, 11, 12, 13, 14, 15, 16, 17, 18, 30, 31, 32, 33, 34, 35, 36, 37, 38, 50, 51, 52, 53, 54, 55, 56, 57, 58, 70, 71, 72, 73, 74, 75, 76, 77, 78, 90, 91, 92, 93, 94, 95, 96, 97, 98, 110, 111, 112, 113, 114, 115, 116, 117, 118, 130, 131, 132, 133, 134, 135, 136, 137, 138, 150, 151, 152, 153, 154, 155, 156, 157, 158
01282, 10, 11, 12, 13, 14, 15, 16, 17, 18, 30, 31, 32, 33, 34, 35, 36, 37, 38, 50, 51, 52, 53, 54, 55, 56, 57, 58, 70, 71, 72, 73, 74, 75, 76, 77, 78, 90, 91, 92, 93, 94, 95, 96, 97, 98, 110, 111, 112, 113, 114, 115, 116, 117, 118, 130, 131, 132, 133, 134, 135, 136, 137, 138, 150, 151, 152, 153, 154, 155, 156, 157, 158
01283, 10, 11, 12, 13, 14, 15, 16, 17, 18, 30, 31, 32, 33, 34, 35, 36, 37, 38, 50, 51, 52, 53, 54, 55, 56, 57, 58, 70, 71, 72, 73, 74, 75, 76, 77, 78, 90, 91, 92, 93, 94, 95, 96, 97, 98, 110, 111, 112, 113, 114, 115, 116, 117, 118, 130, 131, 132, 133, 134, 135, 136, 137, 138, 150, 151, 152, 153, 154, 155, 156, 157, 158
01284, 10, 11, 12, 13, 14, 15, 16, 17, 18, 30, 31, 32, 33, 34, 35, 36, 37, 38, 50, 51, 52, 53, 54, 55, 56, 57, 58, 70, 71, 72, 73, 74, 75, 76, 77, 78, 90, 91, 92, 93, 94, 95, 96, 97, 98, 110, 111, 112, 113, 114, 115, 116, 117, 118, 130, 131, 132, 133, 134, 135, 136, 137, 138, 150, 151, 152, 153, 154, 155, 156, 157, 158
01285, 10, 11, 12, 13, 14, 15, 16, 17, 18, 30, 31, 32, 33, 34, 35, 36, 37, 38, 50, 51, 52, 53, 54, 55, 56, 57, 58, 70, 71, 72, 73, 74, 75, 76, 77, 78, 90, 91, 92, 93, 94, 95, 96, 97, 98, 110, 111, 112, 113, 114, 115, 116, 117, 118, 130, 131, 132, 133, 134, 135, 136, 137, 138, 150, 151, 152, 153, 154, 155, 156, 157, 158
01286, 10, 11, 12, 13, 14, 15, 16, 17, 18, 30, 31, 32, 33, 34, 35, 36, 37, 38, 50, 51, 52, 53, 54, 55, 56, 57, 58, 70, 71, 72, 73, 74, 75, 76, 77, 78, 90, 91, 92, 93, 94, 95, 96, 97, 98, 110, 111, 112, 113, 114, 115, 116, 117, 118, 130, 131, 132, 133, 134, 135, 136, 137, 138, 150, 151, 152, 153, 154, 155, 156, 157, 158
01287, 10, 11, 12, 13, 14, 15, 16, 17, 18, 30, 31, 32, 33, 34, 35, 36, 37, 38, 50, 51, 52, 53, 54, 55, 56, 57, 58, 70, 71, 72, 73, 74, 75, 76, 77, 78, 90, 91, 92, 93, 94, 95, 96, 97, 98, 110, 111, 112, 113, 114, 115, 116, 117, 118, 130, 131, 132, 133, 134, 135, 136, 137, 138, 150, 151, 152, 153, 154, 155, 156, 157, 158
01288, 10, 11, 12, 13, 14, 15, 16, 17, 18, 30, 31, 32, 33, 34, 35, 36, 37, 38, 50, 51, 52, 53, 54, 55, 56, 57, 58, 70, 71, 72, 73, 74, 75, 76, 77, 78, 90, 91, 92, 93, 94, 95, 96, 97, 98, 110, 111, 112, 113, 114, 115, 116, 117, 118, 130, 131, 132, 133, 134, 135, 136, 137, 138, 150, 151, 152, 153, 154, 155, 156, 157, 158
01289, 10, 11, 12, 13, 14, 15, 16, 17, 18, 30, 31, 32, 33, 34, 35, 36, 37, 38, 50, 51, 52, 53, 54, 55, 56, 57, 58, 70, 71, 72, 73, 74, 75, 76, 77, 78, 90, 91, 92, 93, 94, 95, 96, 97, 98, 110, 111, 112, 113, 114, 115, 116, 117, 118, 130, 131, 132, 133, 134, 135, 136, 137, 138, 150, 151, 152, 153, 154, 155, 156, 157, 158
01290, 10, 11, 12, 13, 14, 15, 16, 17, 18, 30, 31, 32, 33, 34, 35, 36, 37, 38, 50, 51, 52, 53, 54, 55, 56, 57, 58, 70, 71, 72, 73, 74, 75, 76, 77, 78, 90, 91, 92, 93, 94, 95, 96, 97, 98, 110, 111, 112, 113, 114, 115, 116, 117, 118, 130, 131, 132, 133, 134, 135, 136, 137, 138, 150, 151, 152, 153, 154, 155, 156, 157, 158
01291, 10, 11, 12, 13, 14, 15, 16, 17, 18, 30, 31, 32, 33, 34, 35, 36, 37, 38, 50, 51, 52, 53, 54, 55, 56, 57, 58, 70, 71, 72, 73, 74, 75, 76, 77, 78, 90, 91, 92, 93, 94, 95, 96, 97, 98, 110, 111, 112, 113, 114, 115, 116, 117, 118, 130, 131, 132, 133, 134, 135, 136, 137, 138, 150, 151, 152, 153, 154, 155, 156, 157, 158
01292, 10, 11, 12, 13, 14, 15, 16, 17, 18, 30, 31, 32, 33, 34, 35, 36, 37, 38, 50, 51, 52, 53, 54, 55, 56, 57, 58, 70, 71, 72, 73, 74, 75, 76, 77, 78, 90, 91, 92, 93, 94, 95, 96, 97, 98, 110, 111, 112, 113, 114, 115, 116, 117, 118, 130, 131, 132, 133, 134, 135, 136, 137, 138, 150, 151, 152, 153, 154, 155, 156, 157, 158
01293, 10, 11, 12, 13, 14, 15, 16, 17, 18, 30, 31, 32, 33, 34, 35, 36, 37, 38, 50, 51, 52, 53, 54, 55, 56, 57, 58, 70, 71, 72, 73, 74, 75, 76, 77, 78, 90, 91, 92, 93, 94, 95, 96, 97, 98, 110, 111, 112, 113, 114, 115, 116, 117, 118, 130, 131, 132, 133, 134, 135, 136, 137, 138, 150, 151, 152, 153, 154, 155, 156, 157, 158
01294, 10, 11, 12, 13, 14, 15, 16, 17, 18, 30, 31, 32, 33, 34, 35, 36, 37, 38, 50, 51, 52, 53, 54, 55, 56, 57, 58, 70, 71, 72, 73, 74, 75, 76, 77, 78, 90, 91, 92, 93, 94, 95, 96, 97, 98, 110, 111, 112, 113, 114, 115, 116, 117, 118, 130, 131, 132, 133, 134, 135, 136, 137, 138, 150, 151, 152, 153, 154, 155, 156, 157, 158
01295, 11, 12, 13, 14, 15, 16, 17, 18, 19, 31, 32, 33, 34, 35, 36, 37, 38, 39, 51, 52, 53, 54, 55, 56, 57, 58, 59, 71, 72, 73, 74, 75, 76, 77, 78, 79, 91, 92, 93, 94, 95, 96, 97, 98, 99, 111, 112, 113, 114, 115, 116, 117, 118, 119, 131, 132, 133, 134, 135, 136, 137, 138, 139, 151, 152, 153, 154, 155, 156, 157, 158, 159
01296, 11, 12, 13, 14, 15, 16, 17, 18, 19, 31, 32, 33, 34, 35, 36, 37, 38, 39, 51, 52, 53, 54, 55, 56, 57, 58, 59, 71, 72, 73, 74, 75, 76, 77, 78, 79, 91, 92, 93, 94, 95, 96, 97, 98, 99, 111, 112, 113, 114, 115, 116, 117, 118, 119, 131, 132, 133, 134, 135, 136, 137, 138, 139, 151, 152, 153, 154, 155, 156, 157, 158, 159
01297, 11, 12, 13, 14, 15, 16, 17, 18, 19, 31, 32, 33, 34, 35, 36, 37, 38, 39, 51, 52, 53, 54, 55, 56, 57, 58, 59, 71, 72, 73, 74, 75, 76, 77, 78, 79, 91, 92, 93, 94, 95, 96, 97, 98, 99, 111, 112, 113, 114, 115, 116, 117, 118, 119, 131, 132, 133, 134, 135, 136, 137, 138, 139, 151, 152, 153, 154, 155, 156, 157, 158, 159
01298, 11, 12, 13, 14, 15, 16, 17, 18, 19, 31, 32, 33, 34, 35, 36, 37, 38, 39, 51, 52, 53, 54, 55, 56, 57, 58, 59, 71, 72, 73, 74, 75, 76, 77, 78, 79, 91, 92, 93, 94, 95, 96, 97, 98, 99, 111, 112, 113, 114, 115, 116, 117, 118, 119, 131, 132, 133, 134, 135, 136, 137, 138, 139, 151, 152, 153, 154, 155, 156, 157, 158, 159
01299, 11, 12, 13, 14, 15, 16, 17, 18, 19, 31, 32, 33, 34, 35, 36, 37, 38, 39, 51, 52, 53, 54, 55, 56, 57, 58, 59, 71, 72, 73, 74, 75, 76, 77, 78, 79, 91, 92, 93, 94, 95, 96, 97, 98, 99, 111, 112, 113, 114, 115, 116, 117, 118, 119, 131, 132, 133, 134, 135, 136, 137, 138, 139, 151, 152, 153, 154, 155, 156, 157, 158, 159
01300, 11, 12, 13, 14, 15, 16, 17, 18, 19, 31, 32, 33, 34, 35, 36, 37, 38, 39, 51, 52, 53, 54, 55, 56, 57, 58, 59, 71, 72, 73, 74, 75, 76, 77, 78, 79, 91, 92, 93, 94, 95, 96, 97, 98, 99, 111, 112, 113, 114, 115, 116, 117, 118, 119, 131, 132, 133, 134, 135, 136, 137, 138, 139, 151, 152, 153, 154, 155, 156, 157, 158, 159
01301, 11, 12, 13, 14, 15, 16, 17, 18, 19, 31, 32, 33, 34, 35, 36, 37, 38, 39, 51, 52, 53, 54, 55, 56, 57, 58, 59, 71, 72, 73, 74, 75, 76, 77, 78, 79, 91, 92, 93, 94, 95, 96, 97, 98, 99, 111, 112, 113, 114, 115, 116, 117, 118, 119, 131, 132, 133, 134, 135, 136, 137, 138, 139, 151, 152, 153, 154, 155, 156, 157, 158, 159
01302, 11, 12, 13, 14, 15, 16, 17, 18, 19, 31, 32, 33, 34, 35, 36, 37, 38, 39, 51, 52, 53, 54, 55, 56, 57, 58, 59, 71, 72, 73, 74, 75, 76, 77, 78, 79, 91, 92, 93, 94, 95, 96, 97, 98, 99, 111, 112, 113, 114, 115, 116, 117, 118, 119, 131, 132, 133, 134, 135, 136, 137, 138, 139, 151, 152, 153, 154, 155, 156, 157, 158, 159
01303, 11, 12, 13, 14, 15, 16, 17, 18, 19, 31, 32, 33, 34, 35, 36, 37, 38, 39, 51, 52, 53, 54, 55, 56, 57, 58, 59, 71, 72, 73, 74, 75, 76, 77, 78, 79, 91, 92, 93, 94, 95, 96, 97, 98, 99, 111, 112, 113, 114, 115, 116, 117, 118, 119, 131, 132, 133, 134, 135, 136, 137, 138, 139, 151, 152, 153, 154, 155, 156, 157, 158, 159
01304, 11, 12, 13, 14, 15, 16, 17, 18, 19, 31, 32, 33, 34, 35, 36, 37, 38, 39, 51, 52, 53, 54, 55, 56, 57, 58, 59, 71, 72, 73, 74, 75, 76, 77, 78, 79, 91, 92, 93, 94, 95, 96, 97, 98, 99, 111, 112, 113, 114, 115, 116, 117, 118, 119, 131, 132, 133, 134, 135, 136, 137, 138, 139, 151, 152, 153, 154, 155, 156, 157, 158, 159
01305, 11, 12, 13, 14, 15, 16, 17, 18, 19, 31, 32, 33, 34, 35, 36, 37, 38, 39, 51, 52, 53, 54, 55, 56, 57, 58, 59, 71, 72, 73, 74, 75, 76, 77, 78, 79, 91, 92, 93, 94, 95, 96, 97, 98, 99, 111, 112, 113, 114, 115, 116, 117, 118, 119, 131, 132, 133, 134, 135, 136, 137, 138, 139, 151, 152, 153, 154, 155, 156, 157, 158, 159
01306, 11, 12, 13, 14, 15, 16, 17, 18, 19, 31, 32, 33, 34, 35, 36, 37, 38, 39, 51, 52, 53, 54, 55, 56, 57, 58, 59, 71, 72, 73, 74, 75, 76, 77, 78, 79, 91, 92, 93, 94, 95, 96, 97, 98, 99, 111, 112, 113, 114, 115, 116, 117, 118, 119, 131, 132, 133, 134, 135, 136, 137, 138, 139, 151, 152, 153, 154, 155, 156, 157, 158, 159
01307, 11, 12, 13, 14, 15, 16, 17, 18, 19, 31, 32, 33, 34, 35, 36, 37, 38, 39, 51, 52, 53, 54, 55, 56, 57, 58, 59, 71, 72, 73, 74, 75, 76, 77, 78, 79, 91, 92, 93, 94, 95, 96, 97, 98, 99, 111, 112, 113, 114, 115, 116, 117, 118, 119, 131, 132, 133, 134, 135, 136, 137, 138, 139, 151, 152, 153, 154, 155, 156, 157, 158, 159
01308, 11, 12, 13, 14, 15, 16, 17, 18, 19, 31, 32, 33, 34, 35, 36, 37, 38, 39, 51, 52, 53, 54, 55, 56, 57, 58, 59, 71, 72, 73, 74, 75, 76, 77, 78, 79, 91, 92, 93, 94, 95, 96, 97, 98, 99, 111, 112, 113, 114, 115, 116, 117, 118, 119, 131, 132, 133, 134, 135, 136, 137, 138, 139, 151, 152, 153, 154, 155, 156, 157, 158, 159
01309, 11, 12, 13, 14, 15, 16, 17, 18, 19, 31, 32, 33, 34, 35, 36, 37, 38, 39, 51, 52, 53, 54, 55, 56, 57, 58, 59, 71, 72, 73, 74, 75, 76, 77, 78, 79, 91, 92, 93, 94, 95, 96, 97, 98, 99, 111, 112, 113, 114, 115, 116, 117, 118, 119, 131, 132, 133, 134, 135, 136, 137, 138, 139, 151, 152, 153, 154, 155, 156, 157, 158, 159
01310, 11, 12, 13, 14, 15, 16, 17, 18, 19, 31, 32, 33, 34, 35, 36, 37, 38, 39, 51, 52, 53, 54, 55, 56, 57, 58, 59, 71, 72, 73, 74, 75, 76, 77, 78, 79, 91, 92, 93, 94, 95, 96, 97, 98, 99, 111, 112, 113, 114, 115, 116, 117, 118, 119, 131, 132, 133, 134, 135, 136, 137, 138, 139, 151, 152, 153, 154, 155, 156, 157, 158, 159
01311, 11, 12, 13, 14, 15, 16, 17, 18, 19, 31, 32, 33, 34, 35, 36, 37, 38, 39, 51, 52, 53, 54, 55, 56, 57, 58, 59, 71, 72, 73, 74, 75, 76, 77, 78, 79, 91, 92, 93, 94, 95, 96, 97, 98, 99, 111, 112, 113, 114, 115, 116, 117, 118, 119, 131, 132, 133, 134, 135, 136, 137, 138, 139, 151, 152, 153, 154, 155, 156, 157, 158, 159
01312, 11, 12, 13, 14, 15, 16, 17, 18, 19, 31, 32, 33, 34, 35, 36, 37, 38, 39, 51, 52, 53, 54, 55, 56, 57, 58, 59, 71, 72, 73, 74, 75, 76, 77, 78, 79, 91, 92, 93, 94, 95, 96, 97, 98, 99, 111, 112, 113, 114, 115, 116, 117, 118, 119, 131, 132, 133, 134, 135, 136, 137, 138, 139, 151, 152, 153, 154, 155, 156, 157, 158, 159
01313, 11, 12, 13, 14, 15, 16, 17, 18, 19, 31, 32, 33, 34, 35, 36, 37, 38, 39, 51, 52, 53, 54, 55, 56, 57, 58, 59, 71, 72, 73, 74, 75, 76, 77, 78, 79, 91, 92, 93, 94, 95, 96, 97, 98, 99, 111, 112, 113, 114, 115, 116, 117, 118, 119, 131, 132, 133, 134, 135, 136, 137, 138, 139, 151, 152, 153, 154, 155, 156, 157, 158, 159
01314, 11, 12, 13, 14, 15, 16, 17, 18, 19, 31, 32, 33, 34, 35, 36, 37, 38, 39, 51, 52, 53, 54, 55, 56, 57, 58, 59, 71, 72, 73, 74, 75, 76, 77, 78, 79, 91, 92, 93, 94, 95, 96, 97, 98, 99, 111, 112, 113, 114, 115, 116, 117, 118, 119, 131, 132, 133, 134, 135, 136, 137, 138, 139
01315, 11, 12, 13, 14, 15, 16, 17, 18, 19, 31, 32, 33, 34, 35, 36, 37, 38, 39, 51, 52, 53, 54, 55, 56, 57, 58, 59, 71, 72, 73, 74, 75, 76, 77, 78, 79, 91, 92, 93, 94, 95, 96, 97, 98, 99, 111, 112, 113, 114, 115, 116, 117, 118, 119, 131, 132, 133, 134, 135, 136, 137, 138, 139
01316, 11, 12, 13, 14, 15, 16, 17, 18, 19, 31, 32, 33, 34, 35, 36, 37, 38, 39, 51, 52, 53, 54, 55, 56, 57, 58, 59, 71, 72, 73, 74, 75, 76, 77, 78, 79, 91, 92, 93, 94, 95, 96, 97, 98, 99, 111, 112, 113, 114, 115, 116, 117, 118, 119, 131, 132, 133, 134, 135, 136, 137, 138, 139
01317, 11, 12, 13, 14, 15, 16, 17, 18, 19, 31, 32, 33, 34, 35, 36, 37, 38, 39, 51, 52, 53, 54, 55, 56, 57, 58, 59, 71, 72, 73, 74, 75, 76, 77, 78, 79, 91, 92, 93, 94, 95, 96, 97, 98, 99, 111, 112, 113, 114, 115, 116, 117, 118, 119, 131, 132, 133, 134, 135, 136, 137, 138, 139
01318, 11, 12, 13, 14, 15, 16, 17, 18, 19, 31, 32, 33, 34, 35, 36, 37, 38, 39, 51, 52, 53, 54, 55, 56, 57, 58, 59, 71, 72, 73, 74, 75, 76, 77, 78, 79, 91, 92, 93, 94, 95, 96, 97, 98, 99, 111, 112, 113, 114, 115, 116, 117, 118, 119, 131, 132, 133, 134, 135, 136, 137, 138, 139
01319, 11, 12, 13, 14, 15, 16, 17, 18, 19, 31, 32, 33, 34, 35, 36, 37, 38, 39, 51, 52, 53, 54, 55, 56, 57, 58, 59, 71, 72, 73, 74, 75, 76, 77, 78, 79, 91, 92, 93, 94, 95, 96, 97, 98, 99, 111, 112, 113, 114, 115, 116, 117, 118, 119, 131, 132, 133, 134, 135, 136, 137, 138, 139
01320, 11, 12, 13, 14, 15, 16, 17, 18, 19, 31, 32, 33, 34, 35, 36, 37, 38, 39, 51, 52, 53, 54, 55, 56, 57, 58, 59, 71, 72, 73, 74, 75, 76, 77, 78, 79, 91, 92, 93, 94, 95, 96, 97, 98, 99, 111, 112, 113, 114, 115, 116, 117, 118, 119, 131, 132, 133, 134, 135, 136, 137, 138, 139
01321, 11, 12, 13, 14, 15, 16, 17, 18, 19, 31, 32, 33, 34, 35, 36, 37, 38, 39, 51, 52, 53, 54, 55, 56, 57, 58, 59, 71, 72, 73, 74, 75, 76, 77, 78, 79, 91, 92, 93, 94, 95, 96, 97, 98, 99, 111, 112, 113, 114, 115, 116, 117, 118, 119, 131, 132, 133, 134, 135, 136, 137, 138, 139
01322, 11, 12, 13, 14, 15, 16, 17, 18, 19, 31, 32, 33, 34, 35, 36, 37, 38, 39, 51, 52, 53, 54, 55, 56, 57, 58, 59, 71, 72, 73, 74, 75, 76, 77, 78, 79, 91, 92, 93, 94, 95, 96, 97, 98, 99, 111, 112, 113, 114, 115, 116, 117, 118, 119, 131, 132, 133, 134, 135, 136, 137, 138, 139
01323, 11, 12, 13, 14, 15, 16, 17, 18, 19, 31, 32, 33, 34, 35, 36, 37, 38, 39, 51, 52, 53, 54, 55, 56, 57, 58, 59, 71, 72, 73, 74, 75, 76, 77, 78, 79, 91, 92, 93, 94, 95, 96, 97, 98, 99, 111, 112, 113, 114, 115, 116, 117, 118, 119, 131, 132, 133, 134, 135, 136, 137, 138, 139
01324, 11, 12, 13, 14, 15, 16, 17, 18, 19, 31, 32, 33, 34, 35, 36, 37, 38, 39, 51, 52, 53, 54, 55, 56, 57, 58, 59, 71, 72, 73, 74, 75, 76, 77, 78, 79, 91, 92, 93, 94, 95, 96, 97, 98, 99, 111, 112, 113, 114, 115, 116, 117, 118, 119, 131, 132, 133, 134, 135, 136, 137, 138, 139
01325, 11, 12, 13, 14, 15, 16, 17, 18, 19, 31, 32, 33, 34, 35, 36, 37, 38, 39, 51, 52, 53, 54, 55, 56, 57, 58, 59, 71, 72, 73, 74, 75, 76, 77, 78, 79, 91, 92, 93, 94, 95, 96, 97, 98, 99, 111, 112, 113, 114, 115, 116, 117, 118, 119, 131, 132, 133, 134, 135, 136, 137, 138, 139
01326, 11, 12, 13, 14, 15, 16, 17, 18, 19, 31, 32, 33, 34, 35, 36, 37, 38, 39, 51, 52, 53, 54, 55, 56, 57, 58, 59, 71, 72, 73, 74, 75, 76, 77, 78, 79, 91, 92, 93, 94, 95, 96, 97, 98, 99, 111, 112, 113, 114, 115, 116, 117, 118, 119, 131, 132, 133, 134, 135, 136, 137, 138, 139
01327, 11, 12, 13, 14, 15, 16, 17, 18, 19, 31, 32, 33, 34, 35, 36, 37, 38, 39, 51, 52, 53, 54, 55, 56, 57, 58, 59, 71, 72, 73, 74, 75, 76, 77, 78, 79, 91, 92, 93, 94, 95, 96, 97, 98, 99, 111, 112, 113, 114, 115, 116, 117, 118, 119, 131, 132, 133, 134, 135, 136, 137, 138, 139
01328, 11, 12, 13, 14, 15, 16, 17, 18, 19, 31, 32, 33, 34, 35, 36, 37, 38, 39, 51, 52, 53, 54, 55, 56, 57, 58, 59, 71, 72, 73, 74, 75, 76, 77, 78, 79, 91, 92, 93, 94, 95, 96, 97, 98, 99, 111, 112, 113, 114, 115, 116, 117, 118, 119, 131, 132, 133, 134, 135, 136, 137, 138, 139
01329, 11, 12, 13, 14, 15, 16, 17, 18, 19, 31, 32, 33, 34, 35, 36, 37, 38, 39, 51, 52, 53, 54, 55, 56, 57, 58, 59, 71, 72, 73, 74, 75, 76, 77, 78, 79, 91, 92, 93, 94, 95, 96, 97, 98, 99, 111, 112, 113, 114, 115, 116, 117, 118, 119, 131, 132, 133, 134, 135, 136, 137, 138, 139
01330, 11, 12, 13, 14, 15, 16, 17, 18, 19, 31, 32, 33, 34, 35, 36, 37, 38, 39, 51, 52, 53, 54, 55, 56, 57, 58, 59, 71, 72, 73, 74, 75, 76, 77, 78, 79, 91, 92, 93, 94, 95, 96, 97, 98, 99, 111, 112, 113, 114, 115, 116, 117, 118, 119, 131, 132, 133, 134, 135, 136, 137, 138, 139
01331, 11, 12, 13, 14, 15, 16, 17, 18, 19, 31, 32, 33, 34, 35, 36, 37, 38, 39, 51, 52, 53, 54, 55, 56, 57, 58, 59, 71, 72, 73, 74, 75, 76, 77, 78, 79, 91, 92, 93, 94, 95, 96, 97, 98, 99, 111, 112, 113, 114, 115, 116, 117, 118, 119, 131, 132, 133, 134, 135, 136, 137, 138, 139
01332, 12, 13, 14, 15, 16, 17, 18, 19, 32, 33, 34, 35, 36, 37, 38, 39, 52, 53, 54, 55, 56, 57, 58, 59, 72, 73, 74, 75, 76, 77, 78, 79, 92, 93, 94, 95, 96, 97, 98, 99, 112, 113, 114, 115, 116, 117, 118, 119, 132, 133, 134, 135, 136, 137, 138, 139
01333, 12, 13, 14, 15, 16, 17, 18, 19, 32, 33, 34, 35, 36, 37, 38, 39, 52, 53, 54, 55, 56, 57, 58, 59, 72, 73, 74, 75, 76, 77, 78, 79, 92, 93, 94, 95, 96, 97, 98, 99, 112, 113, 114, 115, 116, 117, 118, 119, 132, 133, 134, 135, 136, 137, 138, 139
01334, 12, 13, 14, 15, 16, 17, 18, 19, 32, 33, 34, 35, 36, 37, 38, 39, 52, 53, 54, 55, 56, 57, 58, 59, 72, 73, 74, 75, 76, 77, 78, 79, 92, 93, 94, 95, 96, 97, 98, 99, 112, 113, 114, 115, 116, 117, 118, 119, 132, 133, 134, 135, 136, 137, 138, 139
01335, 12, 13, 14, 15, 16, 17, 18, 19, 32, 33, 34, 35, 36, 37, 38, 39, 52, 53, 54, 55, 56, 57, 58, 59, 72, 73, 74, 75, 76, 77, 78, 79, 92, 93, 94, 95, 96, 97, 98, 99, 112, 113, 114, 115, 116, 117, 118, 119, 132, 133, 134, 135, 136, 137, 138, 139
01336, 12, 13, 14, 15, 16, 17, 18, 19, 32, 33, 34, 35, 36, 37, 38, 39, 52, 53, 54, 55, 56, 57, 58, 59, 72, 73, 74, 75, 76, 77, 78, 79, 92, 93, 94, 95, 96, 97, 98, 99, 112, 113, 114, 115, 116, 117, 118, 119, 132, 133, 134, 135, 136, 137, 138, 139
01337, 12, 13, 14, 15, 16, 17, 18, 19, 32, 33, 34, 35, 36, 37, 38, 39, 52, 53, 54, 55, 56, 57, 58, 59, 72, 73, 74, 75, 76, 77, 78, 79, 92, 93, 94, 95, 96, 97, 98, 99, 112, 113, 114, 115, 116, 117, 118, 119, 132, 133, 134, 135, 136, 137, 138, 139
01338, 12, 13, 14, 15, 16, 17, 18, 19, 32, 33, 34, 35, 36, 37, 38, 39, 52, 53, 54, 55, 56, 57, 58, 59, 72, 73, 74, 75, 76, 77, 78, 79, 92, 93, 94, 95, 96, 97, 98, 99, 112, 113, 114, 115, 116, 117, 118, 119, 132, 133, 134, 135, 136, 137, 138, 139
01339, 12, 13, 14, 15, 16, 17, 18, 19, 32, 33, 34, 35, 36, 37, 38, 39, 52, 53, 54, 55, 56, 57, 58, 59, 72, 73, 74, 75, 76, 77, 78, 79, 92, 93, 94, 95, 96, 97, 98, 99, 112, 113, 114, 115, 116, 117, 118, 119, 132, 133, 134, 135, 136, 137, 138, 139
01340, 12, 13, 14, 15, 16, 17, 18, 19, 32, 33, 34, 35, 36, 37, 38, 39, 52, 53, 54, 55, 56, 57, 58, 59, 72, 73, 74, 75, 76, 77, 78, 79, 92, 93, 94, 95, 96, 97, 98, 99, 112, 113, 114, 115, 116, 117, 118, 119, 132, 133, 134, 135, 136, 137, 138, 139
01341, 12, 13, 14, 15, 16, 17, 18, 19, 32, 33, 34, 35, 36, 37, 38, 39, 52, 53, 54, 55, 56, 57, 58, 59, 72, 73, 74, 75, 76, 77, 78, 79, 92, 93, 94, 95, 96, 97, 98, 99, 112, 113, 114, 115, 116, 117, 118, 119, 132, 133, 134, 135, 136, 137, 138, 139
01342, 12, 13, 14, 15, 16, 17, 18, 19, 32, 33, 34, 35, 36, 37, 38, 39, 52, 53, 54, 55, 56, 57, 58, 59, 72, 73, 74, 75, 76, 77, 78, 79, 92, 93, 94, 95, 96, 97, 98, 99, 112, 113, 114, 115, 116, 117, 118, 119, 132, 133, 134, 135, 136, 137, 138, 139
01343, 12, 13, 14, 15, 16, 17, 18, 19, 32, 33, 34, 35, 36, 37, 38, 39, 52, 53, 54, 55, 56, 57, 58, 59, 72, 73, 74, 75, 76, 77, 78, 79, 92, 93, 94, 95, 96, 97, 98, 99, 112, 113, 114, 115, 116, 117, 118, 119, 132, 133, 134, 135, 136, 137, 138, 139
01344, 12, 13, 14, 15, 16, 17, 18, 19, 32, 33, 34, 35, 36, 37, 38, 39, 52, 53, 54, 55, 56, 57, 58, 59, 72, 73, 74, 75, 76, 77, 78, 79, 92, 93, 94, 95, 96, 97, 98, 99, 112, 113, 114, 115, 116, 117, 118, 119, 132, 133, 134, 135, 136, 137, 138, 139
01345, 12, 13, 14, 15, 16, 17, 18, 19, 32, 33, 34, 35, 36, 37, 38, 39, 52, 53, 54, 55, 56, 57, 58, 59, 72, 73, 74, 75, 76, 77, 78, 79, 92, 93, 94, 95, 96, 97, 98, 99, 112, 113, 114, 115, 116, 117, 118, 119, 132, 133, 134, 135, 136, 137, 138, 139
01346, 12, 13, 14, 15, 16, 17, 18, 19, 32, 33, 34, 35, 36, 37, 38, 39, 52, 53, 54, 55, 56, 57, 58, 59, 72, 73, 74, 75, 76, 77, 78, 79, 92, 93, 94, 95, 96, 97, 98, 99, 112, 113, 114, 115, 116, 117, 118, 119, 132, 133, 134, 135, 136, 137, 138, 139
01347, 12, 13, 14, 15, 16, 17, 18, 19, 32, 33, 34, 35, 36, 37, 38, 39, 52, 53, 54, 55, 56, 57, 58, 59, 72, 73, 74, 75, 76, 77, 78, 79, 92, 93, 94, 95, 96, 97, 98, 99, 112, 113, 114, 115, 116, 117, 118, 119, 132, 133, 134, 135, 136, 137, 138, 139
01348, 12, 13, 14, 15, 16, 17, 18, 19, 32, 33, 34, 35, 36, 37, 38, 39, 52, 53, 54, 55, 56, 57, 58, 59, 72, 73, 74, 75, 76, 77, 78, 79, 92, 93, 94, 95, 96, 97, 98, 99, 112, 113, 114, 115, 116, 117, 118, 119, 132, 133, 134, 135, 136, 137, 138, 139
01349, 12, 13, 14, 15, 16, 17, 18, 19, 32, 33, 34, 35, 36, 37, 38, 39, 52, 53, 54, 55, 56, 57, 58, 59, 72, 73, 74, 75, 76, 77, 78, 79, 92, 93, 94, 95, 96, 97, 98, 99, 112, 113, 114, 115, 116, 117, 118, 119, 132, 133, 134, 135, 136, 137, 138, 139
01350, 12, 13, 14, 15, 16, 17, 18, 19, 32, 33, 34, 35, 36, 37, 38, 39, 52, 53, 54, 55, 56, 57, 58, 59, 72, 73, 74, 75, 76, 77, 78, 79, 92, 93, 94, 95, 96, 97, 98, 99, 112, 113, 114, 115, 116, 117, 118, 119, 132, 133, 134, 135, 136, 137, 138, 139
01351, 12, 13, 14, 15, 16, 17, 18, 19, 32, 33, 34, 35, 36, 37, 38, 39, 52, 53, 54, 55, 56, 57, 58, 59, 72, 73, 74, 75, 76, 77, 78, 79, 92, 93, 94, 95, 96, 97, 98, 99, 112, 113, 114, 115, 116, 117, 118, 119, 132, 133, 134, 135, 136, 137, 138, 139
01352, 12, 13, 14, 15, 16, 17, 18, 19, 32, 33, 34, 35, 36, 37, 38, 39, 52, 53, 54, 55, 56, 57, 58, 59, 72, 73, 74, 75, 76, 77, 78, 79, 92, 93, 94, 95, 96, 97, 98, 99, 112, 113, 114, 115, 116, 117, 118, 119, 132, 133, 134, 135, 136, 137, 138, 139
01353, 12, 13, 14, 15, 16, 17, 18, 19, 32, 33, 34, 35, 36, 37, 38, 39, 52, 53, 54, 55, 56, 57, 58, 59, 72, 73, 74, 75, 76, 77, 78, 79, 92, 93, 94, 95, 96, 97, 98, 99, 112, 113, 114, 115, 116, 117, 118, 119, 132, 133, 134, 135, 136, 137, 138, 139
01354, 12, 13, 14, 15, 16, 17, 18, 19, 32, 33, 34, 35, 36, 37, 38, 39, 52, 53, 54, 55, 56, 57, 58, 59, 72, 73, 74, 75, 76, 77, 78, 79, 92, 93, 94, 95, 96, 97, 98, 99, 112, 113, 114, 115, 116, 117, 118, 119, 132, 133, 134, 135, 136, 137, 138, 139
01355, 12, 13, 14, 15, 16, 17, 18, 19, 32, 33, 34, 35, 36, 37, 38, 39, 52, 53, 54, 55, 56, 57, 58, 59, 72, 73, 74, 75, 76, 77, 78, 79, 92, 93, 94, 95, 96, 97, 98, 99, 112, 113, 114, 115, 116, 117, 118, 119, 132, 133, 134, 135, 136, 137, 138, 139
01356, 12, 13, 14, 15, 16, 17, 18, 19, 32, 33, 34, 35, 36, 37, 38, 39, 52, 53, 54, 55, 56, 57, 58, 59, 72, 73, 74, 75, 76, 77, 78, 79, 92, 93, 94, 95, 96, 97, 98, 99, 112, 113, 114, 115, 116, 117, 118, 119, 132, 133, 134, 135, 136, 137, 138, 139
01357, 12, 13, 14, 15, 16, 17, 18, 19, 32, 33, 34, 35, 36, 37, 38, 39, 52, 53, 54, 55, 56, 57, 58, 59, 72, 73, 74, 75, 76, 77, 78, 79, 92, 93, 94, 95, 96, 97, 98, 99, 112, 113, 114, 115, 116, 117, 118, 119, 132, 133, 134, 135, 136, 137, 138, 139
01358, 12, 13, 14, 15, 16, 17, 18, 19, 32, 33, 34, 35, 36, 37, 38, 39, 52, 53, 54, 55, 56, 57, 58, 59, 72, 73, 74, 75, 76, 77, 78, 79, 92, 93, 94, 95, 96, 97, 98, 99, 112, 113, 114, 115, 116, 117, 118, 119, 132, 133, 134, 135, 136, 137, 138, 139
01359, 12, 13, 14, 15, 16, 17, 18, 19, 32, 33, 34, 35, 36, 37, 38, 39, 52, 53, 54, 55, 56, 57, 58, 59, 72, 73, 74, 75, 76, 77, 78, 79, 92, 93, 94, 95, 96, 97, 98, 99, 112, 113, 114, 115, 116, 117, 118, 119, 132, 133, 134, 135, 136, 137, 138, 139
01360, 12, 13, 14, 15, 16, 17, 18, 19, 32, 33, 34, 35, 36, 37, 38, 39, 52, 53, 54, 55, 56, 57, 58, 59, 72, 73, 74, 75, 76, 77, 78, 79, 92, 93, 94, 95, 96, 97, 98, 99, 112, 113, 114, 115, 116, 117, 118, 119, 132, 133, 134, 135, 136, 137, 138, 139
01361, 12, 13, 14, 15, 16, 17, 18, 19, 32, 33, 34, 35, 36, 37, 38, 39, 52, 53, 54, 55, 56, 57, 58, 59, 72, 73, 74, 75, 76, 77, 78, 79, 92, 93, 94, 95, 96, 97, 98, 99, 112, 113, 114, 115, 116, 117, 118, 119, 132, 133, 134, 135, 136, 137, 138, 139
01362, 12, 13, 14, 15, 16, 17, 18, 19, 32, 33, 34, 35, 36, 37, 38, 39, 52, 53, 54, 55, 56, 57, 58, 59, 72, 73, 74, 75, 76, 77, 78, 79, 92, 93, 94, 95, 96, 97, 98, 99, 112, 113, 114, 115, 116, 117, 118, 119, 132, 133, 134, 135, 136, 137, 138, 139
01363, 12, 13, 14, 15, 16, 17, 18, 19, 32, 33, 34, 35, 36, 37, 38, 39, 52, 53, 54, 55, 56, 57, 58, 59, 72, 73, 74, 75, 76, 77, 78, 79, 92, 93, 94, 95, 96, 97, 98, 99, 112, 113, 114, 115, 116, 117, 118, 119, 132, 133, 134, 135, 136, 137, 138, 139
01364, 12, 13, 14, 15, 16, 17, 18, 19, 32, 33, 34, 35, 36, 37, 38, 39, 52, 53, 54, 55, 56, 57, 58, 59, 72, 73, 74, 75, 76, 77, 78, 79, 92, 93, 94, 95, 96, 97, 98, 99, 112, 113, 114, 115, 116, 117, 118, 119, 132, 133, 134, 135, 136, 137, 138, 139
01365, 12, 13, 14, 15, 16, 17, 18, 19, 32, 33, 34, 35, 36, 37, 38, 39, 52, 53, 54, 55, 56, 57, 58, 59, 72, 73, 74, 75, 76, 77, 78, 79, 92, 93, 94, 95, 96, 97, 98, 99, 112, 113, 114, 115, 116, 117, 118, 119, 132, 133, 134, 135, 136, 137, 138, 139
01366, 12, 13, 14, 15, 16, 17, 18, 19, 32, 33, 34, 35, 36, 37, 38, 39, 52, 53, 54, 55, 56, 57, 58, 59, 72, 73, 74, 75, 76, 77, 78, 79, 92, 93, 94, 95, 96, 97, 98, 99, 112, 113, 114, 115, 116, 117, 118, 119, 132, 133, 134, 135, 136, 137, 138, 139
01367, 12, 13, 14, 15, 16, 17, 18, 19, 32, 33, 34, 35, 36, 37, 38, 39, 52, 53, 54, 55, 56, 57, 58, 59, 72, 73, 74, 75, 76, 77, 78, 79, 92, 93, 94, 95, 96, 97, 98, 99, 112, 113, 114, 115, 116, 117, 118, 119, 132, 133, 134, 135, 136, 137, 138, 139
01368, 12, 13, 14, 15, 16, 17, 18, 19, 32, 33, 34, 35, 36, 37, 38, 39, 52, 53, 54, 55, 56, 57, 58, 59, 72, 73, 74, 75, 76, 77, 78, 79, 92, 93, 94, 95, 96, 97, 98, 99, 112, 113, 114, 115, 116, 117, 118, 119, 132, 133, 134, 135, 136, 137, 138, 139
01369, 12, 13, 14, 15, 16, 17, 18, 19, 32, 33, 34, 35, 36, 37, 38, 39, 52, 53, 54, 55, 56, 57, 58, 59, 72, 73, 74, 75, 76, 77, 78, 79, 92, 93, 94, 95, 96, 97, 98, 99, 112, 113, 114, 115, 116, 117, 118, 119, 132, 133, 134, 135, 136, 137, 138, 139
01370, 12, 13, 14, 15, 16, 17, 18, 19, 32, 33, 34, 35, 36, 37, 38, 39, 52, 53, 54, 55, 56, 57, 58, 59, 72, 73, 74, 75, 76, 77, 78, 79, 92, 93, 94, 95, 96, 97, 98, 99, 112, 113, 114, 115, 116, 117, 118, 119, 132, 133, 134, 135, 136, 137, 138, 139
01371, 12, 13, 14, 15, 16, 17, 18, 19, 32, 33, 34, 35, 36, 37, 38, 39, 52, 53, 54, 55, 56, 57, 58, 59, 72, 73, 74, 75, 76, 77, 78, 79, 92, 93, 94, 95, 96, 97, 98, 99, 112, 113, 114, 115, 116, 117, 118, 119, 132, 133, 134, 135, 136, 137, 138, 139
01372, 12, 13, 14, 15, 16, 17, 18, 19, 32, 33, 34, 35, 36, 37, 38, 39, 52, 53, 54, 55, 56, 57, 58, 59, 72, 73, 74, 75, 76, 77, 78, 79, 92, 93, 94, 95, 96, 97, 98, 99, 112, 113, 114, 115, 116, 117, 118, 119, 132, 133, 134, 135, 136, 137, 138, 139
01373, 11, 12, 13, 14, 15, 16, 17, 18, 19, 31, 32, 33, 34, 35, 36, 37, 38, 39, 51, 52, 53, 54, 55, 56, 57, 58, 59, 71, 72, 73, 74, 75, 76, 77, 78, 79, 91, 92, 93, 94, 95, 96, 97, 98, 99, 111, 112, 113, 114, 115, 116, 117, 118, 119, 131, 132, 133, 134, 135, 136, 137, 138, 139
01374, 11, 12, 13, 14, 15, 16, 17, 18, 19, 31, 32, 33, 34, 35, 36, 37, 38, 39, 51, 52, 53, 54, 55, 56, 57, 58, 59, 71, 72, 73, 74, 75, 76, 77, 78, 79, 91, 92, 93, 94, 95, 96, 97, 98, 99, 111, 112, 113, 114, 115, 116, 117, 118, 119, 131, 132, 133, 134, 135, 136, 137, 138, 139
01375, 11, 12, 13, 14, 15, 16, 17, 18, 19, 31, 32, 33, 34, 35, 36, 37, 38, 39, 51, 52, 53, 54, 55, 56, 57, 58, 59, 71, 72, 73, 74, 75, 76, 77, 78, 79, 91, 92, 93, 94, 95, 96, 97, 98, 99, 111, 112, 113, 114, 115, 116, 117, 118, 119, 131, 132, 133, 134, 135, 136, 137, 138, 139
01376, 11, 12, 13, 14, 15, 16, 17, 18, 19, 31, 32, 33, 34, 35, 36, 37, 38, 39, 51, 52, 53, 54, 55, 56, 57, 58, 59, 71, 72, 73, 74, 75, 76, 77, 78, 79, 91, 92, 93, 94, 95, 96, 97, 98, 99, 111, 112, 113, 114, 115, 116, 117, 118, 119, 131, 132, 133, 134, 135, 136, 137, 138, 139
01377, 11, 12, 13, 14, 15, 16, 17, 18, 19, 31, 32, 33, 34, 35, 36, 37, 38, 39, 51, 52, 53, 54, 55, 56, 57, 58, 59, 71, 72, 73, 74, 75, 76, 77, 78, 79, 91, 92, 93, 94, 95, 96, 97, 98, 99, 111, 112, 113, 114, 115, 116, 117, 118, 119, 131, 132, 133, 134, 135, 136, 137, 138, 139
01378, 11, 12, 13, 14, 15, 16, 17, 18, 19, 31, 32, 33, 34, 35, 36, 37, 38, 39, 51, 52, 53, 54, 55, 56, 57, 58, 59, 71, 72, 73, 74, 75, 76, 77, 78, 79, 91, 92, 93, 94, 95, 96, 97, 98, 99, 111, 112, 113, 114, 115, 116, 117, 118, 119, 131, 132, 133, 134, 135, 136, 137, 138, 139
01379, 11, 12, 13, 14, 15, 16, 17, 18, 19, 31, 32, 33, 34, 35, 36, 37, 38, 39, 51, 52, 53, 54, 55, 56, 57, 58, 59, 71, 72, 73, 74, 75, 76, 77, 78, 79, 91, 92, 93, 94, 95, 96, 97, 98, 99, 111, 112, 113, 114, 115, 116, 117, 118, 119, 131, 132, 133, 134, 135, 136, 137, 138, 139
01380, 11, 12, 13, 14, 15, 16, 17, 18, 19, 31, 32, 33, 34, 35, 36, 37, 38, 39, 51, 52, 53, 54, 55, 56, 57, 58, 59, 71, 72, 73, 74, 75, 76, 77, 78, 79, 91, 92, 93, 94, 95, 96, 97, 98, 99, 111, 112, 113, 114, 115, 116, 117, 118, 119, 131, 132, 133, 134, 135, 136, 137, 138, 139
01381, 11, 12, 13, 14, 15, 16, 17, 18, 19, 31, 32, 33, 34, 35, 36, 37, 38, 39, 51, 52, 53, 54, 55, 56, 57, 58, 59, 71, 72, 73, 74, 75, 76, 77, 78, 79, 91, 92, 93, 94, 95, 96, 97, 98, 99, 111, 112, 113, 114, 115, 116, 117, 118, 119, 131, 132, 133, 134, 135, 136, 137, 138, 139
01382, 11, 12, 13, 14, 15, 16, 17, 18, 19, 31, 32, 33, 34, 35, 36, 37, 38, 39, 51, 52, 53, 54, 55, 56, 57, 58, 59, 71, 72, 73, 74, 75, 76, 77, 78, 79, 91, 92, 93, 94, 95, 96, 97, 98, 99, 111, 112, 113, 114, 115, 116, 117, 118, 119, 131, 132, 133, 134, 135, 136, 137, 138, 139
01383, 11, 12, 13, 14, 15, 16, 17, 18, 19, 31, 32, 33, 34, 35, 36, 37, 38, 39, 51, 52, 53, 54, 55, 56, 57, 58, 59, 71, 72, 73, 74, 75, 76, 77, 78, 79, 91, 92, 93, 94, 95, 96, 97, 98, 99, 111, 112, 113, 114, 115, 116, 117, 118, 119, 131, 132, 133, 134, 135, 136, 137, 138, 139
01384, 11, 12, 13, 14, 15, 16, 17, 18, 19, 31, 32, 33, 34, 35, 36, 37, 38, 39, 51, 52, 53, 54, 55, 56, 57, 58, 59, 71, 72, 73, 74, 75, 76, 77, 78, 79, 91, 92, 93, 94, 95, 96, 97, 98, 99, 111, 112, 113, 114, 115, 116, 117, 118, 119, 131, 132, 133, 134, 135, 136, 137, 138, 139
01385, 11, 12, 13, 14, 15, 16, 17, 18, 19, 31, 32, 33, 34, 35, 36, 37, 38, 39, 51, 52, 53, 54, 55, 56, 57, 58, 59, 71, 72, 73, 74, 75, 76, 77, 78, 79, 91, 92, 93, 94, 95, 96, 97, 98, 99, 111, 112, 113, 114, 115, 116, 117, 118, 119, 131, 132, 133, 134, 135, 136, 137, 138, 139
01386, 11, 12, 13, 14, 15, 16, 17, 18, 19, 31, 32, 33, 34, 35, 36, 37, 38, 39, 51, 52, 53, 54, 55, 56, 57, 58, 59, 71, 72, 73, 74, 75, 76, 77, 78, 79, 91, 92, 93, 94, 95, 96, 97, 98, 99, 111, 112, 113, 114, 115, 116, 117, 118, 119, 131, 132, 133, 134, 135, 136, 137, 138, 139
01387, 11, 12, 13, 14, 15, 16, 17, 18, 19, 31, 32, 33, 34, 35, 36, 37, 38, 39, 51, 52, 53, 54, 55, 56, 57, 58, 59, 71, 72, 73, 74, 75, 76, 77, 78, 79, 91, 92, 93, 94, 95, 96, 97, 98, 99, 111, 112, 113, 114, 115, 116, 117, 118, 119, 131, 132, 133, 134, 135, 136, 137, 138, 139
01388, 11, 12, 13, 14, 15, 16, 17, 18, 19, 31, 32, 33, 34, 35, 36, 37, 38, 39, 51, 52, 53, 54, 55, 56, 57, 58, 59, 71, 72, 73, 74, 75, 76, 77, 78, 79, 91, 92, 93, 94, 95, 96, 97, 98, 99, 111, 112, 113, 114, 115, 116, 117, 118, 119, 131, 132, 133, 134, 135, 136, 137, 138, 139
01389, 11, 12, 13, 14, 15, 16, 17, 18, 19, 31, 32, 33, 34, 35, 36, 37, 38, 39, 51, 52, 53, 54, 55, 56, 57, 58, 59, 71, 72, 73, 74, 75, 76, 77, 78, 79, 91, 92, 93, 94, 95, 96, 97, 98, 99, 111, 112, 113, 114, 115, 116, 117, 118, 119, 131, 132, 133, 134, 135, 136, 137, 138, 139
01390, 11, 12, 13, 14, 15, 16, 17, 18, 19, 31, 32, 33, 34, 35, 36, 37, 38, 39, 51, 52, 53, 54, 55, 56, 57, 58, 59, 71, 72, 73, 74, 75, 76, 77, 78, 79, 91, 92, 93, 94, 95, 96, 97, 98, 99, 111, 112, 113, 114, 115, 116, 117, 118, 119, 131, 132, 133, 134, 135, 136, 137, 138, 139
01391, 11, 12, 13, 14, 15, 16, 17, 18, 19, 31, 32, 33, 34, 35, 36, 37, 38, 39, 51, 52, 53, 54, 55, 56, 57, 58, 59, 71, 72, 73, 74, 75, 76, 77, 78, 79, 91, 92, 93, 94, 95, 96, 97, 98, 99, 111, 112, 113, 114, 115, 116, 117, 118, 119, 131, 132, 133, 134, 135, 136, 137, 138, 139
01392, 11, 12, 13, 14, 15, 16, 17, 18, 19, 31, 32, 33, 34, 35, 36, 37, 38, 39, 51, 52, 53, 54, 55, 56, 57, 58, 59, 71, 72, 73, 74, 75, 76, 77, 78, 79, 91, 92, 93, 94, 95, 96, 97, 98, 99, 111, 112, 113, 114, 115, 116, 117, 118, 119, 131, 132, 133, 134, 135, 136, 137, 138, 139
01393, 11, 12, 13, 14, 15, 16, 17, 18, 19, 31, 32, 33, 34, 35, 36, 37, 38, 39, 51, 52, 53, 54, 55, 56, 57, 58, 59, 71, 72, 73, 74, 75, 76, 77, 78, 79, 91, 92, 93, 94, 95, 96, 97, 98, 99, 111, 112, 113, 114, 115, 116, 117, 118, 119, 131, 132, 133, 134, 135, 136, 137, 138, 139
01394, 11, 12, 13, 14, 15, 16, 17, 18, 19, 31, 32, 33, 34, 35, 36, 37, 38, 39, 51, 52, 53, 54, 55, 56, 57, 58, 59, 71, 72, 73, 74, 75, 76, 77, 78, 79, 91, 92, 93, 94, 95, 96, 97, 98, 99, 111, 112, 113, 114, 115, 116, 117, 118, 119, 131, 132, 133, 134, 135, 136, 137, 138, 139
01395, 11, 12, 13, 14, 15, 16, 17, 18, 19, 31, 32, 33, 34, 35, 36, 37, 38, 39, 51, 52, 53, 54, 55, 56, 57, 58, 59, 71, 72, 73, 74, 75, 76, 77, 78, 79, 91, 92, 93, 94, 95, 96, 97, 98, 99, 111, 112, 113, 114, 115, 116, 117, 118, 119, 131, 132, 133, 134, 135, 136, 137, 138, 139
01396, 11, 12, 13, 14, 15, 16, 17, 18, 19, 31, 32, 33, 34, 35, 36, 37, 38, 39, 51, 52, 53, 54, 55, 56, 57, 58, 59, 71, 72, 73, 74, 75, 76, 77, 78, 79, 91, 92, 93, 94, 95, 96, 97, 98, 99, 111, 112, 113, 114, 115, 116, 117, 118, 119, 131, 132, 133, 134, 135, 136, 137, 138, 139
01397, 11, 12, 13, 14, 15, 16, 17, 18, 19, 31, 32, 33, 34, 35, 36, 37, 38, 39, 51, 52, 53, 54, 55, 56, 57, 58, 59, 71, 72, 73, 74, 75, 76, 77, 78, 79, 91, 92, 93, 94, 95, 96, 97, 98, 99, 111, 112, 113, 114, 115, 116, 117, 118, 119, 131, 132, 133, 134, 135, 136, 137, 138, 139
01398, 11, 12, 13, 14, 15, 16, 17, 18, 19, 31, 32, 33, 34, 35, 36, 37, 38, 39, 51, 52, 53, 54, 55, 56, 57, 58, 59, 71, 72, 73, 74, 75, 76, 77, 78, 79, 91, 92, 93, 94, 95, 96, 97, 98, 99, 111, 112, 113, 114, 115, 116, 117, 118, 119, 131, 132, 133, 134, 135, 136, 137, 138, 139
01399, 11, 12, 13, 14, 15, 16, 17, 18, 19, 31, 32, 33, 34, 35, 36, 37, 38, 39, 51, 52, 53, 54, 55, 56, 57, 58, 59, 71, 72, 73, 74, 75, 76, 77, 78, 79, 91, 92, 93, 94, 95, 96, 97, 98, 99, 111, 112, 113, 114, 115, 116, 117, 118, 119, 131, 132, 133, 134, 135, 136, 137, 138, 139
01400, 11, 12, 13, 14, 15, 16, 17, 18, 19, 31, 32, 33, 34, 35, 36, 37, 38, 39, 51, 52, 53, 54, 55, 56, 57, 58, 59, 71, 72, 73, 74, 75, 76, 77, 78, 79, 91, 92, 93, 94, 95, 96, 97, 98, 99, 111, 112, 113, 114, 115, 116, 117, 118, 119, 131, 132, 133, 134, 135, 136, 137, 138, 139
01401, 11, 12, 13, 14, 15, 16, 17, 18, 19, 31, 32, 33, 34, 35, 36, 37, 38, 39, 51, 52, 53, 54, 55, 56, 57, 58, 59, 71, 72, 73, 74, 75, 76, 77, 78, 79, 91, 92, 93, 94, 95, 96, 97, 98, 99, 111, 112, 113, 114, 115, 116, 117, 118, 119, 131, 132, 133, 134, 135, 136, 137, 138, 139
01402, 11, 12, 13, 14, 15, 16, 17, 18, 19, 31, 32, 33, 34, 35, 36, 37, 38, 39, 51, 52, 53, 54, 55, 56, 57, 58, 59, 71, 72, 73, 74, 75, 76, 77, 78, 79, 91, 92, 93, 94, 95, 96, 97, 98, 99, 111, 112, 113, 114, 115, 116, 117, 118, 119, 131, 132, 133, 134, 135, 136, 137, 138, 139
01403, 11, 12, 13, 14, 15, 16, 17, 18, 19, 31, 32, 33, 34, 35, 36, 37, 38, 39, 51, 52, 53, 54, 55, 56, 57, 58, 59, 71, 72, 73, 74, 75, 76, 77, 78, 79, 91, 92, 93, 94, 95, 96, 97, 98, 99, 111, 112, 113, 114, 115, 116, 117, 118, 119, 131, 132, 133, 134, 135, 136, 137, 138, 139
01404, 11, 12, 13, 14, 15, 16, 17, 18, 19, 31, 32, 33, 34, 35, 36, 37, 38, 39, 51, 52, 53, 54, 55, 56, 57, 58, 59, 71, 72, 73, 74, 75, 76, 77, 78, 79, 91, 92, 93, 94, 95, 96, 97, 98, 99, 111, 112, 113, 114, 115, 116, 117, 118, 119, 131, 132, 133, 134, 135, 136, 137, 138, 139
01405, 11, 12, 13, 14, 15, 16, 17, 18, 19, 31, 32, 33, 34, 35, 36, 37, 38, 39, 51, 52, 53, 54, 55, 56, 57, 58, 59, 71, 72, 73, 74, 75, 76, 77, 78, 79, 91, 92, 93, 94, 95, 96, 97, 98, 99, 111, 112, 113, 114, 115, 116, 117, 118, 119, 131, 132, 133, 134, 135, 136, 137, 138, 139
01406, 11, 12, 13, 14, 15, 16, 17, 18, 19, 31, 32, 33, 34, 35, 36, 37, 38, 39, 51, 52, 53, 54, 55, 56, 57, 58, 59, 71, 72, 73, 74, 75, 76, 77, 78, 79, 91, 92, 93, 94, 95, 96, 97, 98, 99, 111, 112, 113, 114, 115, 116, 117, 118, 119, 131, 132, 133, 134, 135, 136, 137, 138, 139
01407, 11, 12, 13, 14, 15, 16, 17, 18, 19, 31, 32, 33, 34, 35, 36, 37, 38, 39, 51, 52, 53, 54, 55, 56, 57, 58, 59, 71, 72, 73, 74, 75, 76, 77, 78, 79, 91, 92, 93, 94, 95, 96, 97, 98, 99, 111, 112, 113, 114, 115, 116, 117, 118, 119, 131, 132, 133, 134, 135, 136, 137, 138, 139
01408, 11, 12, 13, 14, 15, 16, 17, 18, 19, 31, 32, 33, 34, 35, 36, 37, 38, 39, 51, 52, 53, 54, 55, 56, 57, 58, 59, 71, 72, 73, 74, 75, 76, 77, 78, 79, 91, 92, 93, 94, 95, 96, 97, 98, 99, 111, 112, 113, 114, 115, 116, 117, 118, 119, 131, 132, 133, 134, 135, 136, 137, 138, 139
01409, 10, 11, 12, 13, 14, 15, 16, 17, 18, 30, 31, 32, 33, 34, 35, 36, 37, 38, 50, 51, 52, 53, 54, 55, 56, 57, 58, 70, 71, 72, 73, 74, 75, 76, 77, 78, 90, 91, 92, 93, 94, 95, 96, 97, 98, 110, 111, 112, 113, 114, 115, 116, 117, 118, 130, 131, 132, 133, 134, 135, 136, 137, 138
01410, 10, 11, 12, 13, 14, 15, 16, 17, 18, 30, 31, 32, 33, 34, 35, 36, 37, 38, 50, 51, 52, 53, 54, 55, 56, 57, 58, 70, 71, 72, 73, 74, 75, 76, 77, 78, 90, 91, 92, 93, 94, 95, 96, 97, 98, 110, 111, 112, 113, 114, 115, 116, 117, 118, 130, 131, 132, 133, 134, 135, 136, 137, 138
01411, 10, 11, 12, 13, 14, 15, 16, 17, 18, 30, 31, 32, 33, 34, 35, 36, 37, 38, 50, 51, 52, 53, 54, 55, 56, 57, 58, 70, 71, 72, 73, 74, 75, 76, 77, 78, 90, 91, 92, 93, 94, 95, 96, 97, 98, 110, 111, 112, 113, 114, 115, 116, 117, 118, 130, 131, 132, 133, 134, 135, 136, 137, 138
01412, 10, 11, 12, 13, 14, 15, 16, 17, 18, 30, 31, 32, 33, 34, 35, 36, 37, 38, 50, 51, 52, 53, 54, 55, 56, 57, 58, 70, 71, 72, 73, 74, 75, 76, 77, 78, 90, 91, 92, 93, 94, 95, 96, 97, 98, 110, 111, 112, 113, 114, 115, 116, 117, 118, 130, 131, 132, 133, 134, 135, 136, 137, 138
01413, 10, 11, 12, 13, 14, 15, 16, 17, 18, 30, 31, 32, 33, 34, 35, 36, 37, 38, 50, 51, 52, 53, 54, 55, 56, 57, 58, 70, 71, 72, 73, 74, 75, 76, 77, 78, 90, 91, 92, 93, 94, 95, 96, 97, 98, 110, 111, 112, 113, 114, 115, 116, 117, 118, 130, 131, 132, 133, 134, 135, 136, 137, 138
01414, 10, 11, 12, 13, 14, 15, 16, 17, 18, 30, 31, 32, 33, 34, 35, 36, 37, 38, 50, 51, 52, 53, 54, 55, 56, 57, 58, 70, 71, 72, 73, 74, 75, 76, 77, 78, 90, 91, 92, 93, 94, 95, 96, 97, 98, 110, 111, 112, 113, 114, 115, 116, 117, 118, 130, 131, 132, 133, 134, 135, 136, 137, 138
01415, 10, 11, 12, 13, 14, 15, 16, 17, 18, 30, 31, 32, 33, 34, 35, 36, 37, 38, 50, 51, 52, 53, 54, 55, 56, 57, 58, 70, 71, 72, 73, 74, 75, 76, 77, 78, 90, 91, 92, 93, 94, 95, 96, 97, 98, 110, 111, 112, 113, 114, 115, 116, 117, 118, 130, 131, 132, 133, 134, 135, 136, 137, 138
01416, 10, 11, 12, 13, 14, 15, 16, 17, 18, 30, 31, 32, 33, 34, 35, 36, 37, 38, 50, 51, 52, 53, 54, 55, 56, 57, 58, 70, 71, 72, 73, 74, 75, 76, 77, 78, 90, 91, 92, 93, 94, 95, 96, 97, 98, 110, 111, 112, 113, 114, 115, 116, 117, 118, 130, 131, 132, 133, 134, 135, 136, 137, 138
01417, 10, 11, 12, 13, 14, 15, 16, 17, 18, 30, 31, 32, 33, 34, 35, 36, 37, 38, 50, 51, 52, 53, 54, 55, 56, 57, 58, 70, 71, 72, 73, 74, 75, 76, 77, 78, 90, 91, 92, 93, 94, 95, 96, 97, 98, 110, 111, 112, 113, 114, 115, 116, 117, 118, 130, 131, 132, 133, 134, 135, 136, 137, 138
01418, 10, 11, 12, 13, 14, 15, 16, 17, 18, 30, 31, 32, 33, 34, 35, 36, 37, 38, 50, 51, 52, 53, 54, 55, 56, 57, 58, 70, 71, 72, 73, 74, 75, 76, 77, 78, 90, 91, 92, 93, 94, 95, 96, 97, 98, 110, 111, 112, 113, 114, 115, 116, 117, 118, 130, 131, 132, 133, 134, 135, 136, 137, 138
01419, 10, 11, 12, 13, 14, 15, 16, 17, 18, 30, 31, 32, 33, 34, 35, 36, 37, 38, 50, 51, 52, 53, 54, 55, 56, 57, 58, 70, 71, 72, 73, 74, 75, 76, 77, 78, 90, 91, 92, 93, 94, 95, 96, 97, 98, 110, 111, 112, 113, 114, 115, 116, 117, 118, 130, 131, 132, 133, 134, 135, 136, 137, 138
01420, 10, 11, 12, 13, 14, 15, 16, 17, 18, 30, 31, 32, 33, 34, 35, 36, 37, 38, 50, 51, 52, 53, 54, 55, 56, 57, 58, 70, 71, 72, 73, 74, 75, 76, 77, 78, 90, 91, 92, 93, 94, 95, 96, 97, 98, 110, 111, 112, 113, 114, 115, 116, 117, 118, 130, 131, 132, 133, 134, 135, 136, 137, 138
01421, 10, 11, 12, 13, 14, 15, 16, 17, 18, 30, 31, 32, 33, 34, 35, 36, 37, 38, 50, 51, 52, 53, 54, 55, 56, 57, 58, 70, 71, 72, 73, 74, 75, 76, 77, 78, 90, 91, 92, 93, 94, 95, 96, 97, 98, 110, 111, 112, 113, 114, 115, 116, 117, 118, 130, 131, 132, 133, 134, 135, 136, 137, 138
01422, 10, 11, 12, 13, 14, 15, 16, 17, 18, 30, 31, 32, 33, 34, 35, 36, 37, 38, 50, 51, 52, 53, 54, 55, 56, 57, 58, 70, 71, 72, 73, 74, 75, 76, 77, 78, 90, 91, 92, 93, 94, 95, 96, 97, 98, 110, 111, 112, 113, 114, 115, 116, 117, 118, 130, 131, 132, 133, 134, 135, 136, 137, 138
01423, 10, 11, 12, 13, 14, 15, 16, 17, 18, 30, 31, 32, 33, 34, 35, 36, 37, 38, 50, 51, 52, 53, 54, 55, 56, 57, 58, 70, 71, 72, 73, 74, 75, 76, 77, 78, 90, 91, 92, 93, 94, 95, 96, 97, 98, 110, 111, 112, 113, 114, 115, 116, 117, 118, 130, 131, 132, 133, 134, 135, 136, 137, 138
01424, 10, 11, 12, 13, 14, 15, 16, 17, 18, 30, 31, 32, 33, 34, 35, 36, 37, 38, 50, 51, 52, 53, 54, 55, 56, 57, 58, 70, 71, 72, 73, 74, 75, 76, 77, 78, 90, 91, 92, 93, 94, 95, 96, 97, 98, 110, 111, 112, 113, 114, 115, 116, 117, 118, 130, 131, 132, 133, 134, 135, 136, 137, 138
01425, 10, 11, 12, 13, 14, 15, 16, 17, 18, 30, 31, 32, 33, 34, 35, 36, 37, 38, 50, 51, 52, 53, 54, 55, 56, 57, 58, 70, 71, 72, 73, 74, 75, 76, 77, 78, 90, 91, 92, 93, 94, 95, 96, 97, 98, 110, 111, 112, 113, 114, 115, 116, 117, 118, 130, 131, 132, 133, 134, 135, 136, 137, 138
01426, 10, 11, 12, 13, 14, 15, 16, 17, 18, 30, 31, 32, 33, 34, 35, 36, 37, 38, 50, 51, 52, 53, 54, 55, 56, 57, 58, 70, 71, 72, 73, 74, 75, 76, 77, 78, 90, 91, 92, 93, 94, 95, 96, 97, 98, 110, 111, 112, 113, 114, 115, 116, 117, 118, 130, 131, 132, 133, 134, 135, 136, 137, 138
01427, 10, 11, 12, 13, 14, 15, 16, 17, 18, 30, 31, 32, 33, 34, 35, 36, 37, 38, 50, 51, 52, 53, 54, 55, 56, 57, 58, 70, 71, 72, 73, 74, 75, 76, 77, 78, 90, 91, 92, 93, 94, 95, 96, 97, 98, 110, 111, 112, 113, 114, 115, 116, 117, 118, 130, 131, 132, 133, 134, 135, 136, 137, 138
01428, 10, 11, 12, 13, 14, 15, 16, 17, 18, 30, 31, 32, 33, 34, 35, 36, 37, 38, 50, 51, 52, 53, 54, 55, 56, 57, 58, 70, 71, 72, 73, 74, 75, 76, 77, 78, 90, 91, 92, 93, 94, 95, 96, 97, 98, 110, 111, 112, 113, 114, 115, 116, 117, 118, 130, 131, 132, 133, 134, 135, 136, 137, 138
01429, 10, 11, 12, 13, 14, 15, 16, 17, 18, 30, 31, 32, 33, 34, 35, 36, 37, 38, 50, 51, 52, 53, 54, 55, 56, 57, 58, 70, 71, 72, 73, 74, 75, 76, 77, 78, 90, 91, 92, 93, 94, 95, 96, 97, 98, 110, 111, 112, 113, 114, 115, 116, 117, 118, 130, 131, 132, 133, 134, 135, 136, 137, 138
01430, 10, 11, 12, 13, 14, 15, 16, 17, 18, 30, 31, 32, 33, 34, 35, 36, 37, 38, 50, 51, 52, 53, 54, 55, 56, 57, 58, 70, 71, 72, 73, 74, 75, 76, 77, 78, 90, 91, 92, 93, 94, 95, 96, 97, 98, 110, 111, 112, 113, 114, 115, 116, 117, 118, 130, 131, 132, 133, 134, 135, 136, 137, 138
01431, 9, 10, 11, 12, 13, 14, 15, 16, 17, 29, 30, 31, 32, 33, 34, 35, 36, 37, 49, 50, 51, 52, 53, 54, 55, 56, 57, 69, 70, 71, 72, 73, 74, 75, 76, 77, 89, 90, 91, 92, 93, 94, 95, 96, 97, 109, 110, 111, 112, 113, 114, 115, 116, 117, 129, 130, 131, 132, 133, 134, 135, 136, 137
01432, 9, 10, 11, 12, 13, 14, 15, 16, 17, 29, 30, 31, 32, 33, 34, 35, 36, 37, 49, 50, 51, 52, 53, 54, 55, 56, 57, 69, 70, 71, 72, 73, 74, 75, 76, 77, 89, 90, 91, 92, 93, 94, 95, 96, 97, 109, 110, 111, 112, 113, 114, 115, 116, 117, 129, 130, 131, 132, 133, 134, 135, 136, 137
01433, 9, 10, 11, 12, 13, 14, 15, 16, 17, 29, 30, 31, 32, 33, 34, 35, 36, 37, 49, 50, 51, 52, 53, 54, 55, 56, 57, 69, 70, 71, 72, 73, 74, 75, 76, 77, 89, 90, 91, 92, 93, 94, 95, 96, 97, 109, 110, 111, 112, 113, 114, 115, 116, 117, 129, 130, 131, 132, 133, 134, 135, 136, 137
01434, 9, 10, 11, 12, 13, 14, 15, 16, 17, 29, 30, 31, 32, 33, 34, 35, 36, 37, 49, 50, 51, 52, 53, 54, 55, 56, 57, 69, 70, 71, 72, 73, 74, 75, 76, 77, 89, 90, 91, 92, 93, 94, 95, 96, 97, 109, 110, 111, 112, 113, 114, 115, 116, 117, 129, 130, 131, 132, 133, 134, 135, 136, 137
01435, 9, 10, 11, 12, 13, 14, 15, 16, 17, 29, 30, 31, 32, 33, 34, 35, 36, 37, 49, 50, 51, 52, 53, 54, 55, 56, 57, 69, 70, 71, 72, 73, 74, 75, 76, 77, 89, 90, 91, 92, 93, 94, 95, 96, 97, 109, 110, 111, 112, 113, 114, 115, 116, 117, 129, 130, 131, 132, 133, 134, 135, 136, 137
01436, 9, 10, 11, 12, 13, 14, 15, 16, 17, 29, 30, 31, 32, 33, 34, 35, 36, 37, 49, 50, 51, 52, 53, 54, 55, 56, 57, 69, 70, 71, 72, 73, 74, 75, 76, 77, 89, 90, 91, 92, 93, 94, 95, 96, 97, 109, 110, 111, 112, 113, 114, 115, 116, 117, 129, 130, 131, 132, 133, 134, 135, 136, 137
01437, 9, 10, 11, 12, 13, 14, 15, 16, 17, 29, 30, 31, 32, 33, 34, 35, 36, 37, 49, 50, 51, 52, 53, 54, 55, 56, 57, 69, 70, 71, 72, 73, 74, 75, 76, 77, 89, 90, 91, 92, 93, 94, 95, 96, 97, 109, 110, 111, 112, 113, 114, 115, 116, 117, 129, 130, 131, 132, 133, 134, 135, 136, 137
01438, 9, 10, 11, 12, 13, 14, 15, 16, 17, 29, 30, 31, 32, 33, 34, 35, 36, 37, 49, 50, 51, 52, 53, 54, 55, 56, 57, 69, 70, 71, 72, 73, 74, 75, 76, 77, 89, 90, 91, 92, 93, 94, 95, 96, 97, 109, 110, 111, 112, 113, 114, 115, 116, 117, 129, 130, 131, 132, 133, 134, 135, 136, 137
01439, 9, 10, 11, 12, 13, 14, 15, 16, 17, 29, 30, 31, 32, 33, 34, 35, 36, 37, 49, 50, 51, 52, 53, 54, 55, 56, 57, 69, 70, 71, 72, 73, 74, 75, 76, 77, 89, 90, 91, 92, 93, 94, 95, 96, 97, 109, 110, 111, 112, 113, 114, 115, 116, 117, 129, 130, 131, 132, 133, 134, 135, 136, 137
01440, 9, 10, 11, 12, 13, 14, 15, 16, 17, 29, 30, 31, 32, 33, 34, 35, 36, 37, 49, 50, 51, 52, 53, 54, 55, 56, 57, 69, 70, 71, 72, 73, 74, 75, 76, 77, 89, 90, 91, 92, 93, 94, 95, 96, 97, 109, 110, 111, 112, 113, 114, 115, 116, 117, 129, 130, 131, 132, 133, 134, 135, 136, 137
01441, 9, 10, 11, 12, 13, 14, 15, 16, 17, 29, 30, 31, 32, 33, 34, 35, 36, 37, 49, 50, 51, 52, 53, 54, 55, 56, 57, 69, 70, 71, 72, 73, 74, 75, 76, 77, 89, 90, 91, 92, 93, 94, 95, 96, 97, 109, 110, 111, 112, 113, 114, 115, 116, 117, 129, 130, 131, 132, 133, 134, 135, 136, 137
01442, 9, 10, 11, 12, 13, 14, 15, 16, 17, 29, 30, 31, 32, 33, 34, 35, 36, 37, 49, 50, 51, 52, 53, 54, 55, 56, 57, 69, 70, 71, 72, 73, 74, 75, 76, 77, 89, 90, 91, 92, 93, 94, 95, 96, 97, 109, 110, 111, 112, 113, 114, 115, 116, 117, 129, 130, 131, 132, 133, 134, 135, 136, 137
01443, 9, 10, 11, 12, 13, 14, 15, 16, 17, 29, 30, 31, 32, 33, 34, 35, 36, 37, 49, 50, 51, 52, 53, 54, 55, 56, 57, 69, 70, 71, 72, 73, 74, 75, 76, 77, 89, 90, 91, 92, 93, 94, 95, 96, 97, 109, 110, 111, 112, 113, 114, 115, 116, 117, 129, 130, 131, 132, 133, 134, 135, 136, 137
01444, 9, 10, 11, 12, 13, 14, 15, 16, 17, 29, 30, 31, 32, 33, 34, 35, 36, 37, 49, 50, 51, 52, 53, 54, 55, 56, 57, 69, 70, 71, 72, 73, 74, 75, 76, 77, 89, 90, 91, 92, 93, 94, 95, 96, 97, 109, 110, 111, 112, 113, 114, 115, 116, 117, 129, 130, 131, 132, 133, 134, 135, 136, 137
01445, 9, 10, 11, 12, 13, 14, 15, 16, 17, 29, 30, 31, 32, 33, 34, 35, 36, 37, 49, 50, 51, 52, 53, 54, 55, 56, 57, 69, 70, 71, 72, 73, 74, 75, 76, 77, 89, 90, 91, 92, 93, 94, 95, 96, 97, 109, 110, 111, 112, 113, 114, 115, 116, 117, 129, 130, 131, 132, 133, 134, 135, 136, 137
01446, 9, 10, 11, 12, 13, 14, 15, 16, 17, 29, 30, 31, 32, 33, 34, 35, 36, 37, 49, 50, 51, 52, 53, 54, 55, 56, 57, 69, 70, 71, 72, 73, 74, 75, 76, 77, 89, 90, 91, 92, 93, 94, 95, 96, 97, 109, 110, 111, 112, 113, 114, 115, 116, 117, 129, 130, 131, 132, 133, 134, 135, 136, 137
01447, 9, 10, 11, 12, 13, 14, 15, 16, 17, 29, 30, 31, 32, 33, 34, 35, 36, 37, 49, 50, 51, 52, 53, 54, 55, 56, 57, 69, 70, 71, 72, 73, 74, 75, 76, 77, 89, 90, 91, 92, 93, 94, 95, 96, 97, 109, 110, 111, 112, 113, 114, 115, 116, 117, 129, 130, 131, 132, 133, 134, 135, 136, 137
01448, 9, 10, 11, 12, 13, 14, 15, 16, 17, 29, 30, 31, 32, 33, 34, 35, 36, 37, 49, 50, 51, 52, 53, 54, 55, 56, 57, 69, 70, 71, 72, 73, 74, 75, 76, 77, 89, 90, 91, 92, 93, 94, 95, 96, 97, 109, 110, 111, 112, 113, 114, 115, 116, 117, 129, 130, 131, 132, 133, 134, 135, 136, 137
01449, 8, 9, 10, 11, 12, 13, 14, 15, 16, 28, 29, 30, 31, 32, 33, 34, 35, 36, 48, 49, 50, 51, 52, 53, 54, 55, 56, 68, 69, 70, 71, 72, 73, 74, 75, 76, 88, 89, 90, 91, 92, 93, 94, 95, 96, 108, 109, 110, 111, 112, 113, 114, 115, 116, 128, 129, 130, 131, 132, 133, 134, 135, 136
01450, 8, 9, 10, 11, 12, 13, 14, 15, 16, 28, 29, 30, 31, 32, 33, 34, 35, 36, 48, 49, 50, 51, 52, 53, 54, 55, 56, 68, 69, 70, 71, 72, 73, 74, 75, 76, 88, 89, 90, 91, 92, 93, 94, 95, 96, 108, 109, 110, 111, 112, 113, 114, 115, 116, 128, 129, 130, 131, 132, 133, 134, 135, 136
01451, 8, 9, 10, 11, 12, 13, 14, 15, 16, 28, 29, 30, 31, 32, 33, 34, 35, 36, 48, 49, 50, 51, 52, 53, 54, 55, 56, 68, 69, 70, 71, 72, 73, 74, 75, 76, 88, 89, 90, 91, 92, 93, 94, 95, 96, 108, 109, 110, 111, 112, 113, 114, 115, 116, 128, 129, 130, 131, 132, 133, 134, 135, 136
01452, 8, 9, 10, 11, 12, 13, 14, 15, 16, 28, 29, 30, 31, 32, 33, 34, 35, 36, 48, 49, 50, 51, 52, 53, 54, 55, 56, 68, 69, 70, 71, 72, 73, 74, 75, 76, 88, 89, 90, 91, 92, 93, 94, 95, 96, 108, 109, 110, 111, 112, 113, 114, 115, 116, 128, 129, 130, 131, 132, 133, 134, 135, 136
01453, 8, 9, 10, 11, 12, 13, 14, 15, 16, 28, 29, 30, 31, 32, 33, 34, 35, 36, 48, 49, 50, 51, 52, 53, 54, 55, 56, 68, 69, 70, 71, 72, 73, 74, 75, 76, 88, 89, 90, 91, 92, 93, 94, 95, 96, 108, 109, 110, 111, 112, 113, 114, 115, 116, 128, 129, 130, 131, 132, 133, 134, 135, 136
01454, 8, 9, 10, 11, 12, 13, 14, 15, 16, 28, 29, 30, 31, 32, 33, 34, 35, 36, 48, 49, 50, 51, 52, 53, 54, 55, 56, 68, 69, 70, 71, 72, 73, 74, 75, 76, 88, 89, 90, 91, 92, 93, 94, 95, 96, 108, 109, 110, 111, 112, 113, 114, 115, 116, 128, 129, 130, 131, 132, 133, 134, 135, 136
01455, 8, 9, 10, 11, 12, 13, 14, 15, 16, 28, 29, 30, 31, 32, 33, 34, 35, 36, 48, 49, 50, 51, 52, 53, 54, 55, 56, 68, 69, 70, 71, 72, 73, 74, 75, 76, 88, 89, 90, 91, 92, 93, 94, 95, 96, 108, 109, 110, 111, 112, 113, 114, 115, 116, 128, 129, 130, 131, 132, 133, 134, 135, 136
01456, 8, 9, 10, 11, 12, 13, 14, 15, 16, 28, 29, 30, 31, 32, 33, 34, 35, 36, 48, 49, 50, 51, 52, 53, 54, 55, 56, 68, 69, 70, 71, 72, 73, 74, 75, 76, 88, 89, 90, 91, 92, 93, 94, 95, 96, 108, 109, 110, 111, 112, 113, 114, 115, 116, 128, 129, 130, 131, 132, 133, 134, 135, 136
01457, 8, 9, 10, 11, 12, 13, 14, 15, 16, 28, 29, 30, 31, 32, 33, 34, 35, 36, 48, 49, 50, 51, 52, 53, 54, 55, 56, 68, 69, 70, 71, 72, 73, 74, 75, 76, 88, 89, 90, 91, 92, 93, 94, 95, 96, 108, 109, 110, 111, 112, 113, 114, 115, 116, 128, 129, 130, 131, 132, 133, 134, 135, 136
01458, 8, 9, 10, 11, 12, 13, 14, 15, 16, 28, 29, 30, 31, 32, 33, 34, 35, 36, 48, 49, 50, 51, 52, 53, 54, 55, 56, 68, 69, 70, 71, 72, 73, 74, 75, 76, 88, 89, 90, 91, 92, 93, 94, 95, 96, 108, 109, 110, 111, 112, 113, 114, 115, 116, 128, 129, 130, 131, 132, 133, 134, 135, 136
01459, 8, 9, 10, 11, 12, 13, 14, 15, 16, 28, 29, 30, 31, 32, 33, 34, 35, 36, 48, 49, 50, 51, 52, 53, 54, 55, 56, 68, 69, 70, 71, 72, 73, 74, 75, 76, 88, 89, 90, 91, 92, 93, 94, 95, 96, 108, 109, 110, 111, 112, 113, 114, 115, 116, 128, 129, 130, 131, 132, 133, 134, 135, 136
01460, 8, 9, 10, 11, 12, 13, 14, 15, 16, 28, 29, 30, 31, 32, 33, 34, 35, 36, 48, 49, 50, 51, 52, 53, 54, 55, 56, 68, 69, 70, 71, 72, 73, 74, 75, 76, 88, 89, 90, 91, 92, 93, 94, 95, 96, 108, 109, 110, 111, 112, 113, 114, 115, 116, 128, 129, 130, 131, 132, 133, 134, 135, 136
01461, 8, 9, 10, 11, 12, 13, 14, 15, 16, 28, 29, 30, 31, 32, 33, 34, 35, 36, 48, 49, 50, 51, 52, 53, 54, 55, 56, 68, 69, 70, 71, 72, 73, 74, 75, 76, 88, 89, 90, 91, 92, 93, 94, 95, 96, 108, 109, 110, 111, 112, 113, 114, 115, 116, 128, 129, 130, 131, 132, 133, 134, 135, 136
01462, 8, 9, 10, 11, 12, 13, 14, 15, 16, 28, 29, 30, 31, 32, 33, 34, 35, 36, 48, 49, 50, 51, 52, 53, 54, 55, 56, 68, 69, 70, 71, 72, 73, 74, 75, 76, 88, 89, 90, 91, 92, 93, 94, 95, 96, 108, 109, 110, 111, 112, 113, 114, 115, 116, 128, 129, 130, 131, 132, 133, 134, 135, 136
01463, 8, 9, 10, 11, 12, 13, 14, 15, 16, 28, 29, 30, 31, 32, 33, 34, 35, 36, 48, 49, 50, 51, 52, 53, 54, 55, 56, 68, 69, 70, 71, 72, 73, 74, 75, 76, 88, 89, 90, 91, 92, 93, 94, 95, 96, 108, 109, 110, 111, 112, 113, 114, 115, 116, 128, 129, 130, 131, 132, 133, 134, 135, 136
01464, 8, 9, 10, 11, 12, 13, 14, 15, 16, 28, 29, 30, 31, 32, 33, 34, 35, 36, 48, 49, 50, 51, 52, 53, 54, 55, 56, 68, 69, 70, 71, 72, 73, 74, 75, 76, 88, 89, 90, 91, 92, 93, 94, 95, 96, 108, 109, 110, 111, 112, 113, 114, 115, 116, 128, 129, 130, 131, 132, 133, 134, 135, 136
01465, 8, 9, 10, 11, 12, 13, 14, 15, 16, 28, 29, 30, 31, 32, 33, 34, 35, 36, 48, 49, 50, 51, 52, 53, 54, 55, 56, 68, 69, 70, 71, 72, 73, 74, 75, 76, 88, 89, 90, 91, 92, 93, 94, 95, 96, 108, 109, 110, 111, 112, 113, 114, 115, 116, 128, 129, 130, 131, 132, 133, 134, 135, 136
01466, 7, 8, 9, 10, 11, 12, 13, 14, 15, 27, 28, 29, 30, 31, 32, 33, 34, 35, 47, 48, 49, 50, 51, 52, 53, 54, 55, 67, 68, 69, 70, 71, 72, 73, 74, 75, 87, 88, 89, 90, 91, 92, 93, 94, 95, 107, 108, 109, 110, 111, 112, 113, 114, 115, 127, 128, 129, 130, 131, 132, 133, 134, 135
01467, 7, 8, 9, 10, 11, 12, 13, 14, 15, 27, 28, 29, 30, 31, 32, 33, 34, 35, 47, 48, 49, 50, 51, 52, 53, 54, 55, 67, 68, 69, 70, 71, 72, 73, 74, 75, 87, 88, 89, 90, 91, 92, 93, 94, 95, 107, 108, 109, 110, 111, 112, 113, 114, 115, 127, 128, 129, 130, 131, 132, 133, 134, 135
01468, 7, 8, 9, 10, 11, 12, 13, 14, 15, 27, 28, 29, 30, 31, 32, 33, 34, 35, 47, 48, 49, 50, 51, 52, 53, 54, 55, 67, 68, 69, 70, 71, 72, 73, 74, 75, 87, 88, 89, 90, 91, 92, 93, 94, 95, 107, 108, 109, 110, 111, 112, 113, 114, 115, 127, 128, 129, 130, 131, 132, 133, 134, 135
01469, 7, 8, 9, 10, 11, 12, 13, 14, 15, 27, 28, 29, 30, 31, 32, 33, 34, 35, 47, 48, 49, 50, 51, 52, 53, 54, 55, 67, 68, 69, 70, 71, 72, 73, 74, 75, 87, 88, 89, 90, 91, 92, 93, 94, 95, 107, 108, 109, 110, 111, 112, 113, 114, 115, 127, 128, 129, 130, 131, 132, 133, 134, 135
01470, 7, 8, 9, 10, 11, 12, 13, 14, 15, 27, 28, 29, 30, 31, 32, 33, 34, 35, 47, 48, 49, 50, 51, 52, 53, 54, 55, 67, 68, 69, 70, 71, 72, 73, 74, 75, 87, 88, 89, 90, 91, 92, 93, 94, 95, 107, 108, 109, 110, 111, 112, 113, 114, 115, 127, 128, 129, 130, 131, 132, 133, 134, 135
01471, 7, 8, 9, 10, 11, 12, 13, 14, 15, 27, 28, 29, 30, 31, 32, 33, 34, 35, 47, 48, 49, 50, 51, 52, 53, 54, 55, 67, 68, 69, 70, 71, 72, 73, 74, 75, 87, 88, 89, 90, 91, 92, 93, 94, 95, 107, 108, 109, 110, 111, 112, 113, 114, 115, 127, 128, 129, 130, 131, 132, 133, 134, 135
01472, 7, 8, 9, 10, 11, 12, 13, 14, 15, 27, 28, 29, 30, 31, 32, 33, 34, 35, 47, 48, 49, 50, 51, 52, 53, 54, 55, 67, 68, 69, 70, 71, 72, 73, 74, 75, 87, 88, 89, 90, 91, 92, 93, 94, 95, 107, 108, 109, 110, 111, 112, 113, 114, 115, 127, 128, 129, 130, 131, 132, 133, 134, 135
01473, 7, 8, 9, 10, 11, 12, 13, 14, 15, 27, 28, 29, 30, 31, 32, 33, 34, 35, 47, 48, 49, 50, 51, 52, 53, 54, 55, 67, 68, 69, 70, 71, 72, 73, 74, 75, 87, 88, 89, 90, 91, 92, 93, 94, 95, 107, 108, 109, 110, 111, 112, 113, 114, 115, 127, 128, 129, 130, 131, 132, 133, 134, 135
01474, 7, 8, 9, 10, 11, 12, 13, 14, 15, 27, 28, 29, 30, 31, 32, 33, 34, 35, 47, 48, 49, 50, 51, 52, 53, 54, 55, 67, 68, 69, 70, 71, 72, 73, 74, 75, 87, 88, 89, 90, 91, 92, 93, 94, 95, 107, 108, 109, 110, 111, 112, 113, 114, 115, 127, 128, 129, 130, 131, 132, 133, 134, 135
01475, 7, 8, 9, 10, 11, 12, 13, 14, 15, 27, 28, 29, 30, 31, 32, 33, 34, 35, 47, 48, 49, 50, 51, 52, 53, 54, 55, 67, 68, 69, 70, 71, 72, 73, 74, 75, 87, 88, 89, 90, 91, 92, 93, 94, 95, 107, 108, 109, 110, 111, 112, 113, 114, 115, 127, 128, 129, 130, 131, 132, 133, 134, 135
01476, 7, 8, 9, 10, 11, 12, 13, 14, 15, 27, 28, 29, 30, 31, 32, 33, 34, 35, 47, 48, 49, 50, 51, 52, 53, 54, 55, 67, 68, 69, 70, 71, 72, 73, 74, 75, 87, 88, 89, 90, 91, 92, 93, 94, 95, 107, 108, 109, 110, 111, 112, 113, 114, 115, 127, 128, 129, 130, 131, 132, 133, 134, 135
01477, 7, 8, 9, 10, 11, 12, 13, 14, 15, 27, 28, 29, 30, 31, 32, 33, 34, 35, 47, 48, 49, 50, 51, 52, 53, 54, 55, 67, 68, 69, 70, 71, 72, 73, 74, 75, 87, 88, 89, 90, 91, 92, 93, 94, 95, 107, 108, 109, 110, 111, 112, 113, 114, 115, 127, 128, 129, 130, 131, 132, 133, 134, 135
01478, 7, 8, 9, 10, 11, 12, 13, 14, 15, 27, 28, 29, 30, 31, 32, 33, 34, 35, 47, 48, 49, 50, 51, 52, 53, 54, 55, 67, 68, 69, 70, 71, 72, 73, 74, 75, 87, 88, 89, 90, 91, 92, 93, 94, 95, 107, 108, 109, 110, 111, 112, 113, 114, 115, 127, 128, 129, 130, 131, 132, 133, 134, 135
01479, 7, 8, 9, 10, 11, 12, 13, 14, 15, 27, 28, 29, 30, 31, 32, 33, 34, 35, 47, 48, 49, 50, 51, 52, 53, 54, 55, 67, 68, 69, 70, 71, 72, 73, 74, 75, 87, 88, 89, 90, 91, 92, 93, 94, 95, 107, 108, 109, 110, 111, 112, 113, 114, 115, 127, 128, 129, 130, 131, 132, 133, 134, 135
01480, 7, 8, 9, 10, 11, 12, 13, 14, 15, 27, 28, 29, 30, 31, 32, 33, 34, 35, 47, 48, 49, 50, 51, 52, 53, 54, 55, 67, 68, 69, 70, 71, 72, 73, 74, 75, 87, 88, 89, 90, 91, 92, 93, 94, 95, 107, 108, 109, 110, 111, 112, 113, 114, 115, 127, 128, 129, 130, 131, 132, 133, 134, 135
01481, 6, 7, 8, 9, 10, 11, 12, 13, 14, 26, 27, 28, 29, 30, 31, 32, 33, 34, 46, 47, 48, 49, 50, 51, 52, 53, 54, 66, 67, 68, 69, 70, 71, 72, 73, 74, 86, 87, 88, 89, 90, 91, 92, 93, 94, 106, 107, 108, 109, 110, 111, 112, 113, 114, 126, 127, 128, 129, 130, 131, 132, 133, 134
01482, 6, 7, 8, 9, 10, 11, 12, 13, 14, 26, 27, 28, 29, 30, 31, 32, 33, 34, 46, 47, 48, 49, 50, 51, 52, 53, 54, 66, 67, 68, 69, 70, 71, 72, 73, 74, 86, 87, 88, 89, 90, 91, 92, 93, 94, 106, 107, 108, 109, 110, 111, 112, 113, 114, 126, 127, 128, 129, 130, 131, 132, 133, 134
01483, 6, 7, 8, 9, 10, 11, 12, 13, 14, 26, 27, 28, 29, 30, 31, 32, 33, 34, 46, 47, 48, 49, 50, 51, 52, 53, 54, 66, 67, 68, 69, 70, 71, 72, 73, 74, 86, 87, 88, 89, 90, 91, 92, 93, 94, 106, 107, 108, 109, 110, 111, 112, 113, 114, 126, 127, 128, 129, 130, 131, 132, 133, 134
01484, 6, 7, 8, 9, 10, 11, 12, 13, 14, 26, 27, 28, 29, 30, 31, 32, 33, 34, 46, 47, 48, 49, 50, 51, 52, 53, 54, 66, 67, 68, 69, 70, 71, 72, 73, 74, 86, 87, 88, 89, 90, 91, 92, 93, 94, 106, 107, 108, 109, 110, 111, 112, 113, 114, 126, 127, 128, 129, 130, 131, 132, 133, 134
01485, 6, 7, 8, 9, 10, 11, 12, 13, 14, 26, 27, 28, 29, 30, 31, 32, 33, 34, 46, 47, 48, 49, 50, 51, 52, 53, 54, 66, 67, 68, 69, 70, 71, 72, 73, 74, 86, 87, 88, 89, 90, 91, 92, 93, 94, 106, 107, 108, 109, 110, 111, 112, 113, 114, 126, 127, 128, 129, 130, 131, 132, 133, 134
01486, 6, 7, 8, 9, 10, 11, 12, 13, 14, 26, 27, 28, 29, 30, 31, 32, 33, 34, 46, 47, 48, 49, 50, 51, 52, 53, 54, 66, 67, 68, 69, 70, 71, 72, 73, 74, 86, 87, 88, 89, 90, 91, 92, 93, 94, 106, 107, 108, 109, 110, 111, 112, 113, 114, 126, 127, 128, 129, 130, 131, 132, 133, 134
01487, 6, 7, 8, 9, 10, 11, 12, 13, 14, 26, 27, 28, 29, 30, 31, 32, 33, 34, 46, 47, 48, 49, 50, 51, 52, 53, 54, 66, 67, 68, 69, 70, 71, 72, 73, 74, 86, 87, 88, 89, 90, 91, 92, 93, 94, 106, 107, 108, 109, 110, 111, 112, 113, 114, 126, 127, 128, 129, 130, 131, 132, 133, 134
01488, 6, 7, 8, 9, 10, 11, 12, 13, 14, 26, 27, 28, 29, 30, 31, 32, 33, 34, 46, 47, 48, 49, 50, 51, 52, 53, 54, 66, 67, 68, 69, 70, 71, 72, 73, 74, 86, 87, 88, 89, 90, 91, 92, 93, 94, 106, 107, 108, 109, 110, 111, 112, 113, 114, 126, 127, 128, 129, 130, 131, 132, 133, 134
01489, 6, 7, 8, 9, 10, 11, 12, 13, 14, 26, 27, 28, 29, 30, 31, 32, 33, 34, 46, 47, 48, 49, 50, 51, 52, 53, 54, 66, 67, 68, 69, 70, 71, 72, 73, 74, 86, 87, 88, 89, 90, 91, 92, 93, 94, 106, 107, 108, 109, 110, 111, 112, 113, 114, 126, 127, 128, 129, 130, 131, 132, 133, 134
01490, 6, 7, 8, 9, 10, 11, 12, 13, 14, 26, 27, 28, 29, 30, 31, 32, 33, 34, 46, 47, 48, 49, 50, 51, 52, 53, 54, 66, 67, 68, 69, 70, 71, 72, 73, 74, 86, 87, 88, 89, 90, 91, 92, 93, 94, 106, 107, 108, 109, 110, 111, 112, 113, 114, 126, 127, 128, 129, 130, 131, 132, 133, 134
01491, 6, 7, 8, 9, 10, 11, 12, 13, 14, 26, 27, 28, 29, 30, 31, 32, 33, 34, 46, 47, 48, 49, 50, 51, 52, 53, 54, 66, 67, 68, 69, 70, 71, 72, 73, 74, 86, 87, 88, 89, 90, 91, 92, 93, 94, 106, 107, 108, 109, 110, 111, 112, 113, 114, 126, 127, 128, 129, 130, 131, 132, 133, 134
01492, 6, 7, 8, 9, 10, 11, 12, 13, 14, 26, 27, 28, 29, 30, 31, 32, 33, 34, 46, 47, 48, 49, 50, 51, 52, 53, 54, 66, 67, 68, 69, 70, 71, 72, 73, 74, 86, 87, 88, 89, 90, 91, 92, 93, 94, 106, 107, 108, 109, 110, 111, 112, 113, 114, 126, 127, 128, 129, 130, 131, 132, 133, 134
01493, 6, 7, 8, 9, 10, 11, 12, 13, 14, 26, 27, 28, 29, 30, 31, 32, 33, 34, 46, 47, 48, 49, 50, 51, 52, 53, 54, 66, 67, 68, 69, 70, 71, 72, 73, 74, 86, 87, 88, 89, 90, 91, 92, 93, 94, 106, 107, 108, 109, 110, 111, 112, 113, 114, 126, 127, 128, 129, 130, 131, 132, 133, 134
01494, 6, 7, 8, 9, 10, 11, 12, 13, 14, 26, 27, 28, 29, 30, 31, 32, 33, 34, 46, 47, 48, 49, 50, 51, 52, 53, 54, 66, 67, 68, 69, 70, 71, 72, 73, 74, 86, 87, 88, 89, 90, 91, 92, 93, 94, 106, 107, 108, 109, 110, 111, 112, 113, 114, 126, 127, 128, 129, 130, 131, 132, 133, 134
01495, 5, 6, 7, 8, 9, 10, 11, 12, 13, 25, 26, 27, 28, 29, 30, 31, 32, 33, 45, 46, 47, 48, 49, 50, 51, 52, 53, 65, 66, 67, 68, 69, 70, 71, 72, 73, 85, 86, 87, 88, 89, 90, 91, 92, 93, 105, 106, 107, 108, 109, 110, 111, 112, 113, 125, 126, 127, 128, 129, 130, 131, 132, 133
01496, 5, 6, 7, 8, 9, 10, 11, 12, 13, 25, 26, 27, 28, 29, 30, 31, 32, 33, 45, 46, 47, 48, 49, 50, 51, 52, 53, 65, 66, 67, 68, 69, 70, 71, 72, 73, 85, 86, 87, 88, 89, 90, 91, 92, 93, 105, 106, 107, 108, 109, 110, 111, 112, 113, 125, 126, 127, 128, 129, 130, 131, 132, 133
01497, 5, 6, 7, 8, 9, 10, 11, 12, 13, 25, 26, 27, 28, 29, 30, 31, 32, 33, 45, 46, 47, 48, 49, 50, 51, 52, 53, 65, 66, 67, 68, 69, 70, 71, 72, 73, 85, 86, 87, 88, 89, 90, 91, 92, 93, 105, 106, 107, 108, 109, 110, 111, 112, 113, 125, 126, 127, 128, 129, 130, 131, 132, 133
01498, 5, 6, 7, 8, 9, 10, 11, 12, 13, 25, 26, 27, 28, 29, 30, 31, 32, 33, 45, 46, 47, 48, 49, 50, 51, 52, 53, 65, 66, 67, 68, 69, 70, 71, 72, 73, 85, 86, 87, 88, 89, 90, 91, 92, 93, 105, 106, 107, 108, 109, 110, 111, 112, 113, 125, 126, 127, 128, 129, 130, 131, 132, 133
01499, 5, 6, 7, 8, 9, 10, 11, 12, 13, 25, 26, 27, 28, 29, 30, 31, 32, 33, 45, 46, 47, 48, 49, 50, 51, 52, 53, 65, 66, 67, 68, 69, 70, 71, 72, 73, 85, 86, 87, 88, 89, 90, 91, 92, 93, 105, 106, 107, 108, 109, 110, 111, 112, 113, 125, 126, 127, 128, 129, 130, 131, 132, 133
01500, 5, 6, 7, 8, 9, 10, 11, 12, 13, 25, 26, 27, 28, 29, 30, 31, 32, 33, 45, 46, 47, 48, 49, 50, 51, 52, 53, 65, 66, 67, 68, 69, 70, 71, 72, 73, 85, 86, 87, 88, 89, 90, 91, 92, 93, 105, 106, 107, 108, 109, 110, 111, 112, 113, 125, 126, 127, 128, 129, 130, 131, 132, 133
01501, 5, 6, 7, 8, 9, 10, 11, 12, 13, 25, 26, 27, 28, 29, 30, 31, 32, 33, 45, 46, 47, 48, 49, 50, 51, 52, 53, 65, 66, 67, 68, 69, 70, 71, 72, 73, 85, 86, 87, 88, 89, 90, 91, 92, 93, 105, 106, 107, 108, 109, 110, 111, 112, 113, 125, 126, 127, 128, 129, 130, 131, 132, 133
01502, 5, 6, 7, 8, 9, 10, 11, 12, 13, 25, 26, 27, 28, 29, 30, 31, 32, 33, 45, 46, 47, 48, 49, 50, 51, 52, 53, 65, 66, 67, 68, 69, 70, 71, 72, 73, 85, 86, 87, 88, 89, 90, 91, 92, 93, 105, 106, 107, 108, 109, 110, 111, 112, 113, 125, 126, 127, 128, 129, 130, 131, 132, 133
01503, 5, 6, 7, 8, 9, 10, 11, 12, 13, 25, 26, 27, 28, 29, 30, 31, 32, 33, 45, 46, 47, 48, 49, 50, 51, 52, 53, 65, 66, 67, 68, 69, 70, 71, 72, 73, 85, 86, 87, 88, 89, 90, 91, 92, 93, 105, 106, 107, 108, 109, 110, 111, 112, 113, 125, 126, 127, 128, 129, 130, 131, 132, 133
01504, 5, 6, 7, 8, 9, 10, 11, 12, 13, 25, 26, 27, 28, 29, 30, 31, 32, 33, 45, 46, 47, 48, 49, 50, 51, 52, 53, 65, 66, 67, 68, 69, 70, 71, 72, 73, 85, 86, 87, 88, 89, 90, 91, 92, 93, 105, 106, 107, 108, 109, 110, 111, 112, 113, 125, 126, 127, 128, 129, 130, 131, 132, 133
01505, 5, 6, 7, 8, 9, 10, 11, 12, 13, 25, 26, 27, 28, 29, 30, 31, 32, 33, 45, 46, 47, 48, 49, 50, 51, 52, 53, 65, 66, 67, 68, 69, 70, 71, 72, 73, 85, 86, 87, 88, 89, 90, 91, 92, 93, 105, 106, 107, 108, 109, 110, 111, 112, 113, 125, 126, 127, 128, 129, 130, 131, 132, 133
01506, 5, 6, 7, 8, 9, 10, 11, 12, 13, 25, 26, 27, 28, 29, 30, 31, 32, 33, 45, 46, 47, 48, 49, 50, 51, 52, 53, 65, 66, 67, 68, 69, 70, 71, 72, 73, 85, 86, 87, 88, 89, 90, 91, 92, 93, 105, 106, 107, 108, 109, 110, 111, 112, 113, 125, 126, 127, 128, 129, 130, 131, 132, 133
01507, 5, 6, 7, 8, 9, 10, 11, 12, 13, 25, 26, 27, 28, 29, 30, 31, 32, 33, 45, 46, 47, 48, 49, 50, 51, 52, 53, 65, 66, 67, 68, 69, 70, 71, 72, 73, 85, 86, 87, 88, 89, 90, 91, 92, 93, 105, 106, 107, 108, 109, 110, 111, 112, 113, 125, 126, 127, 128, 129, 130, 131, 132, 133
01508, 5, 6, 7, 8, 9, 10, 11, 12, 13, 25, 26, 27, 28, 29, 30, 31, 32, 33, 45, 46, 47, 48, 49, 50, 51, 52, 53, 65, 66, 67, 68, 69, 70, 71, 72, 73, 85, 86, 87, 88, 89, 90, 91, 92, 93, 105, 106, 107, 108, 109, 110, 111, 112, 113, 125, 126, 127, 128, 129, 130, 131, 132, 133
01509, 5, 6, 7, 8, 9, 10, 11, 12, 13, 25, 26, 27, 28, 29, 30, 31, 32, 33, 45, 46, 47, 48, 49, 50, 51, 52, 53, 65, 66, 67, 68, 69, 70, 71, 72, 73, 85, 86, 87, 88, 89, 90, 91, 92, 93, 105, 106, 107, 108, 109, 110, 111, 112, 113, 125, 126, 127, 128, 129, 130, 131, 132, 133
01510, 4, 5, 6, 7, 8, 9, 10, 11, 12, 24, 25, 26, 27, 28, 29, 30, 31, 32, 44, 45, 46, 47, 48, 49, 50, 51, 52, 64, 65, 66, 67, 68, 69, 70, 71, 72, 84, 85, 86, 87, 88, 89, 90, 91, 92, 104, 105, 106, 107, 108, 109, 110, 111, 112, 124, 125, 126, 127, 128, 129, 130, 131, 132
01511, 4, 5, 6, 7, 8, 9, 10, 11, 12, 24, 25, 26, 27, 28, 29, 30, 31, 32, 44, 45, 46, 47, 48, 49, 50, 51, 52, 64, 65, 66, 67, 68, 69, 70, 71, 72, 84, 85, 86, 87, 88, 89, 90, 91, 92, 104, 105, 106, 107, 108, 109, 110, 111, 112, 124, 125, 126, 127, 128, 129, 130, 131, 132
01512, 4, 5, 6, 7, 8, 9, 10, 11, 12, 24, 25, 26, 27, 28, 29, 30, 31, 32, 44, 45, 46, 47, 48, 49, 50, 51, 52, 64, 65, 66, 67, 68, 69, 70, 71, 72, 84, 85, 86, 87, 88, 89, 90, 91, 92, 104, 105, 106, 107, 108, 109, 110, 111, 112, 124, 125, 126, 127, 128, 129, 130, 131, 132
01513, 4, 5, 6, 7, 8, 9, 10, 11, 12, 24, 25, 26, 27, 28, 29, 30, 31, 32, 44, 45, 46, 47, 48, 49, 50, 51, 52, 64, 65, 66, 67, 68, 69, 70, 71, 72, 84, 85, 86, 87, 88, 89, 90, 91, 92, 104, 105, 106, 107, 108, 109, 110, 111, 112, 124, 125, 126, 127, 128, 129, 130, 131, 132
01514, 4, 5, 6, 7, 8, 9, 10, 11, 12, 24, 25, 26, 27, 28, 29, 30, 31, 32, 44, 45, 46, 47, 48, 49, 50, 51, 52, 64, 65, 66, 67, 68, 69, 70, 71, 72, 84, 85, 86, 87, 88, 89, 90, 91, 92, 104, 105, 106, 107, 108, 109, 110, 111, 112, 124, 125, 126, 127, 128, 129, 130, 131, 132
01515, 4, 5, 6, 7, 8, 9, 10, 11, 12, 24, 25, 26, 27, 28, 29, 30, 31, 32, 44, 45, 46, 47, 48, 49, 50, 51, 52, 64, 65, 66, 67, 68, 69, 70, 71, 72, 84, 85, 86, 87, 88, 89, 90, 91, 92, 104, 105, 106, 107, 108, 109, 110, 111, 112, 124, 125, 126, 127, 128, 129, 130, 131, 132
01516, 4, 5, 6, 7, 8, 9, 10, 11, 12, 24, 25, 26, 27, 28, 29, 30, 31, 32, 44, 45, 46, 47, 48, 49, 50, 51, 52, 64, 65, 66, 67, 68, 69, 70, 71, 72, 84, 85, 86, 87, 88, 89, 90, 91, 92, 104, 105, 106, 107, 108, 109, 110, 111, 112, 124, 125, 126, 127, 128, 129, 130, 131, 132
01517, 4, 5, 6, 7, 8, 9, 10, 11, 12, 24, 25, 26, 27, 28, 29, 30, 31, 32, 44, 45, 46, 47, 48, 49, 50, 51, 52, 64, 65, 66, 67, 68, 69, 70, 71, 72, 84, 85, 86, 87, 88, 89, 90, 91, 92, 104, 105, 106, 107, 108, 109, 110, 111, 112, 124, 125, 126, 127, 128, 129, 130, 131, 132
01518, 4, 5, 6, 7, 8, 9, 10, 11, 12, 24, 25, 26, 27, 28, 29, 30, 31, 32, 44, 45, 46, 47, 48, 49, 50, 51, 52, 64, 65, 66, 67, 68, 69, 70, 71, 72, 84, 85, 86, 87, 88, 89, 90, 91, 92, 104, 105, 106, 107, 108, 109, 110, 111, 112, 124, 125, 126, 127, 128, 129, 130, 131, 132
01519, 4, 5, 6, 7, 8, 9, 10, 11, 12, 24, 25, 26, 27, 28, 29, 30, 31, 32, 44, 45, 46, 47, 48, 49, 50, 51, 52, 64, 65, 66, 67, 68, 69, 70, 71, 72, 84, 85, 86, 87, 88, 89, 90, 91, 92, 104, 105, 106, 107, 108, 109, 110, 111, 112, 124, 125, 126, 127, 128, 129, 130, 131, 132
01520, 4, 5, 6, 7, 8, 9, 10, 11, 12, 24, 25, 26, 27, 28, 29, 30, 31, 32, 44, 45, 46, 47, 48, 49, 50, 51, 52, 64, 65, 66, 67, 68, 69, 70, 71, 72, 84, 85, 86, 87, 88, 89, 90, 91, 92, 104, 105, 106, 107, 108, 109, 110, 111, 112, 124, 125, 126, 127, 128, 129, 130, 131, 132
01521, 4, 5, 6, 7, 8, 9, 10, 11, 12, 24, 25, 26, 27, 28, 29, 30, 31, 32, 44, 45, 46, 47, 48, 49, 50, 51, 52, 64, 65, 66, 67, 68, 69, 70, 71, 72, 84, 85, 86, 87, 88, 89, 90, 91, 92, 104, 105, 106, 107, 108, 109, 110, 111, 112, 124, 125, 126, 127, 128, 129, 130, 131, 132
01522, 4, 5, 6, 7, 8, 9, 10, 11, 12, 24, 25, 26, 27, 28, 29, 30, 31, 32, 44, 45, 46, 47, 48, 49, 50, 51, 52, 64, 65, 66, 67, 68, 69, 70, 71, 72, 84, 85, 86, 87, 88, 89, 90, 91, 92, 104, 105, 106, 107, 108, 109, 110, 111, 112, 124, 125, 126, 127, 128, 129, 130, 131, 132
01523, 4, 5, 6, 7, 8, 9, 10, 11, 12, 24, 25, 26, 27, 28, 29, 30, 31, 32, 44, 45, 46, 47, 48, 49, 50, 51, 52, 64, 65, 66, 67, 68, 69, 70, 71, 72, 84, 85, 86, 87, 88, 89, 90, 91, 92, 104, 105, 106, 107, 108, 109, 110, 111, 112, 124, 125, 126, 127, 128, 129, 130, 131, 132
01524, 3, 4, 5, 6, 7, 8, 9, 10, 11, 23, 24, 25, 26, 27, 28, 29, 30, 31, 43, 44, 45, 46, 47, 48, 49, 50, 51, 63, 64, 65, 66, 67, 68, 69, 70, 71, 83, 84, 85, 86, 87, 88, 89, 90, 91, 103, 104, 105, 106, 107, 108, 109, 110, 111, 123, 124, 125, 126, 127, 128, 129, 130, 131
01525, 3, 4, 5, 6, 7, 8, 9, 10, 11, 23, 24, 25, 26, 27, 28, 29, 30, 31, 43, 44, 45, 46, 47, 48, 49, 50, 51, 63, 64, 65, 66, 67, 68, 69, 70, 71, 83, 84, 85, 86, 87, 88, 89, 90, 91, 103, 104, 105, 106, 107, 108, 109, 110, 111, 123, 124, 125, 126, 127, 128, 129, 130, 131
01526, 3, 4, 5, 6, 7, 8, 9, 10, 11, 23, 24, 25, 26, 27, 28, 29, 30, 31, 43, 44, 45, 46, 47, 48, 49, 50, 51, 63, 64, 65, 66, 67, 68, 69, 70, 71, 83, 84, 85, 86, 87, 88, 89, 90, 91, 103, 104, 105, 106, 107, 108, 109, 110, 111, 123, 124, 125, 126, 127, 128, 129, 130, 131
01527, 3, 4, 5, 6, 7, 8, 9, 10, 11, 23, 24, 25, 26, 27, 28, 29, 30, 31, 43, 44, 45, 46, 47, 48, 49, 50, 51, 63, 64, 65, 66, 67, 68, 69, 70, 71, 83, 84, 85, 86, 87, 88, 89, 90, 91, 103, 104, 105, 106, 107, 108, 109, 110, 111, 123, 124, 125, 126, 127, 128, 129, 130, 131
01528, 3, 4, 5, 6, 7, 8, 9, 10, 11, 23, 24, 25, 26, 27, 28, 29, 30, 31, 43, 44, 45, 46, 47, 48, 49, 50, 51, 63, 64, 65, 66, 67, 68, 69, 70, 71, 83, 84, 85, 86, 87, 88, 89, 90, 91, 103, 104, 105, 106, 107, 108, 109, 110, 111, 123, 124, 125, 126, 127, 128, 129, 130, 131
01529, 3, 4, 5, 6, 7, 8, 9, 10, 11, 23, 24, 25, 26, 27, 28, 29, 30, 31, 43, 44, 45, 46, 47, 48, 49, 50, 51, 63, 64, 65, 66, 67, 68, 69, 70, 71, 83, 84, 85, 86, 87, 88, 89, 90, 91, 103, 104, 105, 106, 107, 108, 109, 110, 111, 123, 124, 125, 126, 127, 128, 129, 130, 131
01530, 3, 4, 5, 6, 7, 8, 9, 10, 11, 23, 24, 25, 26, 27, 28, 29, 30, 31, 43, 44, 45, 46, 47, 48, 49, 50, 51, 63, 64, 65, 66, 67, 68, 69, 70, 71, 83, 84, 85, 86, 87, 88, 89, 90, 91, 103, 104, 105, 106, 107, 108, 109, 110, 111, 123, 124, 125, 126, 127, 128, 129, 130, 131
01531, 3, 4, 5, 6, 7, 8, 9, 10, 11, 23, 24, 25, 26, 27, 28, 29, 30, 31, 43, 44, 45, 46, 47, 48, 49, 50, 51, 63, 64, 65, 66, 67, 68, 69, 70, 71, 83, 84, 85, 86, 87, 88, 89, 90, 91, 103, 104, 105, 106, 107, 108, 109, 110, 111, 123, 124, 125, 126, 127, 128, 129, 130, 131
01532, 3, 4, 5, 6, 7, 8, 9, 10, 11, 23, 24, 25, 26, 27, 28, 29, 30, 31, 43, 44, 45, 46, 47, 48, 49, 50, 51, 63, 64, 65, 66, 67, 68, 69, 70, 71, 83, 84, 85, 86, 87, 88, 89, 90, 91, 103, 104, 105, 106, 107, 108, 109, 110, 111, 123, 124, 125, 126, 127, 128, 129, 130, 131
01533, 3, 4, 5, 6, 7, 8, 9, 10, 11, 23, 24, 25, 26, 27, 28, 29, 30, 31, 43, 44, 45, 46, 47, 48, 49, 50, 51, 63, 64, 65, 66, 67, 68, 69, 70, 71, 83, 84, 85, 86, 87, 88, 89, 90, 91, 103, 104, 105, 106, 107, 108, 109, 110, 111, 123, 124, 125, 126, 127, 128, 129, 130, 131
01534, 3, 4, 5, 6, 7, 8, 9, 10, 11, 23, 24, 25, 26, 27, 28, 29, 30, 31, 43, 44, 45, 46, 47, 48, 49, 50, 51, 63, 64, 65, 66, 67, 68, 69, 70, 71, 83, 84, 85, 86, 87, 88, 89, 90, 91, 103, 104, 105, 106, 107, 108, 109, 110, 111, 123, 124, 125, 126, 127, 128, 129, 130, 131
01535, 3, 4, 5, 6, 7, 8, 9, 10, 11, 23, 24, 25, 26, 27, 28, 29, 30, 31, 43, 44, 45, 46, 47, 48, 49, 50, 51, 63, 64, 65, 66, 67, 68, 69, 70, 71, 83, 84, 85, 86, 87, 88, 89, 90, 91, 103, 104, 105, 106, 107, 108, 109, 110, 111, 123, 124, 125, 126, 127, 128, 129, 130, 131
01536, 3, 4, 5, 6, 7, 8, 9, 10, 11, 23, 24, 25, 26, 27, 28, 29, 30, 31, 43, 44, 45, 46, 47, 48, 49, 50, 51, 63, 64, 65, 66, 67, 68, 69, 70, 71, 83, 84, 85, 86, 87, 88, 89, 90, 91, 103, 104, 105, 106, 107, 108, 109, 110, 111, 123, 124, 125, 126, 127, 128, 129, 130, 131
01537, 3, 4, 5, 6, 7, 8, 9, 10, 11, 23, 24, 25, 26, 27, 28, 29, 30, 31, 43, 44, 45, 46, 47, 48, 49, 50, 51, 63, 64, 65, 66, 67, 68, 69, 70, 71, 83, 84, 85, 86, 87, 88, 89, 90, 91, 103, 104, 105, 106, 107, 108, 109, 110, 111, 123, 124, 125, 126, 127, 128, 129, 130, 131
01538, 3, 4, 5, 6, 7, 8, 9, 10, 11, 23, 24, 25, 26, 27, 28, 29, 30, 31, 43, 44, 45, 46, 47, 48, 49, 50, 51, 63, 64, 65, 66, 67, 68, 69, 70, 71, 83, 84, 85, 86, 87, 88, 89, 90, 91, 103, 104, 105, 106, 107, 108, 109, 110, 111, 123, 124, 125, 126, 127, 128, 129, 130, 131
01539, 2, 3, 4, 5, 6, 7, 8, 9, 10, 22, 23, 24, 25, 26, 27, 28, 29, 30, 42, 43, 44, 45, 46, 47, 48, 49, 50, 62, 63, 64, 65, 66, 67, 68, 69, 70, 82, 83, 84, 85, 86, 87, 88, 89, 90, 102, 103, 104, 105, 106, 107, 108, 109, 110, 122, 123, 124, 125, 126, 127, 128, 129, 130
01540, 2, 3, 4, 5, 6, 7, 8, 9, 10, 22, 23, 24, 25, 26, 27, 28, 29, 30, 42, 43, 44, 45, 46, 47, 48, 49, 50, 62, 63, 64, 65, 66, 67, 68, 69, 70, 82, 83, 84, 85, 86, 87, 88, 89, 90, 102, 103, 104, 105, 106, 107, 108, 109, 110, 122, 123, 124, 125, 126, 127, 128, 129, 130
01541, 2, 3, 4, 5, 6, 7, 8, 9, 10, 22, 23, 24, 25, 26, 27, 28, 29, 30, 42, 43, 44, 45, 46, 47, 48, 49, 50, 62, 63, 64, 65, 66, 67, 68, 69, 70, 82, 83, 84, 85, 86, 87, 88, 89, 90, 102, 103, 104, 105, 106, 107, 108, 109, 110, 122, 123, 124, 125, 126, 127, 128, 129, 130
01542, 2, 3, 4, 5, 6, 7, 8, 9, 10, 22, 23, 24, 25, 26, 27, 28, 29, 30, 42, 43, 44, 45, 46, 47, 48, 49, 50, 62, 63, 64, 65, 66, 67, 68, 69, 70, 82, 83, 84, 85, 86, 87, 88, 89, 90, 102, 103, 104, 105, 106, 107, 108, 109, 110, 122, 123, 124, 125, 126, 127, 128, 129, 130
01543, 2, 3, 4, 5, 6, 7, 8, 9, 10, 22, 23, 24, 25, 26, 27, 28, 29, 30, 42, 43, 44, 45, 46, 47, 48, 49, 50, 62, 63, 64, 65, 66, 67, 68, 69, 70, 82, 83, 84, 85, 86, 87, 88, 89, 90, 102, 103, 104, 105, 106, 107, 108, 109, 110, 122, 123, 124, 125, 126, 127, 128, 129, 130
01544, 2, 3, 4, 5, 6, 7, 8, 9, 10, 22, 23, 24, 25, 26, 27, 28, 29, 30, 42, 43, 44, 45, 46, 47, 48, 49, 50, 62, 63, 64, 65, 66, 67, 68, 69, 70, 82, 83, 84, 85, 86, 87, 88, 89, 90, 102, 103, 104, 105, 106, 107, 108, 109, 110, 122, 123, 124, 125, 126, 127, 128, 129, 130
01545, 2, 3, 4, 5, 6, 7, 8, 9, 10, 22, 23, 24, 25, 26, 27, 28, 29, 30, 42, 43, 44, 45, 46, 47, 48, 49, 50, 62, 63, 64, 65, 66, 67, 68, 69, 70, 82, 83, 84, 85, 86, 87, 88, 89, 90, 102, 103, 104, 105, 106, 107, 108, 109, 110, 122, 123, 124, 125, 126, 127, 128, 129, 130
01546, 2, 3, 4, 5, 6, 7, 8, 9, 10, 22, 23, 24, 25, 26, 27, 28, 29, 30, 42, 43, 44, 45, 46, 47, 48, 49, 50, 62, 63, 64, 65, 66, 67, 68, 69, 70, 82, 83, 84, 85, 86, 87, 88, 89, 90, 102, 103, 104, 105, 106, 107, 108, 109, 110, 122, 123, 124, 125, 126, 127, 128, 129, 130
01547, 2, 3, 4, 5, 6, 7, 8, 9, 10, 22, 23, 24, 25, 26, 27, 28, 29, 30, 42, 43, 44, 45, 46, 47, 48, 49, 50, 62, 63, 64, 65, 66, 67, 68, 69, 70, 82, 83, 84, 85, 86, 87, 88, 89, 90, 102, 103, 104, 105, 106, 107, 108, 109, 110, 122, 123, 124, 125, 126, 127, 128, 129, 130
01548, 2, 3, 4, 5, 6, 7, 8, 9, 10, 22, 23, 24, 25, 26, 27, 28, 29, 30, 42, 43, 44, 45, 46, 47, 48, 49, 50, 62, 63, 64, 65, 66, 67, 68, 69, 70, 82, 83, 84, 85, 86, 87, 88, 89, 90, 102, 103, 104, 105, 106, 107, 108, 109, 110, 122, 123, 124, 125, 126, 127, 128, 129, 130
01549, 2, 3, 4, 5, 6, 7, 8, 9, 10, 22, 23, 24, 25, 26, 27, 28, 29, 30, 42, 43, 44, 45, 46, 47, 48, 49, 50, 62, 63, 64, 65, 66, 67, 68, 69, 70, 82, 83, 84, 85, 86, 87, 88, 89, 90, 102, 103, 104, 105, 106, 107, 108, 109, 110, 122, 123, 124, 125, 126, 127, 128, 129, 130
01550, 2, 3, 4, 5, 6, 7, 8, 9, 10, 22, 23, 24, 25, 26, 27, 28, 29, 30, 42, 43, 44, 45, 46, 47, 48, 49, 50, 62, 63, 64, 65, 66, 67, 68, 69, 70, 82, 83, 84, 85, 86, 87, 88, 89, 90, 102, 103, 104, 105, 106, 107, 108, 109, 110, 122, 123, 124, 125, 126, 127, 128, 129, 130
01551, 2, 3, 4, 5, 6, 7, 8, 9, 10, 22, 23, 24, 25, 26, 27, 28, 29, 30, 42, 43, 44, 45, 46, 47, 48, 49, 50, 62, 63, 64, 65, 66, 67, 68, 69, 70, 82, 83, 84, 85, 86, 87, 88, 89, 90, 102, 103, 104, 105, 106, 107, 108, 109, 110, 122, 123, 124, 125, 126, 127, 128, 129, 130
01552, 2, 3, 4, 5, 6, 7, 8, 9, 10, 22, 23, 24, 25, 26, 27, 28, 29, 30, 42, 43, 44, 45, 46, 47, 48, 49, 50, 62, 63, 64, 65, 66, 67, 68, 69, 70, 82, 83, 84, 85, 86, 87, 88, 89, 90, 102, 103, 104, 105, 106, 107, 108, 109, 110, 122, 123, 124, 125, 126, 127, 128, 129, 130
01553, 2, 3, 4, 5, 6, 7, 8, 9, 10, 22, 23, 24, 25, 26, 27, 28, 29, 30, 42, 43, 44, 45, 46, 47, 48, 49, 50, 62, 63, 64, 65, 66, 67, 68, 69, 70, 82, 83, 84, 85, 86, 87, 88, 89, 90, 102, 103, 104, 105, 106, 107, 108, 109, 110, 122, 123, 124, 125, 126, 127, 128, 129, 130
01554, 2, 3, 4, 5, 6, 7, 8, 9, 10, 22, 23, 24, 25, 26, 27, 28, 29, 30, 42, 43, 44, 45, 46, 47, 48, 49, 50, 62, 63, 64, 65, 66, 67, 68, 69, 70, 82, 83, 84, 85, 86, 87, 88, 89, 90, 102, 103, 104, 105, 106, 107, 108, 109, 110, 122, 123, 124, 125, 126, 127, 128, 129, 130
01555, 1, 2, 3, 4, 5, 6, 7, 8, 9, 21, 22, 23, 24, 25, 26, 27, 28, 29, 41, 42, 43, 44, 45, 46, 47, 48, 49, 61, 62, 63, 64, 65, 66, 67, 68, 69, 81, 82, 83, 84, 85, 86, 87, 88, 89, 101, 102, 103, 104, 105, 106, 107, 108, 109, 121, 122, 123, 124, 125, 126, 127, 128, 129, 141, 142, 143, 144, 145, 146, 147, 148, 149
01556, 1, 2, 3, 4, 5, 6, 7, 8, 9, 21, 22, 23, 24, 25, 26, 27, 28, 29, 41, 42, 43, 44, 45, 46, 47, 48, 49, 61, 62, 63, 64, 65, 66, 67, 68, 69, 81, 82, 83, 84, 85, 86, 87, 88, 89, 101, 102, 103, 104, 105, 106, 107, 108, 109, 121, 122, 123, 124, 125, 126, 127, 128, 129, 141, 142, 143, 144, 145, 146, 147, 148, 149
01557, 1, 2, 3, 4, 5, 6, 7, 8, 9, 21, 22, 23, 24, 25, 26, 27, 28, 29, 41, 42, 43, 44, 45, 46, 47, 48, 49, 61, 62, 63, 64, 65, 66, 67, 68, 69, 81, 82, 83, 84, 85, 86, 87, 88, 89, 101, 102, 103, 104, 105, 106, 107, 108, 109, 121, 122, 123, 124, 125, 126, 127, 128, 129, 141, 142, 143, 144, 145, 146, 147, 148, 149
01558, 1, 2, 3, 4, 5, 6, 7, 8, 9, 21, 22, 23, 24, 25, 26, 27, 28, 29, 41, 42, 43, 44, 45, 46, 47, 48, 49, 61, 62, 63, 64, 65, 66, 67, 68, 69, 81, 82, 83, 84, 85, 86, 87, 88, 89, 101, 102, 103, 104, 105, 106, 107, 108, 109, 121, 122, 123, 124, 125, 126, 127, 128, 129, 141, 142, 143, 144, 145, 146, 147, 148, 149
01559, 1, 2, 3, 4, 5, 6, 7, 8, 9, 21, 22, 23, 24, 25, 26, 27, 28, 29, 41, 42, 43, 44, 45, 46, 47, 48, 49, 61, 62, 63, 64, 65, 66, 67, 68, 69, 81, 82, 83, 84, 85, 86, 87, 88, 89, 101, 102, 103, 104, 105, 106, 107, 108, 109, 121, 122, 123, 124, 125, 126, 127, 128, 129, 141, 142, 143, 144, 145, 146, 147, 148, 149
01560, 1, 2, 3, 4, 5, 6, 7, 8, 9, 21, 22, 23, 24, 25, 26, 27, 28, 29, 41, 42, 43, 44, 45, 46, 47, 48, 49, 61, 62, 63, 64, 65, 66, 67, 68, 69, 81, 82, 83, 84, 85, 86, 87, 88, 89, 101, 102, 103, 104, 105, 106, 107, 108, 109, 121, 122, 123, 124, 125, 126, 127, 128, 129, 141, 142, 143, 144, 145, 146, 147, 148, 149
01561, 1, 2, 3, 4, 5, 6, 7, 8, 9, 21, 22, 23, 24, 25, 26, 27, 28, 29, 41, 42, 43, 44, 45, 46, 47, 48, 49, 61, 62, 63, 64, 65, 66, 67, 68, 69, 81, 82, 83, 84, 85, 86, 87, 88, 89, 101, 102, 103, 104, 105, 106, 107, 108, 109, 121, 122, 123, 124, 125, 126, 127, 128, 129, 141, 142, 143, 144, 145, 146, 147, 148, 149
01562, 1, 2, 3, 4, 5, 6, 7, 8, 9, 21, 22, 23, 24, 25, 26, 27, 28, 29, 41, 42, 43, 44, 45, 46, 47, 48, 49, 61, 62, 63, 64, 65, 66, 67, 68, 69, 81, 82, 83, 84, 85, 86, 87, 88, 89, 101, 102, 103, 104, 105, 106, 107, 108, 109, 121, 122, 123, 124, 125, 126, 127, 128, 129, 141, 142, 143, 144, 145, 146, 147, 148, 149
01563, 1, 2, 3, 4, 5, 6, 7, 8, 9, 21, 22, 23, 24, 25, 26, 27, 28, 29, 41, 42, 43, 44, 45, 46, 47, 48, 49, 61, 62, 63, 64, 65, 66, 67, 68, 69, 81, 82, 83, 84, 85, 86, 87, 88, 89, 101, 102, 103, 104, 105, 106, 107, 108, 109, 121, 122, 123, 124, 125, 126, 127, 128, 129, 141, 142, 143, 144, 145, 146, 147, 148, 149
01564, 1, 2, 3, 4, 5, 6, 7, 8, 9, 21, 22, 23, 24, 25, 26, 27, 28, 29, 41, 42, 43, 44, 45, 46, 47, 48, 49, 61, 62, 63, 64, 65, 66, 67, 68, 69, 81, 82, 83, 84, 85, 86, 87, 88, 89, 101, 102, 103, 104, 105, 106, 107, 108, 109, 121, 122, 123, 124, 125, 126, 127, 128, 129, 141, 142, 143, 144, 145, 146, 147, 148, 149
01565, 1, 2, 3, 4, 5, 6, 7, 8, 9, 21, 22, 23, 24, 25, 26, 27, 28, 29, 41, 42, 43, 44, 45, 46, 47, 48, 49, 61, 62, 63, 64, 65, 66, 67, 68, 69, 81, 82, 83, 84, 85, 86, 87, 88, 89, 101, 102, 103, 104, 105, 106, 107, 108, 109, 121, 122, 123, 124, 125, 126, 127, 128, 129, 141, 142, 143, 144, 145, 146, 147, 148, 149
01566, 1, 2, 3, 4, 5, 6, 7, 8, 9, 21, 22, 23, 24, 25, 26, 27, 28, 29, 41, 42, 43, 44, 45, 46, 47, 48, 49, 61, 62, 63, 64, 65, 66, 67, 68, 69, 81, 82, 83, 84, 85, 86, 87, 88, 89, 101, 102, 103, 104, 105, 106, 107, 108, 109, 121, 122, 123, 124, 125, 126, 127, 128, 129, 141, 142, 143, 144, 145, 146, 147, 148, 149
01567, 1, 2, 3, 4, 5, 6, 7, 8, 9, 21, 22, 23, 24, 25, 26, 27, 28, 29, 41, 42, 43, 44, 45, 46, 47, 48, 49, 61, 62, 63, 64, 65, 66, 67, 68, 69, 81, 82, 83, 84, 85, 86, 87, 88, 89, 101, 102, 103, 104, 105, 106, 107, 108, 109, 121, 122, 123, 124, 125, 126, 127, 128, 129, 141, 142, 143, 144, 145, 146, 147, 148, 149
01568, 1, 2, 3, 4, 5, 6, 7, 8, 9, 21, 22, 23, 24, 25, 26, 27, 28, 29, 41, 42, 43, 44, 45, 46, 47, 48, 49, 61, 62, 63, 64, 65, 66, 67, 68, 69, 81, 82, 83, 84, 85, 86, 87, 88, 89, 101, 102, 103, 104, 105, 106, 107, 108, 109, 121, 122, 123, 124, 125, 126, 127, 128, 129, 141, 142, 143, 144, 145, 146, 147, 148, 149
01569, 1, 2, 3, 4, 5, 6, 7, 8, 9, 21, 22, 23, 24, 25, 26, 27, 28, 29, 41, 42, 43, 44, 45, 46, 47, 48, 49, 61, 62, 63, 64, 65, 66, 67, 68, 69, 81, 82, 83, 84, 85, 86, 87, 88, 89, 101, 102, 103, 104, 105, 106, 107, 108, 109, 121, 122, 123, 124, 125, 126, 127, 128, 129, 141, 142, 143, 144, 145, 146, 147, 148, 149
01570, 1, 2, 3, 4, 5, 6, 7, 8, 9, 21, 22, 23, 24, 25, 26, 27, 28, 29, 41, 42, 43, 44, 45, 46, 47, 48, 49, 61, 62, 63, 64, 65, 66, 67, 68, 69, 81, 82, 83, 84, 85, 86, 87, 88, 89, 101, 102, 103, 104, 105, 106, 107, 108, 109, 121, 122, 123, 124, 125, 126, 127, 128, 129, 141, 142, 143, 144, 145, 146, 147, 148, 149
01571, 1, 2, 3, 4, 5, 6, 7, 8, 9, 21, 22, 23, 24, 25, 26, 27, 28, 29, 41, 42, 43, 44, 45, 46, 47, 48, 49, 61, 62, 63, 64, 65, 66, 67, 68, 69, 81, 82, 83, 84, 85, 86, 87, 88, 89, 101, 102, 103, 104, 105, 106, 107, 108, 109, 121, 122, 123, 124, 125, 126, 127, 128, 129, 141, 142, 143, 144, 145, 146, 147, 148, 149
01572, 1, 2, 3, 4, 5, 6, 7, 8, 9, 21, 22, 23, 24, 25, 26, 27, 28, 29, 41, 42, 43, 44, 45, 46, 47, 48, 49, 61, 62, 63, 64, 65, 66, 67, 68, 69, 81, 82, 83, 84, 85, 86, 87, 88, 89, 101, 102, 103, 104, 105, 106, 107, 108, 109, 121, 122, 123, 124, 125, 126, 127, 128, 129, 141, 142, 143, 144, 145, 146, 147, 148, 149
01573, 0, 1, 2, 3, 4, 5, 6, 7, 8, 20, 21, 22, 23, 24, 25, 26, 27, 28, 40, 41, 42, 43, 44, 45, 46, 47, 48, 60, 61, 62, 63, 64, 65, 66, 67, 68, 80, 81, 82, 83, 84, 85, 86, 87, 88, 100, 101, 102, 103, 104, 105, 106, 107, 108, 120, 121, 122, 123, 124, 125, 126, 127, 128, 140, 141, 142, 143, 144, 145, 146, 147, 148
01574, 0, 1, 2, 3, 4, 5, 6, 7, 8, 20, 21, 22, 23, 24, 25, 26, 27, 28, 40, 41, 42, 43, 44, 45, 46, 47, 48, 60, 61, 62, 63, 64, 65, 66, 67, 68, 80, 81, 82, 83, 84, 85, 86, 87, 88, 100, 101, 102, 103, 104, 105, 106, 107, 108, 120, 121, 122, 123, 124, 125, 126, 127, 128, 140, 141, 142, 143, 144, 145, 146, 147, 148
01575, 0, 1, 2, 3, 4, 5, 6, 7, 8, 20, 21, 22, 23, 24, 25, 26, 27, 28, 40, 41, 42, 43, 44, 45, 46, 47, 48, 60, 61, 62, 63, 64, 65, 66, 67, 68, 80, 81, 82, 83, 84, 85, 86, 87, 88, 100, 101, 102, 103, 104, 105, 106, 107, 108, 120, 121, 122, 123, 124, 125, 126, 127, 128, 140, 141, 142, 143, 144, 145, 146, 147, 148
01576, 0, 1, 2, 3, 4, 5, 6, 7, 8, 20, 21, 22, 23, 24, 25, 26, 27, 28, 40, 41, 42, 43, 44, 45, 46, 47, 48, 60, 61, 62, 63, 64, 65, 66, 67, 68, 80, 81, 82, 83, 84, 85, 86, 87, 88, 100, 101, 102, 103, 104, 105, 106, 107, 108, 120, 121, 122, 123, 124, 125, 126, 127, 128, 140, 141, 142, 143, 144, 145, 146, 147, 148
01577, 0, 1, 2, 3, 4, 5, 6, 7, 8, 20, 21, 22, 23, 24, 25, 26, 27, 28, 40, 41, 42, 43, 44, 45, 46, 47, 48, 60, 61, 62, 63, 64, 65, 66, 67, 68, 80, 81, 82, 83, 84, 85, 86, 87, 88, 100, 101, 102, 103, 104, 105, 106, 107, 108, 120, 121, 122, 123, 124, 125, 126, 127, 128, 140, 141, 142, 143, 144, 145, 146, 147, 148
01578, 0, 1, 2, 3, 4, 5, 6, 7, 8, 20, 21, 22, 23, 24, 25, 26, 27, 28, 40, 41, 42, 43, 44, 45, 46, 47, 48, 60, 61, 62, 63, 64, 65, 66, 67, 68, 80, 81, 82, 83, 84, 85, 86, 87, 88, 100, 101, 102, 103, 104, 105, 106, 107, 108, 120, 121, 122, 123, 124, 125, 126, 127, 128, 140, 141, 142, 143, 144, 145, 146, 147, 148
01579, 0, 1, 2, 3, 4, 5, 6, 7, 8, 20, 21, 22, 23, 24, 25, 26, 27, 28, 40, 41, 42, 43, 44, 45, 46, 47, 48, 60, 61, 62, 63, 64, 65, 66, 67, 68, 80, 81, 82, 83, 84, 85, 86, 87, 88, 100, 101, 102, 103, 104, 105, 106, 107, 108, 120, 121, 122, 123, 124, 125, 126, 127, 128, 140, 141, 142, 143, 144, 145, 146, 147, 148
01580, 0, 1, 2, 3, 4, 5, 6, 7, 8, 20, 21, 22, 23, 24, 25, 26, 27, 28, 40, 41, 42, 43, 44, 45, 46, 47, 48, 60, 61, 62, 63, 64, 65, 66, 67, 68, 80, 81, 82, 83, 84, 85, 86, 87, 88, 100, 101, 102, 103, 104, 105, 106, 107, 108, 120, 121, 122, 123, 124, 125, 126, 127, 128, 140, 141, 142, 143, 144, 145, 146, 147, 148
01581, 0, 1, 2, 3, 4, 5, 6, 7, 8, 20, 21, 22, 23, 24, 25, 26, 27, 28, 40, 41, 42, 43, 44, 45, 46, 47, 48, 60, 61, 62, 63, 64, 65, 66, 67, 68, 80, 81, 82, 83, 84, 85, 86, 87, 88, 100, 101, 102, 103, 104, 105, 106, 107, 108, 120, 121, 122, 123, 124, 125, 126, 127, 128, 140, 141, 142, 143, 144, 145, 146, 147, 148
01582, 0, 1, 2, 3, 4, 5, 6, 7, 8, 20, 21, 22, 23, 24, 25, 26, 27, 28, 40, 41, 42, 43, 44, 45, 46, 47, 48, 60, 61, 62, 63, 64, 65, 66, 67, 68, 80, 81, 82, 83, 84, 85, 86, 87, 88, 100, 101, 102, 103, 104, 105, 106, 107, 108, 120, 121, 122, 123, 124, 125, 126, 127, 128, 140, 141, 142, 143, 144, 145, 146, 147, 148
01583, 0, 1, 2, 3, 4, 5, 6, 7, 8, 20, 21, 22, 23, 24, 25, 26, 27, 28, 40, 41, 42, 43, 44, 45, 46, 47, 48, 60, 61, 62, 63, 64, 65, 66, 67, 68, 80, 81, 82, 83, 84, 85, 86, 87, 88, 100, 101, 102, 103, 104, 105, 106, 107, 108, 120, 121, 122, 123, 124, 125, 126, 127, 128, 140, 141, 142, 143, 144, 145, 146, 147, 148
01584, 0, 1, 2, 3, 4, 5, 6, 7, 8, 20, 21, 22, 23, 24, 25, 26, 27, 28, 40, 41, 42, 43, 44, 45, 46, 47, 48, 60, 61, 62, 63, 64, 65, 66, 67, 68, 80, 81, 82, 83, 84, 85, 86, 87, 88, 100, 101, 102, 103, 104, 105, 106, 107, 108, 120, 121, 122, 123, 124, 125, 126, 127, 128, 140, 141, 142, 143, 144, 145, 146, 147, 148
01585, 0, 1, 2, 3, 4, 5, 6, 7, 8, 20, 21, 22, 23, 24, 25, 26, 27, 28, 40, 41, 42, 43, 44, 45, 46, 47, 48, 60, 61, 62, 63, 64, 65, 66, 67, 68, 80, 81, 82, 83, 84, 85, 86, 87, 88, 100, 101, 102, 103, 104, 105, 106, 107, 108, 120, 121, 122, 123, 124, 125, 126, 127, 128, 140, 141, 142, 143, 144, 145, 146, 147, 148
01586, 0, 1, 2, 3, 4, 5, 6, 7, 8, 20, 21, 22, 23, 24, 25, 26, 27, 28, 40, 41, 42, 43, 44, 45, 46, 47, 48, 60, 61, 62, 63, 64, 65, 66, 67, 68, 80, 81, 82, 83, 84, 85, 86, 87, 88, 100, 101, 102, 103, 104, 105, 106, 107, 108, 120, 121, 122, 123, 124, 125, 126, 127, 128, 140, 141, 142, 143, 144, 145, 146, 147, 148
01587, 0, 1, 2, 3, 4, 5, 6, 7, 8, 20, 21, 22, 23, 24, 25, 26, 27, 28, 40, 41, 42, 43, 44, 45, 46, 47, 48, 60, 61, 62, 63, 64, 65, 66, 67, 68, 80, 81, 82, 83, 84, 85, 86, 87, 88, 100, 101, 102, 103, 104, 105, 106, 107, 108, 120, 121, 122, 123, 124, 125, 126, 127, 128, 140, 141, 142, 143, 144, 145, 146, 147, 148
01588, 0, 1, 2, 3, 4, 5, 6, 7, 8, 20, 21, 22, 23, 24, 25, 26, 27, 28, 40, 41, 42, 43, 44, 45, 46, 47, 48, 60, 61, 62, 63, 64, 65, 66, 67, 68, 80, 81, 82, 83, 84, 85, 86, 87, 88, 100, 101, 102, 103, 104, 105, 106, 107, 108, 120, 121, 122, 123, 124, 125, 126, 127, 128, 140, 141, 142, 143, 144, 145, 146, 147, 148
01589, 0, 1, 2, 3, 4, 5, 6, 7, 8, 20, 21, 22, 23, 24, 25, 26, 27, 28, 40, 41, 42, 43, 44, 45, 46, 47, 48, 60, 61, 62, 63, 64, 65, 66, 67, 68, 80, 81, 82, 83, 84, 85, 86, 87, 88, 100, 101, 102, 103, 104, 105, 106, 107, 108, 120, 121, 122, 123, 124, 125, 126, 127, 128, 140, 141, 142, 143, 144, 145, 146, 147, 148
01590, 0, 1, 2, 3, 4, 5, 6, 7, 8, 20, 21, 22, 23, 24, 25, 26, 27, 28, 40, 41, 42, 43, 44, 45, 46, 47, 48, 60, 61, 62, 63, 64, 65, 66, 67, 68, 80, 81, 82, 83, 84, 85, 86, 87, 88, 100, 101, 102, 103, 104, 105, 106, 107, 108, 120, 121, 122, 123, 124, 125, 126, 127, 128, 140, 141, 142, 143, 144, 145, 146, 147, 148
01591, 0, 1, 2, 3, 4, 5, 6, 7, 8, 20, 21, 22, 23, 24, 25, 26, 27, 28, 40, 41, 42, 43, 44, 45, 46, 47, 48, 60, 61, 62, 63, 64, 65, 66, 67, 68, 80, 81, 82, 83, 84, 85, 86, 87, 88, 100, 101, 102, 103, 104, 105, 106, 107, 108, 120, 121, 122, 123, 124, 125, 126, 127, 128, 140, 141, 142, 143, 144, 145, 146, 147, 148
01592, 0, 1, 2, 3, 4, 5, 6, 7, 8, 20, 21, 22, 23, 24, 25, 26, 27, 28, 40, 41, 42, 43, 44, 45, 46, 47, 48, 60, 61, 62, 63, 64, 65, 66, 67, 68, 80, 81, 82, 83, 84, 85, 86, 87, 88, 100, 101, 102, 103, 104, 105, 106, 107, 108, 120, 121, 122, 123, 124, 125, 126, 127, 128, 140, 141, 142, 143, 144, 145, 146, 147, 148
01593, 0, 1, 2, 3, 4, 5, 6, 7, 8, 20, 21, 22, 23, 24, 25, 26, 27, 28, 40, 41, 42, 43, 44, 45, 46, 47, 48, 60, 61, 62, 63, 64, 65, 66, 67, 68, 80, 81, 82, 83, 84, 85, 86, 87, 88, 100, 101, 102, 103, 104, 105, 106, 107, 108, 120, 121, 122, 123, 124, 125, 126, 127, 128, 140, 141, 142, 143, 144, 145, 146, 147, 148
01594, 0, 1, 2, 3, 4, 5, 6, 7, 8, 20, 21, 22, 23, 24, 25, 26, 27, 28, 40, 41, 42, 43, 44, 45, 46, 47, 48, 60, 61, 62, 63, 64, 65, 66, 67, 68, 80, 81, 82, 83, 84, 85, 86, 87, 88, 100, 101, 102, 103, 104, 105, 106, 107, 108, 120, 121, 122, 123, 124, 125, 126, 127, 128, 140, 141, 142, 143, 144, 145, 146, 147, 148
01595, 0, 1, 2, 3, 4, 5, 6, 7, 20, 21, 22, 23, 24, 25, 26, 27, 40, 41, 42, 43, 44, 45, 46, 47, 60, 61, 62, 63, 64, 65, 66, 67, 80, 81, 82, 83, 84, 85, 86, 87, 100, 101, 102, 103, 104, 105, 106, 107, 120, 121, 122, 123, 124, 125, 126, 127, 140, 141, 142, 143, 144, 145, 146, 147
01596, 0, 1, 2, 3, 4, 5, 6, 7, 20, 21, 22, 23, 24, 25, 26, 27, 40, 41, 42, 43, 44, 45, 46, 47, 60, 61, 62, 63, 64, 65, 66, 67, 80, 81, 82, 83, 84, 85, 86, 87, 100, 101, 102, 103, 104, 105, 106, 107, 120, 121, 122, 123, 124, 125, 126, 127, 140, 141, 142, 143, 144, 145, 146, 147
01597, 0, 1, 2, 3, 4, 5, 6, 7, 20, 21, 22, 23, 24, 25, 26, 27, 40, 41, 42, 43, 44, 45, 46, 47, 60, 61, 62, 63, 64, 65, 66, 67, 80, 81, 82, 83, 84, 85, 86, 87, 100, 101, 102, 103, 104, 105, 106, 107, 120, 121, 122, 123, 124, 125, 126, 127, 140, 141, 142, 143, 144, 145, 146, 147
01598, 0, 1, 2, 3, 4, 5, 6, 7, 20, 21, 22, 23, 24, 25, 26, 27, 40, 41, 42, 43, 44, 45, 46, 47, 60, 61, 62, 63, 64, 65, 66, 67, 80, 81, 82, 83, 84, 85, 86, 87, 100, 101, 102, 103, 104, 105, 106, 107, 120, 121, 122, 123, 124, 125, 126, 127, 140, 141, 142, 143, 144, 145, 146, 147
01599, 0, 1, 2, 3, 4, 5, 6, 7, 20, 21, 22, 23, 24, 25, 26, 27, 40, 41, 42, 43, 44, 45, 46, 47, 60, 61, 62, 63, 64, 65, 66, 67, 80, 81, 82, 83, 84, 85, 86, 87, 100, 101, 102, 103, 104, 105, 106, 107, 120, 121, 122, 123, 124, 125, 126, 127, 140, 141, 142, 143, 144, 145, 146, 147
01600, 0, 1, 2, 3, 4, 5, 6, 7, 20, 21, 22, 23, 24, 25, 26, 27, 40, 41, 42, 43, 44, 45, 46, 47, 60, 61, 62, 63, 64, 65, 66, 67, 80, 81, 82, 83, 84, 85, 86, 87, 100, 101, 102, 103, 104, 105, 106, 107, 120, 121, 122, 123, 124, 125, 126, 127, 140, 141, 142, 143, 144, 145, 146, 147
01601, 0, 1, 2, 3, 4, 5, 6, 7, 20, 21, 22, 23, 24, 25, 26, 27, 40, 41, 42, 43, 44, 45, 46, 47, 60, 61, 62, 63, 64, 65, 66, 67, 80, 81, 82, 83, 84, 85, 86, 87, 100, 101, 102, 103, 104, 105, 106, 107, 120, 121, 122, 123, 124, 125, 126, 127, 140, 141, 142, 143, 144, 145, 146, 147
01602, 0, 1, 2, 3, 4, 5, 6, 7, 20, 21, 22, 23, 24, 25, 26, 27, 40, 41, 42, 43, 44, 45, 46, 47, 60, 61, 62, 63, 64, 65, 66, 67, 80, 81, 82, 83, 84, 85, 86, 87, 100, 101, 102, 103, 104, 105, 106, 107, 120, 121, 122, 123, 124, 125, 126, 127, 140, 141, 142, 143, 144, 145, 146, 147
01603, 0, 1, 2, 3, 4, 5, 6, 7, 20, 21, 22, 23, 24, 25, 26, 27, 40, 41, 42, 43, 44, 45, 46, 47, 60, 61, 62, 63, 64, 65, 66, 67, 80, 81, 82, 83, 84, 85, 86, 87, 100, 101, 102, 103, 104, 105, 106, 107, 120, 121, 122, 123, 124, 125, 126, 127, 140, 141, 142, 143, 144, 145, 146, 147
01604, 0, 1, 2, 3, 4, 5, 6, 7, 20, 21, 22, 23, 24, 25, 26, 27, 40, 41, 42, 43, 44, 45, 46, 47, 60, 61, 62, 63, 64, 65, 66, 67, 80, 81, 82, 83, 84, 85, 86, 87, 100, 101, 102, 103, 104, 105, 106, 107, 120, 121, 122, 123, 124, 125, 126, 127, 140, 141, 142, 143, 144, 145, 146, 147
01605, 0, 1, 2, 3, 4, 5, 6, 7, 20, 21, 22, 23, 24, 25, 26, 27, 40, 41, 42, 43, 44, 45, 46, 47, 60, 61, 62, 63, 64, 65, 66, 67, 80, 81, 82, 83, 84, 85, 86, 87, 100, 101, 102, 103, 104, 105, 106, 107, 120, 121, 122, 123, 124, 125, 126, 127, 140, 141, 142, 143, 144, 145, 146, 147
01606, 0, 1, 2, 3, 4, 5, 6, 7, 20, 21, 22, 23, 24, 25, 26, 27, 40, 41, 42, 43, 44, 45, 46, 47, 60, 61, 62, 63, 64, 65, 66, 67, 80, 81, 82, 83, 84, 85, 86, 87, 100, 101, 102, 103, 104, 105, 106, 107, 120, 121, 122, 123, 124, 125, 126, 127, 140, 141, 142, 143, 144, 145, 146, 147
01607, 0, 1, 2, 3, 4, 5, 6, 7, 20, 21, 22, 23, 24, 25, 26, 27, 40, 41, 42, 43, 44, 45, 46, 47, 60, 61, 62, 63, 64, 65, 66, 67, 80, 81, 82, 83, 84, 85, 86, 87, 100, 101, 102, 103, 104, 105, 106, 107, 120, 121, 122, 123, 124, 125, 126, 127, 140, 141, 142, 143, 144, 145, 146, 147
01608, 0, 1, 2, 3, 4, 5, 6, 7, 20, 21, 22, 23, 24, 25, 26, 27, 40, 41, 42, 43, 44, 45, 46, 47, 60, 61, 62, 63, 64, 65, 66, 67, 80, 81, 82, 83, 84, 85, 86, 87, 100, 101, 102, 103, 104, 105, 106, 107, 120, 121, 122, 123, 124, 125, 126, 127, 140, 141, 142, 143, 144, 145, 146, 147
01609, 0, 1, 2, 3, 4, 5, 6, 7, 20, 21, 22, 23, 24, 25, 26, 27, 40, 41, 42, 43, 44, 45, 46, 47, 60, 61, 62, 63, 64, 65, 66, 67, 80, 81, 82, 83, 84, 85, 86, 87, 100, 101, 102, 103, 104, 105, 106, 107, 120, 121, 122, 123, 124, 125, 126, 127, 140, 141, 142, 143, 144, 145, 146, 147
01610, 0, 1, 2, 3, 4, 5, 6, 7, 20, 21, 22, 23, 24, 25, 26, 27, 40, 41, 42, 43, 44, 45, 46, 47, 60, 61, 62, 63, 64, 65, 66, 67, 80, 81, 82, 83, 84, 85, 86, 87, 100, 101, 102, 103, 104, 105, 106, 107, 120, 121, 122, 123, 124, 125, 126, 127, 140, 141, 142, 143, 144, 145, 146, 147
01611, 0, 1, 2, 3, 4, 5, 6, 7, 20, 21, 22, 23, 24, 25, 26, 27, 40, 41, 42, 43, 44, 45, 46, 47, 60, 61, 62, 63, 64, 65, 66, 67, 80, 81, 82, 83, 84, 85, 86, 87, 100, 101, 102, 103, 104, 105, 106, 107, 120, 121, 122, 123, 124, 125, 126, 127, 140, 141, 142, 143, 144, 145, 146, 147
01612, 0, 1, 2, 3, 4, 5, 6, 7, 20, 21, 22, 23, 24, 25, 26, 27, 40, 41, 42, 43, 44, 45, 46, 47, 60, 61, 62, 63, 64, 65, 66, 67, 80, 81, 82, 83, 84, 85, 86, 87, 100, 101, 102, 103, 104, 105, 106, 107, 120, 121, 122, 123, 124, 125, 126, 127, 140, 141, 142, 143, 144, 145, 146, 147
01613, 0, 1, 2, 3, 4, 5, 6, 7, 20, 21, 22, 23, 24, 25, 26, 27, 40, 41, 42, 43, 44, 45, 46, 47, 60, 61, 62, 63, 64, 65, 66, 67, 80, 81, 82, 83, 84, 85, 86, 87, 100, 101, 102, 103, 104, 105, 106, 107, 120, 121, 122, 123, 124, 125, 126, 127, 140, 141, 142, 143, 144, 145, 146, 147
01614, 0, 1, 2, 3, 4, 5, 6, 7, 20, 21, 22, 23, 24, 25, 26, 27, 40, 41, 42, 43, 44, 45, 46, 47, 60, 61, 62, 63, 64, 65, 66, 67, 80, 81, 82, 83, 84, 85, 86, 87, 100, 101, 102, 103, 104, 105, 106, 107, 120, 121, 122, 123, 124, 125, 126, 127, 140, 141, 142, 143, 144, 145, 146, 147
01615, 0, 1, 2, 3, 4, 5, 6, 7, 20, 21, 22, 23, 24, 25, 26, 27, 40, 41, 42, 43, 44, 45, 46, 47, 60, 61, 62, 63, 64, 65, 66, 67, 80, 81, 82, 83, 84, 85, 86, 87, 100, 101, 102, 103, 104, 105, 106, 107, 120, 121, 122, 123, 124, 125, 126, 127, 140, 141, 142, 143, 144, 145, 146, 147
01616, 0, 1, 2, 3, 4, 5, 6, 7, 20, 21, 22, 23, 24, 25, 26, 27, 40, 41, 42, 43, 44, 45, 46, 47, 60, 61, 62, 63, 64, 65, 66, 67, 80, 81, 82, 83, 84, 85, 86, 87, 100, 101, 102, 103, 104, 105, 106, 107, 120, 121, 122, 123, 124, 125, 126, 127, 140, 141, 142, 143, 144, 145, 146, 147
01617, 0, 1, 2, 3, 4, 5, 6, 7, 20, 21, 22, 23, 24, 25, 26, 27, 40, 41, 42, 43, 44, 45, 46, 47, 60, 61, 62, 63, 64, 65, 66, 67, 80, 81, 82, 83, 84, 85, 86, 87, 100, 101, 102, 103, 104, 105, 106, 107, 120, 121, 122, 123, 124, 125, 126, 127, 140, 141, 142, 143, 144, 145, 146, 147
01618, 0, 1, 2, 3, 4, 5, 6, 7, 20, 21, 22, 23, 24, 25, 26, 27, 40, 41, 42, 43, 44, 45, 46, 47, 60, 61, 62, 63, 64, 65, 66, 67, 80, 81, 82, 83, 84, 85, 86, 87, 100, 101, 102, 103, 104, 105, 106, 107, 120, 121, 122, 123, 124, 125, 126, 127, 140, 141, 142, 143, 144, 145, 146, 147
01619, 0, 1, 2, 3, 4, 5, 6, 7, 20, 21, 22, 23, 24, 25, 26, 27, 40, 41, 42, 43, 44, 45, 46, 47, 60, 61, 62, 63, 64, 65, 66, 67, 80, 81, 82, 83, 84, 85, 86, 87, 100, 101, 102, 103, 104, 105, 106, 107, 120, 121, 122, 123, 124, 125, 126, 127, 140, 141, 142, 143, 144, 145, 146, 147
01620, 0, 1, 2, 3, 4, 5, 6, 7, 20, 21, 22, 23, 24, 25, 26, 27, 40, 41, 42, 43, 44, 45, 46, 47, 60, 61, 62, 63, 64, 65, 66, 67, 80, 81, 82, 83, 84, 85, 86, 87, 100, 101, 102, 103, 104, 105, 106, 107, 120, 121, 122, 123, 124, 125, 126, 127, 140, 141, 142, 143, 144, 145, 146, 147
01621, 0, 1, 2, 3, 4, 5, 6, 7, 20, 21, 22, 23, 24, 25, 26, 27, 40, 41, 42, 43, 44, 45, 46, 47, 60, 61, 62, 63, 64, 65, 66, 67, 80, 81, 82, 83, 84, 85, 86, 87, 100, 101, 102, 103, 104, 105, 106, 107, 120, 121, 122, 123, 124, 125, 126, 127, 140, 141, 142, 143, 144, 145, 146, 147
01622, 0, 1, 2, 3, 4, 5, 6, 7, 20, 21, 22, 23, 24, 25, 26, 27, 40, 41, 42, 43, 44, 45, 46, 47, 60, 61, 62, 63, 64, 65, 66, 67, 80, 81, 82, 83, 84, 85, 86, 87, 100, 101, 102, 103, 104, 105, 106, 107, 120, 121, 122, 123, 124, 125, 126, 127, 140, 141, 142, 143, 144, 145, 146, 147
01623, 0, 1, 2, 3, 4, 5, 6, 7, 20, 21, 22, 23, 24, 25, 26, 27, 40, 41, 42, 43, 44, 45, 46, 47, 60, 61, 62, 63, 64, 65, 66, 67, 80, 81, 82, 83, 84, 85, 86, 87, 100, 101, 102, 103, 104, 105, 106, 107, 120, 121, 122, 123, 124, 125, 126, 127, 140, 141, 142, 143, 144, 145, 146, 147
01624, 0, 1, 2, 3, 4, 5, 6, 7, 20, 21, 22, 23, 24, 25, 26, 27, 40, 41, 42, 43, 44, 45, 46, 47, 60, 61, 62, 63, 64, 65, 66, 67, 80, 81, 82, 83, 84, 85, 86, 87, 100, 101, 102, 103, 104, 105, 106, 107, 120, 121, 122, 123, 124, 125, 126, 127, 140, 141, 142, 143, 144, 145, 146, 147
01625, 0, 1, 2, 3, 4, 5, 6, 7, 20, 21, 22, 23, 24, 25, 26, 27, 40, 41, 42, 43, 44, 45, 46, 47, 60, 61, 62, 63, 64, 65, 66, 67, 80, 81, 82, 83, 84, 85, 86, 87, 100, 101, 102, 103, 104, 105, 106, 107, 120, 121, 122, 123, 124, 125, 126, 127, 140, 141, 142, 143, 144, 145, 146, 147
01626, 0, 1, 2, 3, 4, 5, 6, 7, 20, 21, 22, 23, 24, 25, 26, 27, 40, 41, 42, 43, 44, 45, 46, 47, 60, 61, 62, 63, 64, 65, 66, 67, 80, 81, 82, 83, 84, 85, 86, 87, 100, 101, 102, 103, 104, 105, 106, 107, 120, 121, 122, 123, 124, 125, 126, 127, 140, 141, 142, 143, 144, 145, 146, 147
01627, 0, 1, 2, 3, 4, 5, 6, 7, 20, 21, 22, 23, 24, 25, 26, 27, 40, 41, 42, 43, 44, 45, 46, 47, 60, 61, 62, 63, 64, 65, 66, 67, 80, 81, 82, 83, 84, 85, 86, 87, 100, 101, 102, 103, 104, 105, 106, 107, 120, 121, 122, 123, 124, 125, 126, 127, 140, 141, 142, 143, 144, 145, 146, 147, 160, 161, 162, 163, 164, 165, 166, 167
01628, 0, 1, 2, 3, 4, 5, 6, 7, 20, 21, 22, 23, 24, 25, 26, 27, 40, 41, 42, 43, 44, 45, 46, 47, 60, 61, 62, 63, 64, 65, 66, 67, 80, 81, 82, 83, 84, 85, 86, 87, 100, 101, 102, 103, 104, 105, 106, 107, 120, 121, 122, 123, 124, 125, 126, 127, 140, 141, 142, 143, 144, 145, 146, 147, 160, 161, 162, 163, 164, 165, 166, 167
01629, 0, 1, 2, 3, 4, 5, 6, 7, 20, 21, 22, 23, 24, 25, 26, 27, 40, 41, 42, 43, 44, 45, 46, 47, 60, 61, 62, 63, 64, 65, 66, 67, 80, 81, 82, 83, 84, 85, 86, 87, 100, 101, 102, 103, 104, 105, 106, 107, 120, 121, 122, 123, 124, 125, 126, 127, 140, 141, 142, 143, 144, 145, 146, 147, 160, 161, 162, 163, 164, 165, 166, 167
01630, 0, 1, 2, 3, 4, 5, 6, 7, 20, 21, 22, 23, 24, 25, 26, 27, 40, 41, 42, 43, 44, 45, 46, 47, 60, 61, 62, 63, 64, 65, 66, 67, 80, 81, 82, 83, 84, 85, 86, 87, 100, 101, 102, 103, 104, 105, 106, 107, 120, 121, 122, 123, 124, 125, 126, 127, 140, 141, 142, 143, 144, 145, 146, 147, 160, 161, 162, 163, 164, 165, 166, 167
01631, 0, 1, 2, 3, 4, 5, 6, 7, 20, 21, 22, 23, 24, 25, 26, 27, 40, 41, 42, 43, 44, 45, 46, 47, 60, 61, 62, 63, 64, 65, 66, 67, 80, 81, 82, 83, 84, 85, 86, 87, 100, 101, 102, 103, 104, 105, 106, 107, 120, 121, 122, 123, 124, 125, 126, 127, 140, 141, 142, 143, 144, 145, 146, 147, 160, 161, 162, 163, 164, 165, 166, 167
01632, 0, 1, 2, 3, 4, 5, 6, 20, 21, 22, 23, 24, 25, 26, 40, 41, 42, 43, 44, 45, 46, 60, 61, 62, 63, 64, 65, 66, 80, 81, 82, 83, 84, 85, 86, 100, 101, 102, 103, 104, 105, 106, 120, 121, 122, 123, 124, 125, 126, 140, 141, 142, 143, 144, 145, 146, 160, 161, 162, 163, 164, 165, 166
01633, 0, 1, 2, 3, 4, 5, 6, 20, 21, 22, 23, 24, 25, 26, 40, 41, 42, 43, 44, 45, 46, 60, 61, 62, 63, 64, 65, 66, 80, 81, 82, 83, 84, 85, 86, 100, 101, 102, 103, 104, 105, 106, 120, 121, 122, 123, 124, 125, 126, 140, 141, 142, 143, 144, 145, 146, 160, 161, 162, 163, 164, 165, 166
01634, 0, 1, 2, 3, 4, 5, 6, 20, 21, 22, 23, 24, 25, 26, 40, 41, 42, 43, 44, 45, 46, 60, 61, 62, 63, 64, 65, 66, 80, 81, 82, 83, 84, 85, 86, 100, 101, 102, 103, 104, 105, 106, 120, 121, 122, 123, 124, 125, 126, 140, 141, 142, 143, 144, 145, 146, 160, 161, 162, 163, 164, 165, 166
01635, 0, 1, 2, 3, 4, 5, 6, 20, 21, 22, 23, 24, 25, 26, 40, 41, 42, 43, 44, 45, 46, 60, 61, 62, 63, 64, 65, 66, 80, 81, 82, 83, 84, 85, 86, 100, 101, 102, 103, 104, 105, 106, 120, 121, 122, 123, 124, 125, 126, 140, 141, 142, 143, 144, 145, 146, 160, 161, 162, 163, 164, 165, 166
01636, 0, 1, 2, 3, 4, 5, 6, 20, 21, 22, 23, 24, 25, 26, 40, 41, 42, 43, 44, 45, 46, 60, 61, 62, 63, 64, 65, 66, 80, 81, 82, 83, 84, 85, 86, 100, 101, 102, 103, 104, 105, 106, 120, 121, 122, 123, 124, 125, 126, 140, 141, 142, 143, 144, 145, 146, 160, 161, 162, 163, 164, 165, 166
01637, 0, 1, 2, 3, 4, 5, 6, 20, 21, 22, 23, 24, 25, 26, 40, 41, 42, 43, 44, 45, 46, 60, 61, 62, 63, 64, 65, 66, 80, 81, 82, 83, 84, 85, 86, 100, 101, 102, 103, 104, 105, 106, 120, 121, 122, 123, 124, 125, 126, 140, 141, 142, 143, 144, 145, 146, 160, 161, 162, 163, 164, 165, 166
01638, 0, 1, 2, 3, 4, 5, 6, 20, 21, 22, 23, 24, 25, 26, 40, 41, 42, 43, 44, 45, 46, 60, 61, 62, 63, 64, 65, 66, 80, 81, 82, 83, 84, 85, 86, 100, 101, 102, 103, 104, 105, 106, 120, 121, 122, 123, 124, 125, 126, 140, 141, 142, 143, 144, 145, 146, 160, 161, 162, 163, 164, 165, 166
01639, 0, 1, 2, 3, 4, 5, 6, 20, 21, 22, 23, 24, 25, 26, 40, 41, 42, 43, 44, 45, 46, 60, 61, 62, 63, 64, 65, 66, 80, 81, 82, 83, 84, 85, 86, 100, 101, 102, 103, 104, 105, 106, 120, 121, 122, 123, 124, 125, 126, 140, 141, 142, 143, 144, 145, 146, 160, 161, 162, 163, 164, 165, 166
01640, 0, 1, 2, 3, 4, 5, 6, 20, 21, 22, 23, 24, 25, 26, 40, 41, 42, 43, 44, 45, 46, 60, 61, 62, 63, 64, 65, 66, 80, 81, 82, 83, 84, 85, 86, 100, 101, 102, 103, 104, 105, 106, 120, 121, 122, 123, 124, 125, 126, 140, 141, 142, 143, 144, 145, 146, 160, 161, 162, 163, 164, 165, 166
01641, 0, 1, 2, 3, 4, 5, 6, 20, 21, 22, 23, 24, 25, 26, 40, 41, 42, 43, 44, 45, 46, 60, 61, 62, 63, 64, 65, 66, 80, 81, 82, 83, 84, 85, 86, 100, 101, 102, 103, 104, 105, 106, 120, 121, 122, 123, 124, 125, 126, 140, 141, 142, 143, 144, 145, 146, 160, 161, 162, 163, 164, 165, 166
01642, 0, 1, 2, 3, 4, 5, 6, 20, 21, 22, 23, 24, 25, 26, 40, 41, 42, 43, 44, 45, 46, 60, 61, 62, 63, 64, 65, 66, 80, 81, 82, 83, 84, 85, 86, 100, 101, 102, 103, 104, 105, 106, 120, 121, 122, 123, 124, 125, 126, 140, 141, 142, 143, 144, 145, 146, 160, 161, 162, 163, 164, 165, 166
01643, 0, 1, 2, 3, 4, 5, 6, 20, 21, 22, 23, 24, 25, 26, 40, 41, 42, 43, 44, 45, 46, 60, 61, 62, 63, 64, 65, 66, 80, 81, 82, 83, 84, 85, 86, 100, 101, 102, 103, 104, 105, 106, 120, 121, 122, 123, 124, 125, 126, 140, 141, 142, 143, 144, 145, 146, 160, 161, 162, 163, 164, 165, 166
01644, 0, 1, 2, 3, 4, 5, 6, 20, 21, 22, 23, 24, 25, 26, 40, 41, 42, 43, 44, 45, 46, 60, 61, 62, 63, 64, 65, 66, 80, 81, 82, 83, 84, 85, 86, 100, 101, 102, 103, 104, 105, 106, 120, 121, 122, 123, 124, 125, 126, 140, 141, 142, 143, 144, 145, 146, 160, 161, 162, 163, 164, 165, 166
01645, 0, 1, 2, 3, 4, 5, 6, 20, 21, 22, 23, 24, 25, 26, 40, 41, 42, 43, 44, 45, 46, 60, 61, 62, 63, 64, 65, 66, 80, 81, 82, 83, 84, 85, 86, 100, 101, 102, 103, 104, 105, 106, 120, 121, 122, 123, 124, 125, 126, 140, 141, 142, 143, 144, 145, 146, 160, 161, 162, 163, 164, 165, 166
01646, 0, 1, 2, 3, 4, 5, 6, 20, 21, 22, 23, 24, 25, 26, 40, 41, 42, 43, 44, 45, 46, 60, 61, 62, 63, 64, 65, 66, 80, 81, 82, 83, 84, 85, 86, 100, 101, 102, 103, 104, 105, 106, 120, 121, 122, 123, 124, 125, 126, 140, 141, 142, 143, 144, 145, 146, 160, 161, 162, 163, 164, 165, 166
01647, 0, 1, 2, 3, 4, 5, 6, 20, 21, 22, 23, 24, 25, 26, 40, 41, 42, 43, 44, 45, 46, 60, 61, 62, 63, 64, 65, 66, 80, 81, 82, 83, 84, 85, 86, 100, 101, 102, 103, 104, 105, 106, 120, 121, 122, 123, 124, 125, 126, 140, 141, 142, 143, 144, 145, 146, 160, 161, 162, 163, 164, 165, 166
01648, 0, 1, 2, 3, 4, 5, 6, 20, 21, 22, 23, 24, 25, 26, 40, 41, 42, 43, 44, 45, 46, 60, 61, 62, 63, 64, 65, 66, 80, 81, 82, 83, 84, 85, 86, 100, 101, 102, 103, 104, 105, 106, 120, 121, 122, 123, 124, 125, 126, 140, 141, 142, 143, 144, 145, 146, 160, 161, 162, 163, 164, 165, 166
01649, 0, 1, 2, 3, 4, 5, 6, 20, 21, 22, 23, 24, 25, 26, 40, 41, 42, 43, 44, 45, 46, 60, 61, 62, 63, 64, 65, 66, 80, 81, 82, 83, 84, 85, 86, 100, 101, 102, 103, 104, 105, 106, 120, 121, 122, 123, 124, 125, 126, 140, 141, 142, 143, 144, 145, 146, 160, 161, 162, 163, 164, 165, 166
01650, 0, 1, 2, 3, 4, 5, 6, 20, 21, 22, 23, 24, 25, 26, 40, 41, 42, 43, 44, 45, 46, 60, 61, 62, 63, 64, 65, 66, 80, 81, 82, 83, 84, 85, 86, 100, 101, 102, 103, 104, 105, 106, 120, 121, 122, 123, 124, 125, 126, 140, 141, 142, 143, 144, 145, 146, 160, 161, 162, 163, 164, 165, 166
01651, 0, 1, 2, 3, 4, 5, 6, 20, 21, 22, 23, 24, 25, 26, 40, 41, 42, 43, 44, 45, 46, 60, 61, 62, 63, 64, 65, 66, 80, 81, 82, 83, 84, 85, 86, 100, 101, 102, 103, 104, 105, 106, 120, 121, 122, 123, 124, 125, 126, 140, 141, 142, 143, 144, 145, 146, 160, 161, 162, 163, 164, 165, 166
01652, 0, 1, 2, 3, 4, 5, 6, 20, 21, 22, 23, 24, 25, 26, 40, 41, 42, 43, 44, 45, 46, 60, 61, 62, 63, 64, 65, 66, 80, 81, 82, 83, 84, 85, 86, 100, 101, 102, 103, 104, 105, 106, 120, 121, 122, 123, 124, 125, 126, 140, 141, 142, 143, 144, 145, 146, 160, 161, 162, 163, 164, 165, 166
01653, 0, 1, 2, 3, 4, 5, 6, 20, 21, 22, 23, 24, 25, 26, 40, 41, 42, 43, 44, 45, 46, 60, 61, 62, 63, 64, 65, 66, 80, 81, 82, 83, 84, 85, 86, 100, 101, 102, 103, 104, 105, 106, 120, 121, 122, 123, 124, 125, 126, 140, 141, 142, 143, 144, 145, 146, 160, 161, 162, 163, 164, 165, 166
01654, 0, 1, 2, 3, 4, 5, 6, 20, 21, 22, 23, 24, 25, 26, 40, 41, 42, 43, 44, 45, 46, 60, 61, 62, 63, 64, 65, 66, 80, 81, 82, 83, 84, 85, 86, 100, 101, 102, 103, 104, 105, 106, 120, 121, 122, 123, 124, 125, 126, 140, 141, 142, 143, 144, 145, 146, 160, 161, 162, 163, 164, 165, 166
01655, 0, 1, 2, 3, 4, 5, 6, 20, 21, 22, 23, 24, 25, 26, 40, 41, 42, 43, 44, 45, 46, 60, 61, 62, 63, 64, 65, 66, 80, 81, 82, 83, 84, 85, 86, 100, 101, 102, 103, 104, 105, 106, 120, 121, 122, 123, 124, 125, 126, 140, 141, 142, 143, 144, 145, 146, 160, 161, 162, 163, 164, 165, 166
01656, 0, 1, 2, 3, 4, 5, 6, 20, 21, 22, 23, 24, 25, 26, 40, 41, 42, 43, 44, 45, 46, 60, 61, 62, 63, 64, 65, 66, 80, 81, 82, 83, 84, 85, 86, 100, 101, 102, 103, 104, 105, 106, 120, 121, 122, 123, 124, 125, 126, 140, 141, 142, 143, 144, 145, 146, 160, 161, 162, 163, 164, 165, 166
01657, 0, 1, 2, 3, 4, 5, 6, 20, 21, 22, 23, 24, 25, 26, 40, 41, 42, 43, 44, 45, 46, 60, 61, 62, 63, 64, 65, 66, 80, 81, 82, 83, 84, 85, 86, 100, 101, 102, 103, 104, 105, 106, 120, 121, 122, 123, 124, 125, 126, 140, 141, 142, 143, 144, 145, 146, 160, 161, 162, 163, 164, 165, 166
01658, 0, 1, 2, 3, 4, 5, 6, 20, 21, 22, 23, 24, 25, 26, 40, 41, 42, 43, 44, 45, 46, 60, 61, 62, 63, 64, 65, 66, 80, 81, 82, 83, 84, 85, 86, 100, 101, 102, 103, 104, 105, 106, 120, 121, 122, 123, 124, 125, 126, 140, 141, 142, 143, 144, 145, 146, 160, 161, 162, 163, 164, 165, 166
01659, 0, 1, 2, 3, 4, 5, 6, 20, 21, 22, 23, 24, 25, 26, 40, 41, 42, 43, 44, 45, 46, 60, 61, 62, 63, 64, 65, 66, 80, 81, 82, 83, 84, 85, 86, 100, 101, 102, 103, 104, 105, 106, 120, 121, 122, 123, 124, 125, 126, 140, 141, 142, 143, 144, 145, 146, 160, 161, 162, 163, 164, 165, 166
01660, 0, 1, 2, 3, 4, 5, 6, 20, 21, 22, 23, 24, 25, 26, 40, 41, 42, 43, 44, 45, 46, 60, 61, 62, 63, 64, 65, 66, 80, 81, 82, 83, 84, 85, 86, 100, 101, 102, 103, 104, 105, 106, 120, 121, 122, 123, 124, 125, 126, 140, 141, 142, 143, 144, 145, 146, 160, 161, 162, 163, 164, 165, 166
01661, 0, 1, 2, 3, 4, 5, 6, 20, 21, 22, 23, 24, 25, 26, 40, 41, 42, 43, 44, 45, 46, 60, 61, 62, 63, 64, 65, 66, 80, 81, 82, 83, 84, 85, 86, 100, 101, 102, 103, 104, 105, 106, 120, 121, 122, 123, 124, 125, 126, 140, 141, 142, 143, 144, 145, 146, 160, 161, 162, 163, 164, 165, 166
01662, 0, 1, 2, 3, 4, 5, 6, 20, 21, 22, 23, 24, 25, 26, 40, 41, 42, 43, 44, 45, 46, 60, 61, 62, 63, 64, 65, 66, 80, 81, 82, 83, 84, 85, 86, 100, 101, 102, 103, 104, 105, 106, 120, 121, 122, 123, 124, 125, 126, 140, 141, 142, 143, 144, 145, 146, 160, 161, 162, 163, 164, 165, 166
01663, 0, 1, 2, 3, 4, 5, 6, 20, 21, 22, 23, 24, 25, 26, 40, 41, 42, 43, 44, 45, 46, 60, 61, 62, 63, 64, 65, 66, 80, 81, 82, 83, 84, 85, 86, 100, 101, 102, 103, 104, 105, 106, 120, 121, 122, 123, 124, 125, 126, 140, 141, 142, 143, 144, 145, 146, 160, 161, 162, 163, 164, 165, 166
01664, 0, 1, 2, 3, 4, 5, 6, 20, 21, 22, 23, 24, 25, 26, 40, 41, 42, 43, 44, 45, 46, 60, 61, 62, 63, 64, 65, 66, 80, 81, 82, 83, 84, 85, 86, 100, 101, 102, 103, 104, 105, 106, 120, 121, 122, 123, 124, 125, 126, 140, 141, 142, 143, 144, 145, 146, 160, 161, 162, 163, 164, 165, 166
01665, 0, 1, 2, 3, 4, 5, 6, 20, 21, 22, 23, 24, 25, 26, 40, 41, 42, 43, 44, 45, 46, 60, 61, 62, 63, 64, 65, 66, 80, 81, 82, 83, 84, 85, 86, 100, 101, 102, 103, 104, 105, 106, 120, 121, 122, 123, 124, 125, 126, 140, 141, 142, 143, 144, 145, 146, 160, 161, 162, 163, 164, 165, 166
01666, 0, 1, 2, 3, 4, 5, 6, 20, 21, 22, 23, 24, 25, 26, 40, 41, 42, 43, 44, 45, 46, 60, 61, 62, 63, 64, 65, 66, 80, 81, 82, 83, 84, 85, 86, 100, 101, 102, 103, 104, 105, 106, 120, 121, 122, 123, 124, 125, 126, 140, 141, 142, 143, 144, 145, 146, 160, 161, 162, 163, 164, 165, 166
01667, 0, 1, 2, 3, 4, 5, 6, 20, 21, 22, 23, 24, 25, 26, 40, 41, 42, 43, 44, 45, 46, 60, 61, 62, 63, 64, 65, 66, 80, 81, 82, 83, 84, 85, 86, 100, 101, 102, 103, 104, 105, 106, 120, 121, 122, 123, 124, 125, 126, 140, 141, 142, 143, 144, 145, 146, 160, 161, 162, 163, 164, 165, 166
01668, 0, 1, 2, 3, 4, 5, 6, 20, 21, 22, 23, 24, 25, 26, 40, 41, 42, 43, 44, 45, 46, 60, 61, 62, 63, 64, 65, 66, 80, 81, 82, 83, 84, 85, 86, 100, 101, 102, 103, 104, 105, 106, 120, 121, 122, 123, 124, 125, 126, 140, 141, 142, 143, 144, 145, 146, 160, 161, 162, 163, 164, 165, 166
01669, 0, 1, 2, 3, 4, 5, 6, 20, 21, 22, 23, 24, 25, 26, 40, 41, 42, 43, 44, 45, 46, 60, 61, 62, 63, 64, 65, 66, 80, 81, 82, 83, 84, 85, 86, 100, 101, 102, 103, 104, 105, 106, 120, 121, 122, 123, 124, 125, 126, 140, 141, 142, 143, 144, 145, 146, 160, 161, 162, 163, 164, 165, 166
01670, 0, 1, 2, 3, 4, 5, 6, 20, 21, 22, 23, 24, 25, 26, 40, 41, 42, 43, 44, 45, 46, 60, 61, 62, 63, 64, 65, 66, 80, 81, 82, 83, 84, 85, 86, 100, 101, 102, 103, 104, 105, 106, 120, 121, 122, 123, 124, 125, 126, 140, 141, 142, 143, 144, 145, 146, 160, 161, 162, 163, 164, 165, 166
01671, 0, 1, 2, 3, 4, 5, 6, 20, 21, 22, 23, 24, 25, 26, 40, 41, 42, 43, 44, 45, 46, 60, 61, 62, 63, 64, 65, 66, 80, 81, 82, 83, 84, 85, 86, 100, 101, 102, 103, 104, 105, 106, 120, 121, 122, 123, 124, 125, 126, 140, 141, 142, 143, 144, 145, 146, 160, 161, 162, 163, 164, 165, 166
01672, 0, 1, 2, 3, 4, 5, 6, 20, 21, 22, 23, 24, 25, 26, 40, 41, 42, 43, 44, 45, 46, 60, 61, 62, 63, 64, 65, 66, 80, 81, 82, 83, 84, 85, 86, 100, 101, 102, 103, 104, 105, 106, 120, 121, 122, 123, 124, 125, 126, 140, 141, 142, 143, 144, 145, 146, 160, 161, 162, 163, 164, 165, 166
01673, 0, 1, 2, 3, 4, 5, 6, 7, 20, 21, 22, 23, 24, 25, 26, 27, 40, 41, 42, 43, 44, 45, 46, 47, 60, 61, 62, 63, 64, 65, 66, 67, 80, 81, 82, 83, 84, 85, 86, 87, 100, 101, 102, 103, 104, 105, 106, 107, 120, 121, 122, 123, 124, 125, 126, 127, 140, 141, 142, 143, 144, 145, 146, 147, 160, 161, 162, 163, 164, 165, 166, 167
01674, 0, 1, 2, 3, 4, 5, 6, 7, 20, 21, 22, 23, 24, 25, 26, 27, 40, 41, 42, 43, 44, 45, 46, 47, 60, 61, 62, 63, 64, 65, 66, 67, 80, 81, 82, 83, 84, 85, 86, 87, 100, 101, 102, 103, 104, 105, 106, 107, 120, 121, 122, 123, 124, 125, 126, 127, 140, 141, 142, 143, 144, 145, 146, 147, 160, 161, 162, 163, 164, 165, 166, 167
01675, 0, 1, 2, 3, 4, 5, 6, 7, 20, 21, 22, 23, 24, 25, 26, 27, 40, 41, 42, 43, 44, 45, 46, 47, 60, 61, 62, 63, 64, 65, 66, 67, 80, 81, 82, 83, 84, 85, 86, 87, 100, 101, 102, 103, 104, 105, 106, 107, 120, 121, 122, 123, 124, 125, 126, 127, 140, 141, 142, 143, 144, 145, 146, 147, 160, 161, 162, 163, 164, 165, 166, 167
01676, 0, 1, 2, 3, 4, 5, 6, 7, 20, 21, 22, 23, 24, 25, 26, 27, 40, 41, 42, 43, 44, 45, 46, 47, 60, 61, 62, 63, 64, 65, 66, 67, 80, 81, 82, 83, 84, 85, 86, 87, 100, 101, 102, 103, 104, 105, 106, 107, 120, 121, 122, 123, 124, 125, 126, 127, 140, 141, 142, 143, 144, 145, 146, 147, 160, 161, 162, 163, 164, 165, 166, 167
01677, 0, 1, 2, 3, 4, 5, 6, 7, 20, 21, 22, 23, 24, 25, 26, 27, 40, 41, 42, 43, 44, 45, 46, 47, 60, 61, 62, 63, 64, 65, 66, 67, 80, 81, 82, 83, 84, 85, 86, 87, 100, 101, 102, 103, 104, 105, 106, 107, 120, 121, 122, 123, 124, 125, 126, 127, 140, 141, 142, 143, 144, 145, 146, 147, 160, 161, 162, 163, 164, 165, 166, 167
01678, 0, 1, 2, 3, 4, 5, 6, 7, 20, 21, 22, 23, 24, 25, 26, 27, 40, 41, 42, 43, 44, 45, 46, 47, 60, 61, 62, 63, 64, 65, 66, 67, 80, 81, 82, 83, 84, 85, 86, 87, 100, 101, 102, 103, 104, 105, 106, 107, 120, 121, 122, 123, 124, 125, 126, 127, 140, 141, 142, 143, 144, 145, 146, 147, 160, 161, 162, 163, 164, 165, 166, 167
01679, 0, 1, 2, 3, 4, 5, 6, 7, 20, 21, 22, 23, 24, 25, 26, 27, 40, 41, 42, 43, 44, 45, 46, 47, 60, 61, 62, 63, 64, 65, 66, 67, 80, 81, 82, 83, 84, 85, 86, 87, 100, 101, 102, 103, 104, 105, 106, 107, 120, 121, 122, 123, 124, 125, 126, 127, 140, 141, 142, 143, 144, 145, 146, 147, 160, 161, 162, 163, 164, 165, 166, 167
01680, 0, 1, 2, 3, 4, 5, 6, 7, 20, 21, 22, 23, 24, 25, 26, 27, 40, 41, 42, 43, 44, 45, 46, 47, 60, 61, 62, 63, 64, 65, 66, 67, 80, 81, 82, 83, 84, 85, 86, 87, 100, 101, 102, 103, 104, 105, 106, 107, 120, 121, 122, 123, 124, 125, 126, 127, 140, 141, 142, 143, 144, 145, 146, 147, 160, 161, 162, 163, 164, 165, 166, 167
01681, 0, 1, 2, 3, 4, 5, 6, 7, 20, 21, 22, 23, 24, 25, 26, 27, 40, 41, 42, 43, 44, 45, 46, 47, 60, 61, 62, 63, 64, 65, 66, 67, 80, 81, 82, 83, 84, 85, 86, 87, 100, 101, 102, 103, 104, 105, 106, 107, 120, 121, 122, 123, 124, 125, 126, 127, 140, 141, 142, 143, 144, 145, 146, 147, 160, 161, 162, 163, 164, 165, 166, 167
01682, 0, 1, 2, 3, 4, 5, 6, 7, 20, 21, 22, 23, 24, 25, 26, 27, 40, 41, 42, 43, 44, 45, 46, 47, 60, 61, 62, 63, 64, 65, 66, 67, 80, 81, 82, 83, 84, 85, 86, 87, 100, 101, 102, 103, 104, 105, 106, 107, 120, 121, 122, 123, 124, 125, 126, 127, 140, 141, 142, 143, 144, 145, 146, 147, 160, 161, 162, 163, 164, 165, 166, 167
01683, 0, 1, 2, 3, 4, 5, 6, 7, 20, 21, 22, 23, 24, 25, 26, 27, 40, 41, 42, 43, 44, 45, 46, 47, 60, 61, 62, 63, 64, 65, 66, 67, 80, 81, 82, 83, 84, 85, 86, 87, 100, 101, 102, 103, 104, 105, 106, 107, 120, 121, 122, 123, 124, 125, 126, 127, 140, 141, 142, 143, 144, 145, 146, 147, 160, 161, 162, 163, 164, 165, 166, 167
01684, 0, 1, 2, 3, 4, 5, 6, 7, 20, 21, 22, 23, 24, 25, 26, 27, 40, 41, 42, 43, 44, 45, 46, 47, 60, 61, 62, 63, 64, 65, 66, 67, 80, 81, 82, 83, 84, 85, 86, 87, 100, 101, 102, 103, 104, 105, 106, 107, 120, 121, 122, 123, 124, 125, 126, 127, 140, 141, 142, 143, 144, 145, 146, 147, 160, 161, 162, 163, 164, 165, 166, 167
01685, 0, 1, 2, 3, 4, 5, 6, 7, 20, 21, 22, 23, 24, 25, 26, 27, 40, 41, 42, 43, 44, 45, 46, 47, 60, 61, 62, 63, 64, 65, 66, 67, 80, 81, 82, 83, 84, 85, 86, 87, 100, 101, 102, 103, 104, 105, 106, 107, 120, 121, 122, 123, 124, 125, 126, 127, 140, 141, 142, 143, 144, 145, 146, 147, 160, 161, 162, 163, 164, 165, 166, 167
01686, 0, 1, 2, 3, 4, 5, 6, 7, 20, 21, 22, 23, 24, 25, 26, 27, 40, 41, 42, 43, 44, 45, 46, 47, 60, 61, 62, 63, 64, 65, 66, 67, 80, 81, 82, 83, 84, 85, 86, 87, 100, 101, 102, 103, 104, 105, 106, 107, 120, 121, 122, 123, 124, 125, 126, 127, 140, 141, 142, 143, 144, 145, 146, 147, 160, 161, 162, 163, 164, 165, 166, 167
01687, 0, 1, 2, 3, 4, 5, 6, 7, 20, 21, 22, 23, 24, 25, 26, 27, 40, 41, 42, 43, 44, 45, 46, 47, 60, 61, 62, 63, 64, 65, 66, 67, 80, 81, 82, 83, 84, 85, 86, 87, 100, 101, 102, 103, 104, 105, 106, 107, 120, 121, 122, 123, 124, 125, 126, 127, 140, 141, 142, 143, 144, 145, 146, 147, 160, 161, 162, 163, 164, 165, 166, 167
01688, 0, 1, 2, 3, 4, 5, 6, 7, 20, 21, 22, 23, 24, 25, 26, 27, 40, 41, 42, 43, 44, 45, 46, 47, 60, 61, 62, 63, 64, 65, 66, 67, 80, 81, 82, 83, 84, 85, 86, 87, 100, 101, 102, 103, 104, 105, 106, 107, 120, 121, 122, 123, 124, 125, 126, 127, 140, 141, 142, 143, 144, 145, 146, 147, 160, 161, 162, 163, 164, 165, 166, 167
01689, 0, 1, 2, 3, 4, 5, 6, 7, 20, 21, 22, 23, 24, 25, 26, 27, 40, 41, 42, 43, 44, 45, 46, 47, 60, 61, 62, 63, 64, 65, 66, 67, 80, 81, 82, 83, 84, 85, 86, 87, 100, 101, 102, 103, 104, 105, 106, 107, 120, 121, 122, 123, 124, 125, 126, 127, 140, 141, 142, 143, 144, 145, 146, 147, 160, 161, 162, 163, 164, 165, 166, 167
01690, 0, 1, 2, 3, 4, 5, 6, 7, 20, 21, 22, 23, 24, 25, 26, 27, 40, 41, 42, 43, 44, 45, 46, 47, 60, 61, 62, 63, 64, 65, 66, 67, 80, 81, 82, 83, 84, 85, 86, 87, 100, 101, 102, 103, 104, 105, 106, 107, 120, 121, 122, 123, 124, 125, 126, 127, 140, 141, 142, 143, 144, 145, 146, 147, 160, 161, 162, 163, 164, 165, 166, 167
01691, 20, 21, 22, 23, 24, 25, 26, 27, 40, 41, 42, 43, 44, 45, 46, 47, 60, 61, 62, 63, 64, 65, 66, 67, 80, 81, 82, 83, 84, 85, 86, 87, 100, 101, 102, 103, 104, 105, 106, 107, 120, 121, 122, 123, 124, 125, 126, 127, 140, 141, 142, 143, 144, 145, 146, 147, 160, 161, 162, 163, 164, 165, 166, 167, 180, 181, 182, 183, 184, 185, 186, 187
01692, 20, 21, 22, 23, 24, 25, 26, 27, 40, 41, 42, 43, 44, 45, 46, 47, 60, 61, 62, 63, 64, 65, 66, 67, 80, 81, 82, 83, 84, 85, 86, 87, 100, 101, 102, 103, 104, 105, 106, 107, 120, 121, 122, 123, 124, 125, 126, 127, 140, 141, 142, 143, 144, 145, 146, 147, 160, 161, 162, 163, 164, 165, 166, 167, 180, 181, 182, 183, 184, 185, 186, 187
01693, 20, 21, 22, 23, 24, 25, 26, 27, 40, 41, 42, 43, 44, 45, 46, 47, 60, 61, 62, 63, 64, 65, 66, 67, 80, 81, 82, 83, 84, 85, 86, 87, 100, 101, 102, 103, 104, 105, 106, 107, 120, 121, 122, 123, 124, 125, 126, 127, 140, 141, 142, 143, 144, 145, 146, 147, 160, 161, 162, 163, 164, 165, 166, 167, 180, 181, 182, 183, 184, 185, 186, 187
01694, 20, 21, 22, 23, 24, 25, 26, 27, 40, 41, 42, 43, 44, 45, 46, 47, 60, 61, 62, 63, 64, 65, 66, 67, 80, 81, 82, 83, 84, 85, 86, 87, 100, 101, 102, 103, 104, 105, 106, 107, 120, 121, 122, 123, 124, 125, 126, 127, 140, 141, 142, 143, 144, 145, 146, 147, 160, 161, 162, 163, 164, 165, 166, 167, 180, 181, 182, 183, 184, 185, 186, 187
01695, 20, 21, 22, 23, 24, 25, 26, 27, 40, 41, 42, 43, 44, 45, 46, 47, 60, 61, 62, 63, 64, 65, 66, 67, 80, 81, 82, 83, 84, 85, 86, 87, 100, 101, 102, 103, 104, 105, 106, 107, 120, 121, 122, 123, 124, 125, 126, 127, 140, 141, 142, 143, 144, 145, 146, 147, 160, 161, 162, 163, 164, 165, 166, 167, 180, 181, 182, 183, 184, 185, 186, 187
01696, 20, 21, 22, 23, 24, 25, 26, 27, 40, 41, 42, 43, 44, 45, 46, 47, 60, 61, 62, 63, 64, 65, 66, 67, 80, 81, 82, 83, 84, 85, 86, 87, 100, 101, 102, 103, 104, 105, 106, 107, 120, 121, 122, 123, 124, 125, 126, 127, 140, 141, 142, 143, 144, 145, 146, 147, 160, 161, 162, 163, 164, 165, 166, 167, 180, 181, 182, 183, 184, 185, 186, 187
01697, 20, 21, 22, 23, 24, 25, 26, 27, 40, 41, 42, 43, 44, 45, 46, 47, 60, 61, 62, 63, 64, 65, 66, 67, 80, 81, 82, 83, 84, 85, 86, 87, 100, 101, 102, 103, 104, 105, 106, 107, 120, 121, 122, 123, 124, 125, 126, 127, 140, 141, 142, 143, 144, 145, 146, 147, 160, 161, 162, 163, 164, 165, 166, 167, 180, 181, 182, 183, 184, 185, 186, 187
01698, 20, 21, 22, 23, 24, 25, 26, 27, 40, 41, 42, 43, 44, 45, 46, 47, 60, 61, 62, 63, 64, 65, 66, 67, 80, 81, 82, 83, 84, 85, 86, 87, 100, 101, 102, 103, 104, 105, 106, 107, 120, 121, 122, 123, 124, 125, 126, 127, 140, 141, 142, 143, 144, 145, 146, 147, 160, 161, 162, 163, 164, 165, 166, 167, 180, 181, 182, 183, 184, 185, 186, 187
01699, 20, 21, 22, 23, 24, 25, 26, 27, 40, 41, 42, 43, 44, 45, 46, 47, 60, 61, 62, 63, 64, 65, 66, 67, 80, 81, 82, 83, 84, 85, 86, 87, 100, 101, 102, 103, 104, 105, 106, 107, 120, 121, 122, 123, 124, 125, 126, 127, 140, 141, 142, 143, 144, 145, 146, 147, 160, 161, 162, 163, 164, 165, 166, 167, 180, 181, 182, 183, 184, 185, 186, 187
01700, 20, 21, 22, 23, 24, 25, 26, 27, 40, 41, 42, 43, 44, 45, 46, 47, 60, 61, 62, 63, 64, 65, 66, 67, 80, 81, 82, 83, 84, 85, 86, 87, 100, 101, 102, 103, 104, 105, 106, 107, 120, 121, 122, 123, 124, 125, 126, 127, 140, 141, 142, 143, 144, 145, 146, 147, 160, 161, 162, 163, 164, 165, 166, 167, 180, 181, 182, 183, 184, 185, 186, 187
01701, 20, 21, 22, 23, 24, 25, 26, 27, 40, 41, 42, 43, 44, 45, 46, 47, 60, 61, 62, 63, 64, 65, 66, 67, 80, 81, 82, 83, 84, 85, 86, 87, 100, 101, 102, 103, 104, 105, 106, 107, 120, 121, 122, 123, 124, 125, 126, 127, 140, 141, 142, 143, 144, 145, 146, 147, 160, 161, 162, 163, 164, 165, 166, 167, 180, 181, 182, 183, 184, 185, 186, 187
01702, 20, 21, 22, 23, 24, 25, 26, 27, 40, 41, 42, 43, 44, 45, 46, 47, 60, 61, 62, 63, 64, 65, 66, 67, 80, 81, 82, 83, 84, 85, 86, 87, 100, 101, 102, 103, 104, 105, 106, 107, 120, 121, 122, 123, 124, 125, 126, 127, 140, 141, 142, 143, 144, 145, 146, 147, 160, 161, 162, 163, 164, 165, 166, 167, 180, 181, 182, 183, 184, 185, 186, 187
01703, 20, 21, 22, 23, 24, 25, 26, 27, 40, 41, 42, 43, 44, 45, 46, 47, 60, 61, 62, 63, 64, 65, 66, 67, 80, 81, 82, 83, 84, 85, 86, 87, 100, 101, 102, 103, 104, 105, 106, 107, 120, 121, 122, 123, 124, 125, 126, 127, 140, 141, 142, 143, 144, 145, 146, 147, 160, 161, 162, 163, 164, 165, 166, 167, 180, 181, 182, 183, 184, 185, 186, 187
01704, 20, 21, 22, 23, 24, 25, 26, 27, 40, 41, 42, 43, 44, 45, 46, 47, 60, 61, 62, 63, 64, 65, 66, 67, 80, 81, 82, 83, 84, 85, 86, 87, 100, 101, 102, 103, 104, 105, 106, 107, 120, 121, 122, 123, 124, 125, 126, 127, 140, 141, 142, 143, 144, 145, 146, 147, 160, 161, 162, 163, 164, 165, 166, 167, 180, 181, 182, 183, 184, 185, 186, 187
01705, 20, 21, 22, 23, 24, 25, 26, 27, 40, 41, 42, 43, 44, 45, 46, 47, 60, 61, 62, 63, 64, 65, 66, 67, 80, 81, 82, 83, 84, 85, 86, 87, 100, 101, 102, 103, 104, 105, 106, 107, 120, 121, 122, 123, 124, 125, 126, 127, 140, 141, 142, 143, 144, 145, 146, 147, 160, 161, 162, 163, 164, 165, 166, 167, 180, 181, 182, 183, 184, 185, 186, 187
01706, 20, 21, 22, 23, 24, 25, 26, 27, 40, 41, 42, 43, 44, 45, 46, 47, 60, 61, 62, 63, 64, 65, 66, 67, 80, 81, 82, 83, 84, 85, 86, 87, 100, 101, 102, 103, 104, 105, 106, 107, 120, 121, 122, 123, 124, 125, 126, 127, 140, 141, 142, 143, 144, 145, 146, 147, 160, 161, 162, 163, 164, 165, 166, 167, 180, 181, 182, 183, 184, 185, 186, 187
01707, 20, 21, 22, 23, 24, 25, 26, 27, 40, 41, 42, 43, 44, 45, 46, 47, 60, 61, 62, 63, 64, 65, 66, 67, 80, 81, 82, 83, 84, 85, 86, 87, 100, 101, 102, 103, 104, 105, 106, 107, 120, 121, 122, 123, 124, 125, 126, 127, 140, 141, 142, 143, 144, 145, 146, 147, 160, 161, 162, 163, 164, 165, 166, 167, 180, 181, 182, 183, 184, 185, 186, 187
01708, 20, 21, 22, 23, 24, 25, 26, 27, 40, 41, 42, 43, 44, 45, 46, 47, 60, 61, 62, 63, 64, 65, 66, 67, 80, 81, 82, 83, 84, 85, 86, 87, 100, 101, 102, 103, 104, 105, 106, 107, 120, 121, 122, 123, 124, 125, 126, 127, 140, 141, 142, 143, 144, 145, 146, 147, 160, 161, 162, 163, 164, 165, 166, 167, 180, 181, 182, 183, 184, 185, 186, 187
01709, 20, 21, 22, 23, 24, 25, 26, 27, 28, 40, 41, 42, 43, 44, 45, 46, 47, 48, 60, 61, 62, 63, 64, 65, 66, 67, 68, 80, 81, 82, 83, 84, 85, 86, 87, 88, 100, 101, 102, 103, 104, 105, 106, 107, 108, 120, 121, 122, 123, 124, 125, 126, 127, 128, 140, 141, 142, 143, 144, 145, 146, 147, 148, 160, 161, 162, 163, 164, 165, 166, 167, 168, 180, 181, 182, 183, 184, 185, 186, 187, 188
01710, 20, 21, 22, 23, 24, 25, 26, 27, 28, 40, 41, 42, 43, 44, 45, 46, 47, 48, 60, 61, 62, 63, 64, 65, 66, 67, 68, 80, 81, 82, 83, 84, 85, 86, 87, 88, 100, 101, 102, 103, 104, 105, 106, 107, 108, 120, 121, 122, 123, 124, 125, 126, 127, 128, 140, 141, 142, 143, 144, 145, 146, 147, 148, 160, 161, 162, 163, 164, 165, 166, 167, 168, 180, 181, 182, 183, 184, 185, 186, 187, 188
01711, 20, 21, 22, 23, 24, 25, 26, 27, 28, 40, 41, 42, 43, 44, 45, 46, 47, 48, 60, 61, 62, 63, 64, 65, 66, 67, 68, 80, 81, 82, 83, 84, 85, 86, 87, 88, 100, 101, 102, 103, 104, 105, 106, 107, 108, 120, 121, 122, 123, 124, 125, 126, 127, 128, 140, 141, 142, 143, 144, 145, 146, 147, 148, 160, 161, 162, 163, 164, 165, 166, 167, 168, 180, 181, 182, 183, 184, 185, 186, 187, 188
01712, 20, 21, 22, 23, 24, 25, 26, 27, 28, 40, 41, 42, 43, 44, 45, 46, 47, 48, 60, 61, 62, 63, 64, 65, 66, 67, 68, 80, 81, 82, 83, 84, 85, 86, 87, 88, 100, 101, 102, 103, 104, 105, 106, 107, 108, 120, 121, 122, 123, 124, 125, 126, 127, 128, 140, 141, 142, 143, 144, 145, 146, 147, 148, 160, 161, 162, 163, 164, 165, 166, 167, 168, 180, 181, 182, 183, 184, 185, 186, 187, 188
01713, 20, 21, 22, 23, 24, 25, 26, 27, 28, 40, 41, 42, 43, 44, 45, 46, 47, 48, 60, 61, 62, 63, 64, 65, 66, 67, 68, 80, 81, 82, 83, 84, 85, 86, 87, 88, 100, 101, 102, 103, 104, 105, 106, 107, 108, 120, 121, 122, 123, 124, 125, 126, 127, 128, 140, 141, 142, 143, 144, 145, 146, 147, 148, 160, 161, 162, 163, 164, 165, 166, 167, 168, 180, 181, 182, 183, 184, 185, 186, 187, 188
01714, 20, 21, 22, 23, 24, 25, 26, 27, 28, 40, 41, 42, 43, 44, 45, 46, 47, 48, 60, 61, 62, 63, 64, 65, 66, 67, 68, 80, 81, 82, 83, 84, 85, 86, 87, 88, 100, 101, 102, 103, 104, 105, 106, 107, 108, 120, 121, 122, 123, 124, 125, 126, 127, 128, 140, 141, 142, 143, 144, 145, 146, 147, 148, 160, 161, 162, 163, 164, 165, 166, 167, 168, 180, 181, 182, 183, 184, 185, 186, 187, 188
01715, 20, 21, 22, 23, 24, 25, 26, 27, 28, 40, 41, 42, 43, 44, 45, 46, 47, 48, 60, 61, 62, 63, 64, 65, 66, 67, 68, 80, 81, 82, 83, 84, 85, 86, 87, 88, 100, 101, 102, 103, 104, 105, 106, 107, 108, 120, 121, 122, 123, 124, 125, 126, 127, 128, 140, 141, 142, 143, 144, 145, 146, 147, 148, 160, 161, 162, 163, 164, 165, 166, 167, 168, 180, 181, 182, 183, 184, 185, 186, 187, 188
01716, 20, 21, 22, 23, 24, 25, 26, 27, 28, 40, 41, 42, 43, 44, 45, 46, 47, 48, 60, 61, 62, 63, 64, 65, 66, 67, 68, 80, 81, 82, 83, 84, 85, 86, 87, 88, 100, 101, 102, 103, 104, 105, 106, 107, 108, 120, 121, 122, 123, 124, 125, 126, 127, 128, 140, 141, 142, 143, 144, 145, 146, 147, 148, 160, 161, 162, 163, 164, 165, 166, 167, 168, 180, 181, 182, 183, 184, 185, 186, 187, 188
01717, 20, 21, 22, 23, 24, 25, 26, 27, 28, 40, 41, 42, 43, 44, 45, 46, 47, 48, 60, 61, 62, 63, 64, 65, 66, 67, 68, 80, 81, 82, 83, 84, 85, 86, 87, 88, 100, 101, 102, 103, 104, 105, 106, 107, 108, 120, 121, 122, 123, 124, 125, 126, 127, 128, 140, 141, 142, 143, 144, 145, 146, 147, 148, 160, 161, 162, 163, 164, 165, 166, 167, 168, 180, 181, 182, 183, 184, 185, 186, 187, 188
01718, 20, 21, 22, 23, 24, 25, 26, 27, 28, 40, 41, 42, 43, 44, 45, 46, 47, 48, 60, 61, 62, 63, 64, 65, 66, 67, 68, 80, 81, 82, 83, 84, 85, 86, 87, 88, 100, 101, 102, 103, 104, 105, 106, 107, 108, 120, 121, 122, 123, 124, 125, 126, 127, 128, 140, 141, 142, 143, 144, 145, 146, 147, 148, 160, 161, 162, 163, 164, 165, 166, 167, 168, 180, 181, 182, 183, 184, 185, 186, 187, 188
01719, 20, 21, 22, 23, 24, 25, 26, 27, 28, 40, 41, 42, 43, 44, 45, 46, 47, 48, 60, 61, 62, 63, 64, 65, 66, 67, 68, 80, 81, 82, 83, 84, 85, 86, 87, 88, 100, 101, 102, 103, 104, 105, 106, 107, 108, 120, 121, 122, 123, 124, 125, 126, 127, 128, 140, 141, 142, 143, 144, 145, 146, 147, 148, 160, 161, 162, 163, 164, 165, 166, 167, 168, 180, 181, 182, 183, 184, 185, 186, 187, 188
01720, 20, 21, 22, 23, 24, 25, 26, 27, 28, 40, 41, 42, 43, 44, 45, 46, 47, 48, 60, 61, 62, 63, 64, 65, 66, 67, 68, 80, 81, 82, 83, 84, 85, 86, 87, 88, 100, 101, 102, 103, 104, 105, 106, 107, 108, 120, 121, 122, 123, 124, 125, 126, 127, 128, 140, 141, 142, 143, 144, 145, 146, 147, 148, 160, 161, 162, 163, 164, 165, 166, 167, 168, 180, 181, 182, 183, 184, 185, 186, 187, 188
01721, 20, 21, 22, 23, 24, 25, 26, 27, 28, 40, 41, 42, 43, 44, 45, 46, 47, 48, 60, 61, 62, 63, 64, 65, 66, 67, 68, 80, 81, 82, 83, 84, 85, 86, 87, 88, 100, 101, 102, 103, 104, 105, 106, 107, 108, 120, 121, 122, 123, 124, 125, 126, 127, 128, 140, 141, 142, 143, 144, 145, 146, 147, 148, 160, 161, 162, 163, 164, 165, 166, 167, 168, 180, 181, 182, 183, 184, 185, 186, 187, 188
01722, 20, 21, 22, 23, 24, 25, 26, 27, 28, 40, 41, 42, 43, 44, 45, 46, 47, 48, 60, 61, 62, 63, 64, 65, 66, 67, 68, 80, 81, 82, 83, 84, 85, 86, 87, 88, 100, 101, 102, 103, 104, 105, 106, 107, 108, 120, 121, 122, 123, 124, 125, 126, 127, 128, 140, 141, 142, 143, 144, 145, 146, 147, 148, 160, 161, 162, 163, 164, 165, 166, 167, 168, 180, 181, 182, 183, 184, 185, 186, 187, 188
01723, 20, 21, 22, 23, 24, 25, 26, 27, 28, 40, 41, 42, 43, 44, 45, 46, 47, 48, 60, 61, 62, 63, 64, 65, 66, 67, 68, 80, 81, 82, 83, 84, 85, 86, 87, 88, 100, 101, 102, 103, 104, 105, 106, 107, 108, 120, 121, 122, 123, 124, 125, 126, 127, 128, 140, 141, 142, 143, 144, 145, 146, 147, 148, 160, 161, 162, 163, 164, 165, 166, 167, 168, 180, 181, 182, 183, 184, 185, 186, 187, 188
01724, 20, 21, 22, 23, 24, 25, 26, 27, 28, 40, 41, 42, 43, 44, 45, 46, 47, 48, 60, 61, 62, 63, 64, 65, 66, 67, 68, 80, 81, 82, 83, 84, 85, 86, 87, 88, 100, 101, 102, 103, 104, 105, 106, 107, 108, 120, 121, 122, 123, 124, 125, 126, 127, 128, 140, 141, 142, 143, 144, 145, 146, 147, 148, 160, 161, 162, 163, 164, 165, 166, 167, 168, 180, 181, 182, 183, 184, 185, 186, 187, 188
01725, 20, 21, 22, 23, 24, 25, 26, 27, 28, 40, 41, 42, 43, 44, 45, 46, 47, 48, 60, 61, 62, 63, 64, 65, 66, 67, 68, 80, 81, 82, 83, 84, 85, 86, 87, 88, 100, 101, 102, 103, 104, 105, 106, 107, 108, 120, 121, 122, 123, 124, 125, 126, 127, 128, 140, 141, 142, 143, 144, 145, 146, 147, 148, 160, 161, 162, 163, 164, 165, 166, 167, 168, 180, 181, 182, 183, 184, 185, 186, 187, 188
01726, 20, 21, 22, 23, 24, 25, 26, 27, 28, 40, 41, 42, 43, 44, 45, 46, 47, 48, 60, 61, 62, 63, 64, 65, 66, 67, 68, 80, 81, 82, 83, 84, 85, 86, 87, 88, 100, 101, 102, 103, 104, 105, 106, 107, 108, 120, 121, 122, 123, 124, 125, 126, 127, 128, 140, 141, 142, 143, 144, 145, 146, 147, 148, 160, 161, 162, 163, 164, 165, 166, 167, 168, 180, 181, 182, 183, 184, 185, 186, 187, 188
01727, 20, 21, 22, 23, 24, 25, 26, 27, 28, 40, 41, 42, 43, 44, 45, 46, 47, 48, 60, 61, 62, 63, 64, 65, 66, 67, 68, 80, 81, 82, 83, 84, 85, 86, 87, 88, 100, 101, 102, 103, 104, 105, 106, 107, 108, 120, 121, 122, 123, 124, 125, 126, 127, 128, 140, 141, 142, 143, 144, 145, 146, 147, 148, 160, 161, 162, 163, 164, 165, 166, 167, 168, 180, 181, 182, 183, 184, 185, 186, 187, 188
01728, 20, 21, 22, 23, 24, 25, 26, 27, 28, 40, 41, 42, 43, 44, 45, 46, 47, 48, 60, 61, 62, 63, 64, 65, 66, 67, 68, 80, 81, 82, 83, 84, 85, 86, 87, 88, 100, 101, 102, 103, 104, 105, 106, 107, 108, 120, 121, 122, 123, 124, 125, 126, 127, 128, 140, 141, 142, 143, 144, 145, 146, 147, 148, 160, 161, 162, 163, 164, 165, 166, 167, 168, 180, 181, 182, 183, 184, 185, 186, 187, 188
01729, 20, 21, 22, 23, 24, 25, 26, 27, 28, 40, 41, 42, 43, 44, 45, 46, 47, 48, 60, 61, 62, 63, 64, 65, 66, 67, 68, 80, 81, 82, 83, 84, 85, 86, 87, 88, 100, 101, 102, 103, 104, 105, 106, 107, 108, 120, 121, 122, 123, 124, 125, 126, 127, 128, 140, 141, 142, 143, 144, 145, 146, 147, 148, 160, 161, 162, 163, 164, 165, 166, 167, 168, 180, 181, 182, 183, 184, 185, 186, 187, 188
01730, 20, 21, 22, 23, 24, 25, 26, 27, 28, 40, 41, 42, 43, 44, 45, 46, 47, 48, 60, 61, 62, 63, 64, 65, 66, 67, 68, 80, 81, 82, 83, 84, 85, 86, 87, 88, 100, 101, 102, 103, 104, 105, 106, 107, 108, 120, 121, 122, 123, 124, 125, 126, 127, 128, 140, 141, 142, 143, 144, 145, 146, 147, 148, 160, 161, 162, 163, 164, 165, 166, 167, 168, 180, 181, 182, 183, 184, 185, 186, 187, 188
01731, 21, 22, 23, 24, 25, 26, 27, 28, 29, 41, 42, 43, 44, 45, 46, 47, 48, 49, 61, 62, 63, 64, 65, 66, 67, 68, 69, 81, 82, 83, 84, 85, 86, 87, 88, 89, 101, 102, 103, 104, 105, 106, 107, 108, 109, 121, 122, 123, 124, 125, 126, 127, 128, 129, 141, 142, 143, 144, 145, 146, 147, 148, 149, 161, 162, 163, 164, 165, 166, 167, 168, 169, 181, 182, 183, 184, 185, 186, 187, 188, 189
01732, 21, 22, 23, 24, 25, 26, 27, 28, 29, 41, 42, 43, 44, 45, 46, 47, 48, 49, 61, 62, 63, 64, 65, 66, 67, 68, 69, 81, 82, 83, 84, 85, 86, 87, 88, 89, 101, 102, 103, 104, 105, 106, 107, 108, 109, 121, 122, 123, 124, 125, 126, 127, 128, 129, 141, 142, 143, 144, 145, 146, 147, 148, 149, 161, 162, 163, 164, 165, 166, 167, 168, 169, 181, 182, 183, 184, 185, 186, 187, 188, 189
01733, 21, 22, 23, 24, 25, 26, 27, 28, 29, 41, 42, 43, 44, 45, 46, 47, 48, 49, 61, 62, 63, 64, 65, 66, 67, 68, 69, 81, 82, 83, 84, 85, 86, 87, 88, 89, 101, 102, 103, 104, 105, 106, 107, 108, 109, 121, 122, 123, 124, 125, 126, 127, 128, 129, 141, 142, 143, 144, 145, 146, 147, 148, 149, 161, 162, 163, 164, 165, 166, 167, 168, 169, 181, 182, 183, 184, 185, 186, 187, 188, 189
01734, 21, 22, 23, 24, 25, 26, 27, 28, 29, 41, 42, 43, 44, 45, 46, 47, 48, 49, 61, 62, 63, 64, 65, 66, 67, 68, 69, 81, 82, 83, 84, 85, 86, 87, 88, 89, 101, 102, 103, 104, 105, 106, 107, 108, 109, 121, 122, 123, 124, 125, 126, 127, 128, 129, 141, 142, 143, 144, 145, 146, 147, 148, 149, 161, 162, 163, 164, 165, 166, 167, 168, 169, 181, 182, 183, 184, 185, 186, 187, 188, 189
01735, 21, 22, 23, 24, 25, 26, 27, 28, 29, 41, 42, 43, 44, 45, 46, 47, 48, 49, 61, 62, 63, 64, 65, 66, 67, 68, 69, 81, 82, 83, 84, 85, 86, 87, 88, 89, 101, 102, 103, 104, 105, 106, 107, 108, 109, 121, 122, 123, 124, 125, 126, 127, 128, 129, 141, 142, 143, 144, 145, 146, 147, 148, 149, 161, 162, 163, 164, 165, 166, 167, 168, 169, 181, 182, 183, 184, 185, 186, 187, 188, 189
01736, 21, 22, 23, 24, 25, 26, 27, 28, 29, 41, 42, 43, 44, 45, 46, 47, 48, 49, 61, 62, 63, 64, 65, 66, 67, 68, 69, 81, 82, 83, 84, 85, 86, 87, 88, 89, 101, 102, 103, 104, 105, 106, 107, 108, 109, 121, 122, 123, 124, 125, 126, 127, 128, 129, 141, 142, 143, 144, 145, 146, 147, 148, 149, 161, 162, 163, 164, 165, 166, 167, 168, 169, 181, 182, 183, 184, 185, 186, 187, 188, 189
01737, 21, 22, 23, 24, 25, 26, 27, 28, 29, 41, 42, 43, 44, 45, 46, 47, 48, 49, 61, 62, 63, 64, 65, 66, 67, 68, 69, 81, 82, 83, 84, 85, 86, 87, 88, 89, 101, 102, 103, 104, 105, 106, 107, 108, 109, 121, 122, 123, 124, 125, 126, 127, 128, 129, 141, 142, 143, 144, 145, 146, 147, 148, 149, 161, 162, 163, 164, 165, 166, 167, 168, 169, 181, 182, 183, 184, 185, 186, 187, 188, 189
01738, 21, 22, 23, 24, 25, 26, 27, 28, 29, 41, 42, 43, 44, 45, 46, 47, 48, 49, 61, 62, 63, 64, 65, 66, 67, 68, 69, 81, 82, 83, 84, 85, 86, 87, 88, 89, 101, 102, 103, 104, 105, 106, 107, 108, 109, 121, 122, 123, 124, 125, 126, 127, 128, 129, 141, 142, 143, 144, 145, 146, 147, 148, 149, 161, 162, 163, 164, 165, 166, 167, 168, 169, 181, 182, 183, 184, 185, 186, 187, 188, 189
01739, 21, 22, 23, 24, 25, 26, 27, 28, 29, 41, 42, 43, 44, 45, 46, 47, 48, 49, 61, 62, 63, 64, 65, 66, 67, 68, 69, 81, 82, 83, 84, 85, 86, 87, 88, 89, 101, 102, 103, 104, 105, 106, 107, 108, 109, 121, 122, 123, 124, 125, 126, 127, 128, 129, 141, 142, 143, 144, 145, 146, 147, 148, 149, 161, 162, 163, 164, 165, 166, 167, 168, 169, 181, 182, 183, 184, 185, 186, 187, 188, 189
01740, 21, 22, 23, 24, 25, 26, 27, 28, 29, 41, 42, 43, 44, 45, 46, 47, 48, 49, 61, 62, 63, 64, 65, 66, 67, 68, 69, 81, 82, 83, 84, 85, 86, 87, 88, 89, 101, 102, 103, 104, 105, 106, 107, 108, 109, 121, 122, 123, 124, 125, 126, 127, 128, 129, 141, 142, 143, 144, 145, 146, 147, 148, 149, 161, 162, 163, 164, 165, 166, 167, 168, 169, 181, 182, 183, 184, 185, 186, 187, 188, 189
01741, 21, 22, 23, 24, 25, 26, 27, 28, 29, 41, 42, 43, 44, 45, 46, 47, 48, 49, 61, 62, 63, 64, 65, 66, 67, 68, 69, 81, 82, 83, 84, 85, 86, 87, 88, 89, 101, 102, 103, 104, 105, 106, 107, 108, 109, 121, 122, 123, 124, 125, 126, 127, 128, 129, 141, 142, 143, 144, 145, 146, 147, 148, 149, 161, 162, 163, 164, 165, 166, 167, 168, 169, 181, 182, 183, 184, 185, 186, 187, 188, 189
01742, 21, 22, 23, 24, 25, 26, 27, 28, 29, 41, 42, 43, 44, 45, 46, 47, 48, 49, 61, 62, 63, 64, 65, 66, 67, 68, 69, 81, 82, 83, 84, 85, 86, 87, 88, 89, 101, 102, 103, 104, 105, 106, 107, 108, 109, 121, 122, 123, 124, 125, 126, 127, 128, 129, 141, 142, 143, 144, 145, 146, 147, 148, 149, 161, 162, 163, 164, 165, 166, 167, 168, 169, 181, 182, 183, 184, 185, 186, 187, 188, 189
01743, 21, 22, 23, 24, 25, 26, 27, 28, 29, 41, 42, 43, 44, 45, 46, 47, 48, 49, 61, 62, 63, 64, 65, 66, 67, 68, 69, 81, 82, 83, 84, 85, 86, 87, 88, 89, 101, 102, 103, 104, 105, 106, 107, 108, 109, 121, 122, 123, 124, 125, 126, 127, 128, 129, 141, 142, 143, 144, 145, 146, 147, 148, 149, 161, 162, 163, 164, 165, 166, 167, 168, 169, 181, 182, 183, 184, 185, 186, 187, 188, 189
01744, 21, 22, 23, 24, 25, 26, 27, 28, 29, 41, 42, 43, 44, 45, 46, 47, 48, 49, 61, 62, 63, 64, 65, 66, 67, 68, 69, 81, 82, 83, 84, 85, 86, 87, 88, 89, 101, 102, 103, 104, 105, 106, 107, 108, 109, 121, 122, 123, 124, 125, 126, 127, 128, 129, 141, 142, 143, 144, 145, 146, 147, 148, 149, 161, 162, 163, 164, 165, 166, 167, 168, 169, 181, 182, 183, 184, 185, 186, 187, 188, 189
01745, 21, 22, 23, 24, 25, 26, 27, 28, 29, 41, 42, 43, 44, 45, 46, 47, 48, 49, 61, 62, 63, 64, 65, 66, 67, 68, 69, 81, 82, 83, 84, 85, 86, 87, 88, 89, 101, 102, 103, 104, 105, 106, 107, 108, 109, 121, 122, 123, 124, 125, 126, 127, 128, 129, 141, 142, 143, 144, 145, 146, 147, 148, 149, 161, 162, 163, 164, 165, 166, 167, 168, 169, 181, 182, 183, 184, 185, 186, 187, 188, 189
01746, 21, 22, 23, 24, 25, 26, 27, 28, 29, 41, 42, 43, 44, 45, 46, 47, 48, 49, 61, 62, 63, 64, 65, 66, 67, 68, 69, 81, 82, 83, 84, 85, 86, 87, 88, 89, 101, 102, 103, 104, 105, 106, 107, 108, 109, 121, 122, 123, 124, 125, 126, 127, 128, 129, 141, 142, 143, 144, 145, 146, 147, 148, 149, 161, 162, 163, 164, 165, 166, 167, 168, 169, 181, 182, 183, 184, 185, 186, 187, 188, 189
01747, 21, 22, 23, 24, 25, 26, 27, 28, 29, 41, 42, 43, 44, 45, 46, 47, 48, 49, 61, 62, 63, 64, 65, 66, 67, 68, 69, 81, 82, 83, 84, 85, 86, 87, 88, 89, 101, 102, 103, 104, 105, 106, 107, 108, 109, 121, 122, 123, 124, 125, 126, 127, 128, 129, 141, 142, 143, 144, 145, 146, 147, 148, 149, 161, 162, 163, 164, 165, 166, 167, 168, 169, 181, 182, 183, 184, 185, 186, 187, 188, 189
01748, 21, 22, 23, 24, 25, 26, 27, 28, 29, 41, 42, 43, 44, 45, 46, 47, 48, 49, 61, 62, 63, 64, 65, 66, 67, 68, 69, 81, 82, 83, 84, 85, 86, 87, 88, 89, 101, 102, 103, 104, 105, 106, 107, 108, 109, 121, 122, 123, 124, 125, 126, 127, 128, 129, 141, 142, 143, 144, 145, 146, 147, 148, 149, 161, 162, 163, 164, 165, 166, 167, 168, 169, 181, 182, 183, 184, 185, 186, 187, 188, 189
01749, 21, 22, 23, 24, 25, 26, 27, 28, 29, 41, 42, 43, 44, 45, 46, 47, 48, 49, 61, 62, 63, 64, 65, 66, 67, 68, 69, 81, 82, 83, 84, 85, 86, 87, 88, 89, 101, 102, 103, 104, 105, 106, 107, 108, 109, 121, 122, 123, 124, 125, 126, 127, 128, 129, 141, 142, 143, 144, 145, 146, 147, 148, 149, 161, 162, 163, 164, 165, 166, 167, 168, 169, 181, 182, 183, 184, 185, 186, 187, 188, 189
01750, 22, 23, 24, 25, 26, 27, 28, 29, 30, 42, 43, 44, 45, 46, 47, 48, 49, 50, 62, 63, 64, 65, 66, 67, 68, 69, 70, 82, 83, 84, 85, 86, 87, 88, 89, 90, 102, 103, 104, 105, 106, 107, 108, 109, 110, 122, 123, 124, 125, 126, 127, 128, 129, 130, 142, 143, 144, 145, 146, 147, 148, 149, 150, 162, 163, 164, 165, 166, 167, 168, 169, 170, 182, 183, 184, 185, 186, 187, 188, 189, 190
01751, 22, 23, 24, 25, 26, 27, 28, 29, 30, 42, 43, 44, 45, 46, 47, 48, 49, 50, 62, 63, 64, 65, 66, 67, 68, 69, 70, 82, 83, 84, 85, 86, 87, 88, 89, 90, 102, 103, 104, 105, 106, 107, 108, 109, 110, 122, 123, 124, 125, 126, 127, 128, 129, 130, 142, 143, 144, 145, 146, 147, 148, 149, 150, 162, 163, 164, 165, 166, 167, 168, 169, 170, 182, 183, 184, 185, 186, 187, 188, 189, 190
01752, 22, 23, 24, 25, 26, 27, 28, 29, 30, 42, 43, 44, 45, 46, 47, 48, 49, 50, 62, 63, 64, 65, 66, 67, 68, 69, 70, 82, 83, 84, 85, 86, 87, 88, 89, 90, 102, 103, 104, 105, 106, 107, 108, 109, 110, 122, 123, 124, 125, 126, 127, 128, 129, 130, 142, 143, 144, 145, 146, 147, 148, 149, 150, 162, 163, 164, 165, 166, 167, 168, 169, 170, 182, 183, 184, 185, 186, 187, 188, 189, 190
01753, 22, 23, 24, 25, 26, 27, 28, 29, 30, 42, 43, 44, 45, 46, 47, 48, 49, 50, 62, 63, 64, 65, 66, 67, 68, 69, 70, 82, 83, 84, 85, 86, 87, 88, 89, 90, 102, 103, 104, 105, 106, 107, 108, 109, 110, 122, 123, 124, 125, 126, 127, 128, 129, 130, 142, 143, 144, 145, 146, 147, 148, 149, 150, 162, 163, 164, 165, 166, 167, 168, 169, 170, 182, 183, 184, 185, 186, 187, 188, 189, 190
01754, 22, 23, 24, 25, 26, 27, 28, 29, 30, 42, 43, 44, 45, 46, 47, 48, 49, 50, 62, 63, 64, 65, 66, 67, 68, 69, 70, 82, 83, 84, 85, 86, 87, 88, 89, 90, 102, 103, 104, 105, 106, 107, 108, 109, 110, 122, 123, 124, 125, 126, 127, 128, 129, 130, 142, 143, 144, 145, 146, 147, 148, 149, 150, 162, 163, 164, 165, 166, 167, 168, 169, 170, 182, 183, 184, 185, 186, 187, 188, 189, 190
01755, 22, 23, 24, 25, 26, 27, 28, 29, 30, 42, 43, 44, 45, 46, 47, 48, 49, 50, 62, 63, 64, 65, 66, 67, 68, 69, 70, 82, 83, 84, 85, 86, 87, 88, 89, 90, 102, 103, 104, 105, 106, 107, 108, 109, 110, 122, 123, 124, 125, 126, 127, 128, 129, 130, 142, 143, 144, 145, 146, 147, 148, 149, 150, 162, 163, 164, 165, 166, 167, 168, 169, 170, 182, 183, 184, 185, 186, 187, 188, 189, 190
01756, 22, 23, 24, 25, 26, 27, 28, 29, 30, 42, 43, 44, 45, 46, 47, 48, 49, 50, 62, 63, 64, 65, 66, 67, 68, 69, 70, 82, 83, 84, 85, 86, 87, 88, 89, 90, 102, 103, 104, 105, 106, 107, 108, 109, 110, 122, 123, 124, 125, 126, 127, 128, 129, 130, 142, 143, 144, 145, 146, 147, 148, 149, 150, 162, 163, 164, 165, 166, 167, 168, 169, 170, 182, 183, 184, 185, 186, 187, 188, 189, 190
01757, 22, 23, 24, 25, 26, 27, 28, 29, 30, 42, 43, 44, 45, 46, 47, 48, 49, 50, 62, 63, 64, 65, 66, 67, 68, 69, 70, 82, 83, 84, 85, 86, 87, 88, 89, 90, 102, 103, 104, 105, 106, 107, 108, 109, 110, 122, 123, 124, 125, 126, 127, 128, 129, 130, 142, 143, 144, 145, 146, 147, 148, 149, 150, 162, 163, 164, 165, 166, 167, 168, 169, 170, 182, 183, 184, 185, 186, 187, 188, 189, 190
01758, 22, 23, 24, 25, 26, 27, 28, 29, 30, 42, 43, 44, 45, 46, 47, 48, 49, 50, 62, 63, 64, 65, 66, 67, 68, 69, 70, 82, 83, 84, 85, 86, 87, 88, 89, 90, 102, 103, 104, 105, 106, 107, 108, 109, 110, 122, 123, 124, 125, 126, 127, 128, 129, 130, 142, 143, 144, 145, 146, 147, 148, 149, 150, 162, 163, 164, 165, 166, 167, 168, 169, 170, 182, 183, 184, 185, 186, 187, 188, 189, 190
01759, 22, 23, 24, 25, 26, 27, 28, 29, 30, 42, 43, 44, 45, 46, 47, 48, 49, 50, 62, 63, 64, 65, 66, 67, 68, 69, 70, 82, 83, 84, 85, 86, 87, 88, 89, 90, 102, 103, 104, 105, 106, 107, 108, 109, 110, 122, 123, 124, 125, 126, 127, 128, 129, 130, 142, 143, 144, 145, 146, 147, 148, 149, 150, 162, 163, 164, 165, 166, 167, 168, 169, 170, 182, 183, 184, 185, 186, 187, 188, 189, 190
01760, 22, 23, 24, 25, 26, 27, 28, 29, 30, 42, 43, 44, 45, 46, 47, 48, 49, 50, 62, 63, 64, 65, 66, 67, 68, 69, 70, 82, 83, 84, 85, 86, 87, 88, 89, 90, 102, 103, 104, 105, 106, 107, 108, 109, 110, 122, 123, 124, 125, 126, 127, 128, 129, 130, 142, 143, 144, 145, 146, 147, 148, 149, 150, 162, 163, 164, 165, 166, 167, 168, 169, 170, 182, 183, 184, 185, 186, 187, 188, 189, 190
01761, 22, 23, 24, 25, 26, 27, 28, 29, 30, 42, 43, 44, 45, 46, 47, 48, 49, 50, 62, 63, 64, 65, 66, 67, 68, 69, 70, 82, 83, 84, 85, 86, 87, 88, 89, 90, 102, 103, 104, 105, 106, 107, 108, 109, 110, 122, 123, 124, 125, 126, 127, 128, 129, 130, 142, 143, 144, 145, 146, 147, 148, 149, 150, 162, 163, 164, 165, 166, 167, 168, 169, 170, 182, 183, 184, 185, 186, 187, 188, 189, 190
01762, 22, 23, 24, 25, 26, 27, 28, 29, 30, 42, 43, 44, 45, 46, 47, 48, 49, 50, 62, 63, 64, 65, 66, 67, 68, 69, 70, 82, 83, 84, 85, 86, 87, 88, 89, 90, 102, 103, 104, 105, 106, 107, 108, 109, 110, 122, 123, 124, 125, 126, 127, 128, 129, 130, 142, 143, 144, 145, 146, 147, 148, 149, 150, 162, 163, 164, 165, 166, 167, 168, 169, 170, 182, 183, 184, 185, 186, 187, 188, 189, 190
01763, 22, 23, 24, 25, 26, 27, 28, 29, 30, 42, 43, 44, 45, 46, 47, 48, 49, 50, 62, 63, 64, 65, 66, 67, 68, 69, 70, 82, 83, 84, 85, 86, 87, 88, 89, 90, 102, 103, 104, 105, 106, 107, 108, 109, 110, 122, 123, 124, 125, 126, 127, 128, 129, 130, 142, 143, 144, 145, 146, 147, 148, 149, 150, 162, 163, 164, 165, 166, 167, 168, 169, 170, 182, 183, 184, 185, 186, 187, 188, 189, 190
01764, 42, 43, 44, 45, 46, 47, 48, 49, 50, 62, 63, 64, 65, 66, 67, 68, 69, 70, 82, 83, 84, 85, 86, 87, 88, 89, 90, 102, 103, 104, 105, 106, 107, 108, 109, 110, 122, 123, 124, 125, 126, 127, 128, 129, 130, 142, 143, 144, 145, 146, 147, 148, 149, 150, 162, 163, 164, 165, 166, 167, 168, 169, 170, 182, 183, 184, 185, 186, 187, 188, 189, 190
01765, 42, 43, 44, 45, 46, 47, 48, 49, 50, 62, 63, 64, 65, 66, 67, 68, 69, 70, 82, 83, 84, 85, 86, 87, 88, 89, 90, 102, 103, 104, 105, 106, 107, 108, 109, 110, 122, 123, 124, 125, 126, 127, 128, 129, 130, 142, 143, 144, 145, 146, 147, 148, 149, 150, 162, 163, 164, 165, 166, 167, 168, 169, 170, 182, 183, 184, 185, 186, 187, 188, 189, 190
01766, 43, 44, 45, 46, 47, 48, 49, 50, 51, 63, 64, 65, 66, 67, 68, 69, 70, 71, 83, 84, 85, 86, 87, 88, 89, 90, 91, 103, 104, 105, 106, 107, 108, 109, 110, 111, 123, 124, 125, 126, 127, 128, 129, 130, 131, 143, 144, 145, 146, 147, 148, 149, 150, 151, 163, 164, 165, 166, 167, 168, 169, 170, 171, 183, 184, 185, 186, 187, 188, 189, 190, 191
01767, 43, 44, 45, 46, 47, 48, 49, 50, 51, 63, 64, 65, 66, 67, 68, 69, 70, 71, 83, 84, 85, 86, 87, 88, 89, 90, 91, 103, 104, 105, 106, 107, 108, 109, 110, 111, 123, 124, 125, 126, 127, 128, 129, 130, 131, 143, 144, 145, 146, 147, 148, 149, 150, 151, 163, 164, 165, 166, 167, 168, 169, 170, 171, 183, 184, 185, 186, 187, 188, 189, 190, 191
01768, 43, 44, 45, 46, 47, 48, 49, 50, 51, 63, 64, 65, 66, 67, 68, 69, 70, 71, 83, 84, 85, 86, 87, 88, 89, 90, 91, 103, 104, 105, 106, 107, 108, 109, 110, 111, 123, 124, 125, 126, 127, 128, 129, 130, 131, 143, 144, 145, 146, 147, 148, 149, 150, 151, 163, 164, 165, 166, 167, 168, 169, 170, 171, 183, 184, 185, 186, 187, 188, 189, 190, 191
01769, 43, 44, 45, 46, 47, 48, 49, 50, 51, 63, 64, 65, 66, 67, 68, 69, 70, 71, 83, 84, 85, 86, 87, 88, 89, 90, 91, 103, 104, 105, 106, 107, 108, 109, 110, 111, 123, 124, 125, 126, 127, 128, 129, 130, 131, 143, 144, 145, 146, 147, 148, 149, 150, 151, 163, 164, 165, 166, 167, 168, 169, 170, 171, 183, 184, 185, 186, 187, 188, 189, 190, 191
01770, 43, 44, 45, 46, 47, 48, 49, 50, 51, 63, 64, 65, 66, 67, 68, 69, 70, 71, 83, 84, 85, 86, 87, 88, 89, 90, 91, 103, 104, 105, 106, 107, 108, 109, 110, 111, 123, 124, 125, 126, 127, 128, 129, 130, 131, 143, 144, 145, 146, 147, 148, 149, 150, 151, 163, 164, 165, 166, 167, 168, 169, 170, 171, 183, 184, 185, 186, 187, 188, 189, 190, 191
01771, 43, 44, 45, 46, 47, 48, 49, 50, 51, 63, 64, 65, 66, 67, 68, 69, 70, 71, 83, 84, 85, 86, 87, 88, 89, 90, 91, 103, 104, 105, 106, 107, 108, 109, 110, 111, 123, 124, 125, 126, 127, 128, 129, 130, 131, 143, 144, 145, 146, 147, 148, 149, 150, 151, 163, 164, 165, 166, 167, 168, 169, 170, 171, 183, 184, 185, 186, 187, 188, 189, 190, 191
01772, 43, 44, 45, 46, 47, 48, 49, 50, 51, 63, 64, 65, 66, 67, 68, 69, 70, 71, 83, 84, 85, 86, 87, 88, 89, 90, 91, 103, 104, 105, 106, 107, 108, 109, 110, 111, 123, 124, 125, 126, 127, 128, 129, 130, 131, 143, 144, 145, 146, 147, 148, 149, 150, 151, 163, 164, 165, 166, 167, 168, 169, 170, 171, 183, 184, 185, 186, 187, 188, 189, 190, 191
01773, 43, 44, 45, 46, 47, 48, 49, 50, 51, 63, 64, 65, 66, 67, 68, 69, 70, 71, 83, 84, 85, 86, 87, 88, 89, 90, 91, 103, 104, 105, 106, 107, 108, 109, 110, 111, 123, 124, 125, 126, 127, 128, 129, 130, 131, 143, 144, 145, 146, 147, 148, 149, 150, 151, 163, 164, 165, 166, 167, 168, 169, 170, 171, 183, 184, 185, 186, 187, 188, 189, 190, 191
01774, 43, 44, 45, 46, 47, 48, 49, 50, 51, 63, 64, 65, 66, 67, 68, 69, 70, 71, 83, 84, 85, 86, 87, 88, 89, 90, 91, 103, 104, 105, 106, 107, 108, 109, 110, 111, 123, 124, 125, 126, 127, 128, 129, 130, 131, 143, 144, 145, 146, 147, 148, 149, 150, 151, 163, 164, 165, 166, 167, 168, 169, 170, 171, 183, 184, 185, 186, 187, 188, 189, 190, 191
01775, 43, 44, 45, 46, 47, 48, 49, 50, 51, 63, 64, 65, 66, 67, 68, 69, 70, 71, 83, 84, 85, 86, 87, 88, 89, 90, 91, 103, 104, 105, 106, 107, 108, 109, 110, 111, 123, 124, 125, 126, 127, 128, 129, 130, 131, 143, 144, 145, 146, 147, 148, 149, 150, 151, 163, 164, 165, 166, 167, 168, 169, 170, 171, 183, 184, 185, 186, 187, 188, 189, 190, 191
01776, 43, 44, 45, 46, 47, 48, 49, 50, 51, 63, 64, 65, 66, 67, 68, 69, 70, 71, 83, 84, 85, 86, 87, 88, 89, 90, 91, 103, 104, 105, 106, 107, 108, 109, 110, 111, 123, 124, 125, 126, 127, 128, 129, 130, 131, 143, 144, 145, 146, 147, 148, 149, 150, 151, 163, 164, 165, 166, 167, 168, 169, 170, 171, 183, 184, 185, 186, 187, 188, 189, 190, 191
01777, 43, 44, 45, 46, 47, 48, 49, 50, 51, 63, 64, 65, 66, 67, 68, 69, 70, 71, 83, 84, 85, 86, 87, 88, 89, 90, 91, 103, 104, 105, 106, 107, 108, 109, 110, 111, 123, 124, 125, 126, 127, 128, 129, 130, 131, 143, 144, 145, 146, 147, 148, 149, 150, 151, 163, 164, 165, 166, 167, 168, 169, 170, 171, 183, 184, 185, 186, 187, 188, 189, 190, 191
01778, 43, 44, 45, 46, 47, 48, 49, 50, 51, 63, 64, 65, 66, 67, 68, 69, 70, 71, 83, 84, 85, 86, 87, 88, 89, 90, 91, 103, 104, 105, 106, 107, 108, 109, 110, 111, 123, 124, 125, 126, 127, 128, 129, 130, 131, 143, 144, 145, 146, 147, 148, 149, 150, 151, 163, 164, 165, 166, 167, 168, 169, 170, 171, 183, 184, 185, 186, 187, 188, 189, 190, 191
01779, 43, 44, 45, 46, 47, 48, 49, 50, 51, 63, 64, 65, 66, 67, 68, 69, 70, 71, 83, 84, 85, 86, 87, 88, 89, 90, 91, 103, 104, 105, 106, 107, 108, 109, 110, 111, 123, 124, 125, 126, 127, 128, 129, 130, 131, 143, 144, 145, 146, 147, 148, 149, 150, 151, 163, 164, 165, 166, 167, 168, 169, 170, 171, 183, 184, 185, 186, 187, 188, 189, 190, 191
01780, 43, 44, 45, 46, 47, 48, 49, 50, 51, 63, 64, 65, 66, 67, 68, 69, 70, 71, 83, 84, 85, 86, 87, 88, 89, 90, 91, 103, 104, 105, 106, 107, 108, 109, 110, 111, 123, 124, 125, 126, 127, 128, 129, 130, 131, 143, 144, 145, 146, 147, 148, 149, 150, 151, 163, 164, 165, 166, 167, 168, 169, 170, 171, 183, 184, 185, 186, 187, 188, 189, 190, 191
01781, 44, 45, 46, 47, 48, 49, 50, 51, 52, 64, 65, 66, 67, 68, 69, 70, 71, 72, 84, 85, 86, 87, 88, 89, 90, 91, 92, 104, 105, 106, 107, 108, 109, 110, 111, 112, 124, 125, 126, 127, 128, 129, 130, 131, 132, 144, 145, 146, 147, 148, 149, 150, 151, 152, 164, 165, 166, 167, 168, 169, 170, 171, 172, 184, 185, 186, 187, 188, 189, 190, 191, 192
01782, 44, 45, 46, 47, 48, 49, 50, 51, 52, 64, 65, 66, 67, 68, 69, 70, 71, 72, 84, 85, 86, 87, 88, 89, 90, 91, 92, 104, 105, 106, 107, 108, 109, 110, 111, 112, 124, 125, 126, 127, 128, 129, 130, 131, 132, 144, 145, 146, 147, 148, 149, 150, 151, 152, 164, 165, 166, 167, 168, 169, 170, 171, 172, 184, 185, 186, 187, 188, 189, 190, 191, 192
01783, 44, 45, 46, 47, 48, 49, 50, 51, 52, 64, 65, 66, 67, 68, 69, 70, 71, 72, 84, 85, 86, 87, 88, 89, 90, 91, 92, 104, 105, 106, 107, 108, 109, 110, 111, 112, 124, 125, 126, 127, 128, 129, 130, 131, 132, 144, 145, 146, 147, 148, 149, 150, 151, 152, 164, 165, 166, 167, 168, 169, 170, 171, 172, 184, 185, 186, 187, 188, 189, 190, 191, 192
01784, 44, 45, 46, 47, 48, 49, 50, 51, 52, 64, 65, 66, 67, 68, 69, 70, 71, 72, 84, 85, 86, 87, 88, 89, 90, 91, 92, 104, 105, 106, 107, 108, 109, 110, 111, 112, 124, 125, 126, 127, 128, 129, 130, 131, 132, 144, 145, 146, 147, 148, 149, 150, 151, 152, 164, 165, 166, 167, 168, 169, 170, 171, 172, 184, 185, 186, 187, 188, 189, 190, 191, 192
01785, 44, 45, 46, 47, 48, 49, 50, 51, 52, 64, 65, 66, 67, 68, 69, 70, 71, 72, 84, 85, 86, 87, 88, 89, 90, 91, 92, 104, 105, 106, 107, 108, 109, 110, 111, 112, 124, 125, 126, 127, 128, 129, 130, 131, 132, 144, 145, 146, 147, 148, 149, 150, 151, 152, 164, 165, 166, 167, 168, 169, 170, 171, 172, 184, 185, 186, 187, 188, 189, 190, 191, 192
01786, 44, 45, 46, 47, 48, 49, 50, 51, 52, 64, 65, 66, 67, 68, 69, 70, 71, 72, 84, 85, 86, 87, 88, 89, 90, 91, 92, 104, 105, 106, 107, 108, 109, 110, 111, 112, 124, 125, 126, 127, 128, 129, 130, 131, 132, 144, 145, 146, 147, 148, 149, 150, 151, 152, 164, 165, 166, 167, 168, 169, 170, 171, 172, 184, 185, 186, 187, 188, 189, 190, 191, 192
01787, 44, 45, 46, 47, 48, 49, 50, 51, 52, 64, 65, 66, 67, 68, 69, 70, 71, 72, 84, 85, 86, 87, 88, 89, 90, 91, 92, 104, 105, 106, 107, 108, 109, 110, 111, 112, 124, 125, 126, 127, 128, 129, 130, 131, 132, 144, 145, 146, 147, 148, 149, 150, 151, 152, 164, 165, 166, 167, 168, 169, 170, 171, 172, 184, 185, 186, 187, 188, 189, 190, 191, 192
01788, 44, 45, 46, 47, 48, 49, 50, 51, 52, 64, 65, 66, 67, 68, 69, 70, 71, 72, 84, 85, 86, 87, 88, 89, 90, 91, 92, 104, 105, 106, 107, 108, 109, 110, 111, 112, 124, 125, 126, 127, 128, 129, 130, 131, 132, 144, 145, 146, 147, 148, 149, 150, 151, 152, 164, 165, 166, 167, 168, 169, 170, 171, 172, 184, 185, 186, 187, 188, 189, 190, 191, 192
01789, 44, 45, 46, 47, 48, 49, 50, 51, 52, 64, 65, 66, 67, 68, 69, 70, 71, 72, 84, 85, 86, 87, 88, 89, 90, 91, 92, 104, 105, 106, 107, 108, 109, 110, 111, 112, 124, 125, 126, 127, 128, 129, 130, 131, 132, 144, 145, 146, 147, 148, 149, 150, 151, 152, 164, 165, 166, 167, 168, 169, 170, 171, 172, 184, 185, 186, 187, 188, 189, 190, 191, 192
01790, 44, 45, 46, 47, 48, 49, 50, 51, 52, 64, 65, 66, 67, 68, 69, 70, 71, 72, 84, 85, 86, 87, 88, 89, 90, 91, 92, 104, 105, 106, 107, 108, 109, 110, 111, 112, 124, 125, 126, 127, 128, 129, 130, 131, 132, 144, 145, 146, 147, 148, 149, 150, 151, 152, 164, 165, 166, 167, 168, 169, 170, 171, 172, 184, 185, 186, 187, 188, 189, 190, 191, 192
01791, 44, 45, 46, 47, 48, 49, 50, 51, 52, 64, 65, 66, 67, 68, 69, 70, 71, 72, 84, 85, 86, 87, 88, 89, 90, 91, 92, 104, 105, 106, 107, 108, 109, 110, 111, 112, 124, 125, 126, 127, 128, 129, 130, 131, 132, 144, 145, 146, 147, 148, 149, 150, 151, 152, 164, 165, 166, 167, 168, 169, 170, 171, 172, 184, 185, 186, 187, 188, 189, 190, 191, 192
01792, 44, 45, 46, 47, 48, 49, 50, 51, 52, 64, 65, 66, 67, 68, 69, 70, 71, 72, 84, 85, 86, 87, 88, 89, 90, 91, 92, 104, 105, 106, 107, 108, 109, 110, 111, 112, 124, 125, 126, 127, 128, 129, 130, 131, 132, 144, 145, 146, 147, 148, 149, 150, 151, 152, 164, 165, 166, 167, 168, 169, 170, 171, 172, 184, 185, 186, 187, 188, 189, 190, 191, 192
01793, 44, 45, 46, 47, 48, 49, 50, 51, 52, 64, 65, 66, 67, 68, 69, 70, 71, 72, 84, 85, 86, 87, 88, 89, 90, 91, 92, 104, 105, 106, 107, 108, 109, 110, 111, 112, 124, 125, 126, 127, 128, 129, 130, 131, 132, 144, 145, 146, 147, 148, 149, 150, 151, 152, 164, 165, 166, 167, 168, 169, 170, 171, 172, 184, 185, 186, 187, 188, 189, 190, 191, 192
01794, 44, 45, 46, 47, 48, 49, 50, 51, 52, 64, 65, 66, 67, 68, 69, 70, 71, 72, 84, 85, 86, 87, 88, 89, 90, 91, 92, 104, 105, 106, 107, 108, 109, 110, 111, 112, 124, 125, 126, 127, 128, 129, 130, 131, 132, 144, 145, 146, 147, 148, 149, 150, 151, 152, 164, 165, 166, 167, 168, 169, 170, 171, 172, 184, 185, 186, 187, 188, 189, 190, 191, 192
01795, 45, 46, 47, 48, 49, 50, 51, 52, 53, 65, 66, 67, 68, 69, 70, 71, 72, 73, 85, 86, 87, 88, 89, 90, 91, 92, 93, 105, 106, 107, 108, 109, 110, 111, 112, 113, 125, 126, 127, 128, 129, 130, 131, 132, 133, 145, 146, 147, 148, 149, 150, 151, 152, 153, 165, 166, 167, 168, 169, 170, 171, 172, 173, 185, 186, 187, 188, 189, 190, 191, 192, 193
01796, 45, 46, 47, 48, 49, 50, 51, 52, 53, 65, 66, 67, 68, 69, 70, 71, 72, 73, 85, 86, 87, 88, 89, 90, 91, 92, 93, 105, 106, 107, 108, 109, 110, 111, 112, 113, 125, 126, 127, 128, 129, 130, 131, 132, 133, 145, 146, 147, 148, 149, 150, 151, 152, 153, 165, 166, 167, 168, 169, 170, 171, 172, 173, 185, 186, 187, 188, 189, 190, 191, 192, 193
01797, 45, 46, 47, 48, 49, 50, 51, 52, 53, 65, 66, 67, 68, 69, 70, 71, 72, 73, 85, 86, 87, 88, 89, 90, 91, 92, 93, 105, 106, 107, 108, 109, 110, 111, 112, 113, 125, 126, 127, 128, 129, 130, 131, 132, 133, 145, 146, 147, 148, 149, 150, 151, 152, 153, 165, 166, 167, 168, 169, 170, 171, 172, 173, 185, 186, 187, 188, 189, 190, 191, 192, 193
01798, 45, 46, 47, 48, 49, 50, 51, 52, 53, 65, 66, 67, 68, 69, 70, 71, 72, 73, 85, 86, 87, 88, 89, 90, 91, 92, 93, 105, 106, 107, 108, 109, 110, 111, 112, 113, 125, 126, 127, 128, 129, 130, 131, 132, 133, 145, 146, 147, 148, 149, 150, 151, 152, 153, 165, 166, 167, 168, 169, 170, 171, 172, 173, 185, 186, 187, 188, 189, 190, 191, 192, 193
01799, 45, 46, 47, 48, 49, 50, 51, 52, 53, 65, 66, 67, 68, 69, 70, 71, 72, 73, 85, 86, 87, 88, 89, 90, 91, 92, 93, 105, 106, 107, 108, 109, 110, 111, 112, 113, 125, 126, 127, 128, 129, 130, 131, 132, 133, 145, 146, 147, 148, 149, 150, 151, 152, 153, 165, 166, 167, 168, 169, 170, 171, 172, 173, 185, 186, 187, 188, 189, 190, 191, 192, 193
01800, 45, 46, 47, 48, 49, 50, 51, 52, 53, 65, 66, 67, 68, 69, 70, 71, 72, 73, 85, 86, 87, 88, 89, 90, 91, 92, 93, 105, 106, 107, 108, 109, 110, 111, 112, 113, 125, 126, 127, 128, 129, 130, 131, 132, 133, 145, 146, 147, 148, 149, 150, 151, 152, 153, 165, 166, 167, 168, 169, 170, 171, 172, 173, 185, 186, 187, 188, 189, 190, 191, 192, 193
01801, 45, 46, 47, 48, 49, 50, 51, 52, 53, 65, 66, 67, 68, 69, 70, 71, 72, 73, 85, 86, 87, 88, 89, 90, 91, 92, 93, 105, 106, 107, 108, 109, 110, 111, 112, 113, 125, 126, 127, 128, 129, 130, 131, 132, 133, 145, 146, 147, 148, 149, 150, 151, 152, 153, 165, 166, 167, 168, 169, 170, 171, 172, 173, 185, 186, 187, 188, 189, 190, 191, 192, 193
