no. frames, tile numbers
00001, 88, 89, 90, 108, 109, 110, 128, 129, 130, 148, 149, 150, 168, 169, 170
00002, 88, 89, 90, 108, 109, 110, 128, 129, 130, 148, 149, 150, 168, 169, 170
00003, 88, 89, 90, 108, 109, 110, 128, 129, 130, 148, 149, 150, 168, 169, 170
00004, 88, 89, 90, 108, 109, 110, 128, 129, 130, 148, 149, 150, 168, 169, 170
00005, 88, 89, 90, 108, 109, 110, 128, 129, 130, 148, 149, 150, 168, 169, 170
00006, 88, 89, 90, 108, 109, 110, 128, 129, 130, 148, 149, 150, 168, 169, 170
00007, 88, 89, 90, 108, 109, 110, 128, 129, 130, 148, 149, 150, 168, 169, 170
00008, 88, 89, 90, 108, 109, 110, 128, 129, 130, 148, 149, 150, 168, 169, 170
00009, 89, 90, 91, 109, 110, 111, 129, 130, 131, 149, 150, 151, 169, 170, 171
00010, 89, 90, 91, 109, 110, 111, 129, 130, 131, 149, 150, 151, 169, 170, 171
00011, 89, 90, 91, 109, 110, 111, 129, 130, 131, 149, 150, 151, 169, 170, 171
00012, 89, 90, 91, 109, 110, 111, 129, 130, 131, 149, 150, 151, 169, 170, 171
00013, 89, 90, 91, 109, 110, 111, 129, 130, 131, 149, 150, 151, 169, 170, 171
00014, 89, 90, 91, 109, 110, 111, 129, 130, 131, 149, 150, 151, 169, 170, 171
00015, 89, 90, 91, 109, 110, 111, 129, 130, 131, 149, 150, 151, 169, 170, 171
00016, 89, 90, 91, 109, 110, 111, 129, 130, 131, 149, 150, 151, 169, 170, 171
00017, 89, 90, 91, 109, 110, 111, 129, 130, 131, 149, 150, 151, 169, 170, 171
00018, 89, 90, 91, 109, 110, 111, 129, 130, 131, 149, 150, 151, 169, 170, 171
00019, 89, 90, 91, 109, 110, 111, 129, 130, 131, 149, 150, 151, 169, 170, 171
00020, 89, 90, 91, 109, 110, 111, 129, 130, 131, 149, 150, 151, 169, 170, 171
00021, 89, 90, 91, 109, 110, 111, 129, 130, 131, 149, 150, 151, 169, 170, 171
00022, 89, 90, 91, 109, 110, 111, 129, 130, 131, 149, 150, 151, 169, 170, 171
00023, 90, 91, 92, 110, 111, 112, 130, 131, 132, 150, 151, 152, 170, 171, 172
00024, 90, 91, 92, 110, 111, 112, 130, 131, 132, 150, 151, 152, 170, 171, 172
00025, 90, 91, 92, 110, 111, 112, 130, 131, 132, 150, 151, 152, 170, 171, 172
00026, 90, 91, 92, 110, 111, 112, 130, 131, 132, 150, 151, 152, 170, 171, 172
00027, 90, 91, 92, 110, 111, 112, 130, 131, 132, 150, 151, 152, 170, 171, 172
00028, 90, 91, 92, 110, 111, 112, 130, 131, 132, 150, 151, 152, 170, 171, 172
00029, 90, 91, 92, 110, 111, 112, 130, 131, 132, 150, 151, 152, 170, 171, 172
00030, 90, 91, 92, 110, 111, 112, 130, 131, 132, 150, 151, 152, 170, 171, 172
00031, 90, 91, 92, 110, 111, 112, 130, 131, 132, 150, 151, 152, 170, 171, 172
00032, 90, 91, 92, 110, 111, 112, 130, 131, 132, 150, 151, 152, 170, 171, 172
00033, 90, 91, 92, 110, 111, 112, 130, 131, 132, 150, 151, 152, 170, 171, 172
00034, 90, 91, 92, 110, 111, 112, 130, 131, 132, 150, 151, 152, 170, 171, 172
00035, 90, 91, 92, 110, 111, 112, 130, 131, 132, 150, 151, 152, 170, 171, 172
00036, 90, 91, 92, 110, 111, 112, 130, 131, 132, 150, 151, 152, 170, 171, 172
00037, 90, 91, 92, 110, 111, 112, 130, 131, 132, 150, 151, 152, 170, 171, 172
00038, 91, 92, 93, 111, 112, 113, 131, 132, 133, 151, 152, 153, 171, 172, 173
00039, 91, 92, 93, 111, 112, 113, 131, 132, 133, 151, 152, 153, 171, 172, 173
00040, 91, 92, 93, 111, 112, 113, 131, 132, 133, 151, 152, 153, 171, 172, 173
00041, 91, 92, 93, 111, 112, 113, 131, 132, 133, 151, 152, 153, 171, 172, 173
00042, 91, 92, 93, 111, 112, 113, 131, 132, 133, 151, 152, 153, 171, 172, 173
00043, 91, 92, 93, 111, 112, 113, 131, 132, 133, 151, 152, 153, 171, 172, 173
00044, 91, 92, 93, 111, 112, 113, 131, 132, 133, 151, 152, 153, 171, 172, 173
00045, 91, 92, 93, 111, 112, 113, 131, 132, 133, 151, 152, 153, 171, 172, 173
00046, 91, 92, 93, 111, 112, 113, 131, 132, 133, 151, 152, 153, 171, 172, 173
00047, 91, 92, 93, 111, 112, 113, 131, 132, 133, 151, 152, 153, 171, 172, 173
00048, 91, 92, 93, 111, 112, 113, 131, 132, 133, 151, 152, 153, 171, 172, 173
00049, 91, 92, 93, 111, 112, 113, 131, 132, 133, 151, 152, 153, 171, 172, 173
00050, 91, 92, 93, 111, 112, 113, 131, 132, 133, 151, 152, 153, 171, 172, 173
00051, 91, 92, 93, 111, 112, 113, 131, 132, 133, 151, 152, 153, 171, 172, 173
00052, 91, 92, 93, 111, 112, 113, 131, 132, 133, 151, 152, 153, 171, 172, 173
00053, 91, 92, 93, 111, 112, 113, 131, 132, 133, 151, 152, 153, 171, 172, 173
00054, 92, 93, 94, 112, 113, 114, 132, 133, 134, 152, 153, 154, 172, 173, 174
00055, 92, 93, 94, 112, 113, 114, 132, 133, 134, 152, 153, 154, 172, 173, 174
00056, 92, 93, 94, 112, 113, 114, 132, 133, 134, 152, 153, 154, 172, 173, 174
00057, 92, 93, 94, 112, 113, 114, 132, 133, 134, 152, 153, 154, 172, 173, 174
00058, 92, 93, 94, 112, 113, 114, 132, 133, 134, 152, 153, 154, 172, 173, 174
00059, 92, 93, 94, 112, 113, 114, 132, 133, 134, 152, 153, 154, 172, 173, 174
00060, 92, 93, 94, 112, 113, 114, 132, 133, 134, 152, 153, 154, 172, 173, 174
00061, 92, 93, 94, 112, 113, 114, 132, 133, 134, 152, 153, 154, 172, 173, 174
00062, 92, 93, 94, 112, 113, 114, 132, 133, 134, 152, 153, 154, 172, 173, 174
00063, 92, 93, 94, 112, 113, 114, 132, 133, 134, 152, 153, 154, 172, 173, 174
00064, 92, 93, 94, 112, 113, 114, 132, 133, 134, 152, 153, 154, 172, 173, 174
00065, 92, 93, 94, 112, 113, 114, 132, 133, 134, 152, 153, 154, 172, 173, 174
00066, 92, 93, 94, 112, 113, 114, 132, 133, 134, 152, 153, 154, 172, 173, 174
00067, 92, 93, 94, 112, 113, 114, 132, 133, 134, 152, 153, 154, 172, 173, 174
00068, 92, 93, 94, 112, 113, 114, 132, 133, 134, 152, 153, 154, 172, 173, 174
00069, 92, 93, 94, 112, 113, 114, 132, 133, 134, 152, 153, 154, 172, 173, 174
00070, 92, 93, 94, 112, 113, 114, 132, 133, 134, 152, 153, 154, 172, 173, 174
00071, 92, 93, 94, 112, 113, 114, 132, 133, 134, 152, 153, 154, 172, 173, 174
00072, 92, 93, 94, 112, 113, 114, 132, 133, 134, 152, 153, 154, 172, 173, 174
00073, 93, 94, 95, 113, 114, 115, 133, 134, 135, 153, 154, 155, 173, 174, 175
00074, 93, 94, 95, 113, 114, 115, 133, 134, 135, 153, 154, 155, 173, 174, 175
00075, 93, 94, 95, 113, 114, 115, 133, 134, 135, 153, 154, 155, 173, 174, 175
00076, 93, 94, 95, 113, 114, 115, 133, 134, 135, 153, 154, 155, 173, 174, 175
00077, 93, 94, 95, 113, 114, 115, 133, 134, 135, 153, 154, 155, 173, 174, 175
00078, 93, 94, 95, 113, 114, 115, 133, 134, 135, 153, 154, 155, 173, 174, 175
00079, 93, 94, 95, 113, 114, 115, 133, 134, 135, 153, 154, 155, 173, 174, 175
00080, 93, 94, 95, 113, 114, 115, 133, 134, 135, 153, 154, 155, 173, 174, 175
00081, 93, 94, 95, 113, 114, 115, 133, 134, 135, 153, 154, 155, 173, 174, 175
00082, 93, 94, 95, 113, 114, 115, 133, 134, 135, 153, 154, 155, 173, 174, 175
00083, 93, 94, 95, 113, 114, 115, 133, 134, 135, 153, 154, 155, 173, 174, 175
00084, 93, 94, 95, 113, 114, 115, 133, 134, 135, 153, 154, 155, 173, 174, 175
00085, 93, 94, 95, 113, 114, 115, 133, 134, 135, 153, 154, 155, 173, 174, 175
00086, 93, 94, 95, 113, 114, 115, 133, 134, 135, 153, 154, 155, 173, 174, 175
00087, 93, 94, 95, 113, 114, 115, 133, 134, 135, 153, 154, 155, 173, 174, 175
00088, 93, 94, 95, 113, 114, 115, 133, 134, 135, 153, 154, 155, 173, 174, 175
00089, 93, 94, 95, 113, 114, 115, 133, 134, 135, 153, 154, 155, 173, 174, 175
00090, 93, 94, 95, 113, 114, 115, 133, 134, 135, 153, 154, 155, 173, 174, 175
00091, 93, 94, 95, 113, 114, 115, 133, 134, 135, 153, 154, 155, 173, 174, 175
00092, 93, 94, 95, 113, 114, 115, 133, 134, 135, 153, 154, 155, 173, 174, 175
00093, 93, 94, 95, 113, 114, 115, 133, 134, 135, 153, 154, 155, 173, 174, 175
00094, 93, 94, 95, 113, 114, 115, 133, 134, 135, 153, 154, 155, 173, 174, 175
00095, 94, 95, 96, 114, 115, 116, 134, 135, 136, 154, 155, 156, 174, 175, 176
00096, 94, 95, 96, 114, 115, 116, 134, 135, 136, 154, 155, 156, 174, 175, 176
00097, 94, 95, 96, 114, 115, 116, 134, 135, 136, 154, 155, 156, 174, 175, 176
00098, 94, 95, 96, 114, 115, 116, 134, 135, 136, 154, 155, 156, 174, 175, 176
00099, 94, 95, 96, 114, 115, 116, 134, 135, 136, 154, 155, 156, 174, 175, 176
00100, 94, 95, 96, 114, 115, 116, 134, 135, 136, 154, 155, 156, 174, 175, 176
00101, 94, 95, 96, 114, 115, 116, 134, 135, 136, 154, 155, 156, 174, 175, 176
00102, 94, 95, 96, 114, 115, 116, 134, 135, 136, 154, 155, 156, 174, 175, 176
00103, 94, 95, 96, 114, 115, 116, 134, 135, 136, 154, 155, 156, 174, 175, 176
00104, 94, 95, 96, 114, 115, 116, 134, 135, 136, 154, 155, 156, 174, 175, 176
00105, 94, 95, 96, 114, 115, 116, 134, 135, 136, 154, 155, 156, 174, 175, 176
00106, 94, 95, 96, 114, 115, 116, 134, 135, 136, 154, 155, 156, 174, 175, 176
00107, 94, 95, 96, 114, 115, 116, 134, 135, 136, 154, 155, 156, 174, 175, 176
00108, 94, 95, 96, 114, 115, 116, 134, 135, 136, 154, 155, 156, 174, 175, 176
00109, 94, 95, 96, 114, 115, 116, 134, 135, 136, 154, 155, 156, 174, 175, 176
00110, 94, 95, 96, 114, 115, 116, 134, 135, 136, 154, 155, 156, 174, 175, 176
00111, 94, 95, 96, 114, 115, 116, 134, 135, 136, 154, 155, 156, 174, 175, 176
00112, 94, 95, 96, 114, 115, 116, 134, 135, 136, 154, 155, 156, 174, 175, 176
00113, 94, 95, 96, 114, 115, 116, 134, 135, 136, 154, 155, 156, 174, 175, 176
00114, 94, 95, 96, 114, 115, 116, 134, 135, 136, 154, 155, 156, 174, 175, 176
00115, 94, 95, 96, 114, 115, 116, 134, 135, 136, 154, 155, 156, 174, 175, 176
00116, 94, 95, 96, 114, 115, 116, 134, 135, 136, 154, 155, 156, 174, 175, 176
00117, 94, 95, 96, 114, 115, 116, 134, 135, 136, 154, 155, 156, 174, 175, 176
00118, 94, 95, 96, 114, 115, 116, 134, 135, 136, 154, 155, 156, 174, 175, 176
00119, 94, 95, 96, 114, 115, 116, 134, 135, 136, 154, 155, 156, 174, 175, 176
00120, 94, 95, 96, 114, 115, 116, 134, 135, 136, 154, 155, 156, 174, 175, 176
00121, 94, 95, 96, 114, 115, 116, 134, 135, 136, 154, 155, 156, 174, 175, 176
00122, 94, 95, 96, 114, 115, 116, 134, 135, 136, 154, 155, 156, 174, 175, 176
00123, 94, 95, 96, 114, 115, 116, 134, 135, 136, 154, 155, 156, 174, 175, 176
00124, 94, 95, 96, 114, 115, 116, 134, 135, 136, 154, 155, 156, 174, 175, 176
00125, 94, 95, 96, 114, 115, 116, 134, 135, 136, 154, 155, 156, 174, 175, 176
00126, 94, 95, 96, 114, 115, 116, 134, 135, 136, 154, 155, 156, 174, 175, 176
00127, 94, 95, 96, 114, 115, 116, 134, 135, 136, 154, 155, 156, 174, 175, 176
00128, 94, 95, 96, 114, 115, 116, 134, 135, 136, 154, 155, 156, 174, 175, 176
00129, 94, 95, 96, 114, 115, 116, 134, 135, 136, 154, 155, 156, 174, 175, 176
00130, 94, 95, 96, 114, 115, 116, 134, 135, 136, 154, 155, 156, 174, 175, 176
00131, 95, 96, 97, 115, 116, 117, 135, 136, 137, 155, 156, 157, 175, 176, 177
00132, 95, 96, 97, 115, 116, 117, 135, 136, 137, 155, 156, 157, 175, 176, 177
00133, 95, 96, 97, 115, 116, 117, 135, 136, 137, 155, 156, 157, 175, 176, 177
00134, 95, 96, 97, 115, 116, 117, 135, 136, 137, 155, 156, 157, 175, 176, 177
00135, 95, 96, 97, 115, 116, 117, 135, 136, 137, 155, 156, 157, 175, 176, 177
00136, 95, 96, 97, 115, 116, 117, 135, 136, 137, 155, 156, 157, 175, 176, 177
00137, 95, 96, 97, 115, 116, 117, 135, 136, 137, 155, 156, 157, 175, 176, 177
00138, 95, 96, 97, 115, 116, 117, 135, 136, 137, 155, 156, 157, 175, 176, 177
00139, 95, 96, 97, 115, 116, 117, 135, 136, 137, 155, 156, 157, 175, 176, 177
00140, 95, 96, 97, 115, 116, 117, 135, 136, 137, 155, 156, 157, 175, 176, 177
00141, 95, 96, 97, 115, 116, 117, 135, 136, 137, 155, 156, 157, 175, 176, 177
00142, 95, 96, 97, 115, 116, 117, 135, 136, 137, 155, 156, 157, 175, 176, 177
00143, 95, 96, 97, 115, 116, 117, 135, 136, 137, 155, 156, 157, 175, 176, 177
00144, 95, 96, 97, 115, 116, 117, 135, 136, 137, 155, 156, 157, 175, 176, 177
00145, 95, 96, 97, 115, 116, 117, 135, 136, 137, 155, 156, 157, 175, 176, 177
00146, 95, 96, 97, 115, 116, 117, 135, 136, 137, 155, 156, 157, 175, 176, 177
00147, 95, 96, 97, 115, 116, 117, 135, 136, 137, 155, 156, 157, 175, 176, 177
00148, 95, 96, 97, 115, 116, 117, 135, 136, 137, 155, 156, 157, 175, 176, 177
00149, 95, 96, 97, 115, 116, 117, 135, 136, 137, 155, 156, 157, 175, 176, 177
00150, 95, 96, 97, 115, 116, 117, 135, 136, 137, 155, 156, 157, 175, 176, 177
00151, 95, 96, 97, 115, 116, 117, 135, 136, 137, 155, 156, 157, 175, 176, 177
00152, 95, 96, 97, 115, 116, 117, 135, 136, 137, 155, 156, 157, 175, 176, 177
00153, 95, 96, 97, 115, 116, 117, 135, 136, 137, 155, 156, 157, 175, 176, 177
00154, 95, 96, 97, 115, 116, 117, 135, 136, 137, 155, 156, 157, 175, 176, 177
00155, 95, 96, 97, 115, 116, 117, 135, 136, 137, 155, 156, 157, 175, 176, 177
00156, 95, 96, 97, 115, 116, 117, 135, 136, 137, 155, 156, 157, 175, 176, 177
00157, 95, 96, 97, 115, 116, 117, 135, 136, 137, 155, 156, 157, 175, 176, 177
00158, 95, 96, 97, 115, 116, 117, 135, 136, 137, 155, 156, 157, 175, 176, 177
00159, 95, 96, 97, 115, 116, 117, 135, 136, 137, 155, 156, 157, 175, 176, 177
00160, 95, 96, 97, 115, 116, 117, 135, 136, 137, 155, 156, 157, 175, 176, 177
00161, 95, 96, 97, 115, 116, 117, 135, 136, 137, 155, 156, 157, 175, 176, 177
00162, 95, 96, 97, 115, 116, 117, 135, 136, 137, 155, 156, 157, 175, 176, 177
00163, 95, 96, 97, 115, 116, 117, 135, 136, 137, 155, 156, 157, 175, 176, 177
00164, 95, 96, 97, 115, 116, 117, 135, 136, 137, 155, 156, 157, 175, 176, 177
00165, 95, 96, 97, 115, 116, 117, 135, 136, 137, 155, 156, 157, 175, 176, 177
00166, 95, 96, 97, 115, 116, 117, 135, 136, 137, 155, 156, 157, 175, 176, 177
00167, 95, 96, 97, 115, 116, 117, 135, 136, 137, 155, 156, 157, 175, 176, 177
00168, 95, 96, 97, 115, 116, 117, 135, 136, 137, 155, 156, 157, 175, 176, 177
00169, 95, 96, 97, 115, 116, 117, 135, 136, 137, 155, 156, 157, 175, 176, 177
00170, 95, 96, 97, 115, 116, 117, 135, 136, 137, 155, 156, 157, 175, 176, 177
00171, 95, 96, 97, 115, 116, 117, 135, 136, 137, 155, 156, 157, 175, 176, 177
00172, 94, 95, 96, 114, 115, 116, 134, 135, 136, 154, 155, 156, 174, 175, 176
00173, 94, 95, 96, 114, 115, 116, 134, 135, 136, 154, 155, 156, 174, 175, 176
00174, 94, 95, 96, 114, 115, 116, 134, 135, 136, 154, 155, 156, 174, 175, 176
00175, 94, 95, 96, 114, 115, 116, 134, 135, 136, 154, 155, 156, 174, 175, 176
00176, 94, 95, 96, 114, 115, 116, 134, 135, 136, 154, 155, 156, 174, 175, 176
00177, 94, 95, 96, 114, 115, 116, 134, 135, 136, 154, 155, 156, 174, 175, 176
00178, 94, 95, 96, 114, 115, 116, 134, 135, 136, 154, 155, 156, 174, 175, 176
00179, 94, 95, 96, 114, 115, 116, 134, 135, 136, 154, 155, 156, 174, 175, 176
00180, 94, 95, 96, 114, 115, 116, 134, 135, 136, 154, 155, 156, 174, 175, 176
00181, 94, 95, 96, 114, 115, 116, 134, 135, 136, 154, 155, 156, 174, 175, 176
00182, 94, 95, 96, 114, 115, 116, 134, 135, 136, 154, 155, 156, 174, 175, 176
00183, 94, 95, 96, 114, 115, 116, 134, 135, 136, 154, 155, 156, 174, 175, 176
00184, 94, 95, 96, 114, 115, 116, 134, 135, 136, 154, 155, 156, 174, 175, 176
00185, 94, 95, 96, 114, 115, 116, 134, 135, 136, 154, 155, 156, 174, 175, 176
00186, 94, 95, 96, 114, 115, 116, 134, 135, 136, 154, 155, 156, 174, 175, 176
00187, 94, 95, 96, 114, 115, 116, 134, 135, 136, 154, 155, 156, 174, 175, 176
00188, 94, 95, 96, 114, 115, 116, 134, 135, 136, 154, 155, 156, 174, 175, 176
00189, 94, 95, 96, 114, 115, 116, 134, 135, 136, 154, 155, 156, 174, 175, 176
00190, 94, 95, 96, 114, 115, 116, 134, 135, 136, 154, 155, 156, 174, 175, 176
00191, 94, 95, 96, 114, 115, 116, 134, 135, 136, 154, 155, 156, 174, 175, 176
00192, 94, 95, 96, 114, 115, 116, 134, 135, 136, 154, 155, 156, 174, 175, 176
00193, 94, 95, 96, 114, 115, 116, 134, 135, 136, 154, 155, 156, 174, 175, 176
00194, 94, 95, 96, 114, 115, 116, 134, 135, 136, 154, 155, 156, 174, 175, 176
00195, 94, 95, 96, 114, 115, 116, 134, 135, 136, 154, 155, 156, 174, 175, 176
00196, 94, 95, 96, 114, 115, 116, 134, 135, 136, 154, 155, 156, 174, 175, 176
00197, 94, 95, 96, 114, 115, 116, 134, 135, 136, 154, 155, 156, 174, 175, 176
00198, 94, 95, 96, 114, 115, 116, 134, 135, 136, 154, 155, 156, 174, 175, 176
00199, 94, 95, 96, 114, 115, 116, 134, 135, 136, 154, 155, 156, 174, 175, 176
00200, 94, 95, 96, 114, 115, 116, 134, 135, 136, 154, 155, 156, 174, 175, 176
00201, 94, 95, 96, 114, 115, 116, 134, 135, 136, 154, 155, 156, 174, 175, 176
00202, 94, 95, 96, 114, 115, 116, 134, 135, 136, 154, 155, 156, 174, 175, 176
00203, 94, 95, 96, 114, 115, 116, 134, 135, 136, 154, 155, 156, 174, 175, 176
00204, 74, 75, 76, 94, 95, 96, 114, 115, 116, 134, 135, 136, 154, 155, 156
00205, 74, 75, 76, 94, 95, 96, 114, 115, 116, 134, 135, 136, 154, 155, 156
00206, 74, 75, 76, 94, 95, 96, 114, 115, 116, 134, 135, 136, 154, 155, 156
00207, 74, 75, 76, 94, 95, 96, 114, 115, 116, 134, 135, 136, 154, 155, 156
00208, 74, 75, 76, 94, 95, 96, 114, 115, 116, 134, 135, 136, 154, 155, 156
00209, 73, 74, 75, 93, 94, 95, 113, 114, 115, 133, 134, 135, 153, 154, 155
00210, 73, 74, 75, 93, 94, 95, 113, 114, 115, 133, 134, 135, 153, 154, 155
00211, 73, 74, 75, 93, 94, 95, 113, 114, 115, 133, 134, 135, 153, 154, 155
00212, 73, 74, 75, 93, 94, 95, 113, 114, 115, 133, 134, 135, 153, 154, 155
00213, 73, 74, 75, 93, 94, 95, 113, 114, 115, 133, 134, 135, 153, 154, 155
00214, 73, 74, 75, 93, 94, 95, 113, 114, 115, 133, 134, 135, 153, 154, 155
00215, 73, 74, 75, 93, 94, 95, 113, 114, 115, 133, 134, 135, 153, 154, 155
00216, 73, 74, 75, 93, 94, 95, 113, 114, 115, 133, 134, 135, 153, 154, 155
00217, 73, 74, 75, 93, 94, 95, 113, 114, 115, 133, 134, 135, 153, 154, 155
00218, 73, 74, 75, 93, 94, 95, 113, 114, 115, 133, 134, 135, 153, 154, 155
00219, 73, 74, 75, 93, 94, 95, 113, 114, 115, 133, 134, 135, 153, 154, 155
00220, 73, 74, 75, 93, 94, 95, 113, 114, 115, 133, 134, 135, 153, 154, 155
00221, 73, 74, 75, 93, 94, 95, 113, 114, 115, 133, 134, 135, 153, 154, 155
00222, 73, 74, 75, 93, 94, 95, 113, 114, 115, 133, 134, 135, 153, 154, 155
00223, 73, 74, 75, 93, 94, 95, 113, 114, 115, 133, 134, 135, 153, 154, 155
00224, 73, 74, 75, 93, 94, 95, 113, 114, 115, 133, 134, 135, 153, 154, 155
00225, 73, 74, 75, 93, 94, 95, 113, 114, 115, 133, 134, 135, 153, 154, 155
00226, 73, 74, 75, 93, 94, 95, 113, 114, 115, 133, 134, 135, 153, 154, 155
00227, 73, 74, 75, 93, 94, 95, 113, 114, 115, 133, 134, 135, 153, 154, 155
00228, 73, 74, 75, 93, 94, 95, 113, 114, 115, 133, 134, 135, 153, 154, 155
00229, 73, 74, 75, 93, 94, 95, 113, 114, 115, 133, 134, 135, 153, 154, 155
00230, 73, 74, 75, 93, 94, 95, 113, 114, 115, 133, 134, 135, 153, 154, 155
00231, 72, 73, 74, 92, 93, 94, 112, 113, 114, 132, 133, 134, 152, 153, 154
00232, 72, 73, 74, 92, 93, 94, 112, 113, 114, 132, 133, 134, 152, 153, 154
00233, 72, 73, 74, 92, 93, 94, 112, 113, 114, 132, 133, 134, 152, 153, 154
00234, 72, 73, 74, 92, 93, 94, 112, 113, 114, 132, 133, 134, 152, 153, 154
00235, 72, 73, 74, 92, 93, 94, 112, 113, 114, 132, 133, 134, 152, 153, 154
00236, 72, 73, 74, 92, 93, 94, 112, 113, 114, 132, 133, 134, 152, 153, 154
00237, 72, 73, 74, 92, 93, 94, 112, 113, 114, 132, 133, 134, 152, 153, 154
00238, 72, 73, 74, 92, 93, 94, 112, 113, 114, 132, 133, 134, 152, 153, 154
00239, 72, 73, 74, 92, 93, 94, 112, 113, 114, 132, 133, 134, 152, 153, 154
00240, 72, 73, 74, 92, 93, 94, 112, 113, 114, 132, 133, 134, 152, 153, 154
00241, 72, 73, 74, 92, 93, 94, 112, 113, 114, 132, 133, 134, 152, 153, 154
00242, 72, 73, 74, 92, 93, 94, 112, 113, 114, 132, 133, 134, 152, 153, 154
00243, 72, 73, 74, 92, 93, 94, 112, 113, 114, 132, 133, 134, 152, 153, 154
00244, 72, 73, 74, 92, 93, 94, 112, 113, 114, 132, 133, 134, 152, 153, 154
00245, 72, 73, 74, 92, 93, 94, 112, 113, 114, 132, 133, 134, 152, 153, 154
00246, 72, 73, 74, 92, 93, 94, 112, 113, 114, 132, 133, 134, 152, 153, 154
00247, 72, 73, 74, 92, 93, 94, 112, 113, 114, 132, 133, 134, 152, 153, 154
00248, 72, 73, 74, 92, 93, 94, 112, 113, 114, 132, 133, 134, 152, 153, 154
00249, 71, 72, 73, 91, 92, 93, 111, 112, 113, 131, 132, 133, 151, 152, 153
00250, 71, 72, 73, 91, 92, 93, 111, 112, 113, 131, 132, 133, 151, 152, 153
00251, 71, 72, 73, 91, 92, 93, 111, 112, 113, 131, 132, 133, 151, 152, 153
00252, 71, 72, 73, 91, 92, 93, 111, 112, 113, 131, 132, 133, 151, 152, 153
00253, 71, 72, 73, 91, 92, 93, 111, 112, 113, 131, 132, 133, 151, 152, 153
00254, 71, 72, 73, 91, 92, 93, 111, 112, 113, 131, 132, 133, 151, 152, 153
00255, 71, 72, 73, 91, 92, 93, 111, 112, 113, 131, 132, 133, 151, 152, 153
00256, 71, 72, 73, 91, 92, 93, 111, 112, 113, 131, 132, 133, 151, 152, 153
00257, 71, 72, 73, 91, 92, 93, 111, 112, 113, 131, 132, 133, 151, 152, 153
00258, 71, 72, 73, 91, 92, 93, 111, 112, 113, 131, 132, 133, 151, 152, 153
00259, 71, 72, 73, 91, 92, 93, 111, 112, 113, 131, 132, 133, 151, 152, 153
00260, 71, 72, 73, 91, 92, 93, 111, 112, 113, 131, 132, 133, 151, 152, 153
00261, 71, 72, 73, 91, 92, 93, 111, 112, 113, 131, 132, 133, 151, 152, 153
00262, 71, 72, 73, 91, 92, 93, 111, 112, 113, 131, 132, 133, 151, 152, 153
00263, 71, 72, 73, 91, 92, 93, 111, 112, 113, 131, 132, 133, 151, 152, 153
00264, 71, 72, 73, 91, 92, 93, 111, 112, 113, 131, 132, 133, 151, 152, 153
00265, 70, 71, 72, 90, 91, 92, 110, 111, 112, 130, 131, 132, 150, 151, 152
00266, 70, 71, 72, 90, 91, 92, 110, 111, 112, 130, 131, 132, 150, 151, 152
00267, 70, 71, 72, 90, 91, 92, 110, 111, 112, 130, 131, 132, 150, 151, 152
00268, 70, 71, 72, 90, 91, 92, 110, 111, 112, 130, 131, 132, 150, 151, 152
00269, 70, 71, 72, 90, 91, 92, 110, 111, 112, 130, 131, 132, 150, 151, 152
00270, 70, 71, 72, 90, 91, 92, 110, 111, 112, 130, 131, 132, 150, 151, 152
00271, 70, 71, 72, 90, 91, 92, 110, 111, 112, 130, 131, 132, 150, 151, 152
00272, 70, 71, 72, 90, 91, 92, 110, 111, 112, 130, 131, 132, 150, 151, 152
00273, 70, 71, 72, 90, 91, 92, 110, 111, 112, 130, 131, 132, 150, 151, 152
00274, 70, 71, 72, 90, 91, 92, 110, 111, 112, 130, 131, 132, 150, 151, 152
00275, 70, 71, 72, 90, 91, 92, 110, 111, 112, 130, 131, 132, 150, 151, 152
00276, 50, 51, 52, 70, 71, 72, 90, 91, 92, 110, 111, 112, 130, 131, 132
00277, 50, 51, 52, 70, 71, 72, 90, 91, 92, 110, 111, 112, 130, 131, 132
00278, 50, 51, 52, 70, 71, 72, 90, 91, 92, 110, 111, 112, 130, 131, 132
00279, 50, 51, 52, 70, 71, 72, 90, 91, 92, 110, 111, 112, 130, 131, 132
00280, 49, 50, 51, 69, 70, 71, 89, 90, 91, 109, 110, 111, 129, 130, 131
00281, 49, 50, 51, 69, 70, 71, 89, 90, 91, 109, 110, 111, 129, 130, 131
00282, 49, 50, 51, 69, 70, 71, 89, 90, 91, 109, 110, 111, 129, 130, 131
00283, 49, 50, 51, 69, 70, 71, 89, 90, 91, 109, 110, 111, 129, 130, 131
00284, 49, 50, 51, 69, 70, 71, 89, 90, 91, 109, 110, 111, 129, 130, 131
00285, 49, 50, 51, 69, 70, 71, 89, 90, 91, 109, 110, 111, 129, 130, 131
00286, 49, 50, 51, 69, 70, 71, 89, 90, 91, 109, 110, 111, 129, 130, 131
00287, 49, 50, 51, 69, 70, 71, 89, 90, 91, 109, 110, 111, 129, 130, 131
00288, 49, 50, 51, 69, 70, 71, 89, 90, 91, 109, 110, 111, 129, 130, 131
00289, 49, 50, 51, 69, 70, 71, 89, 90, 91, 109, 110, 111, 129, 130, 131
00290, 49, 50, 51, 69, 70, 71, 89, 90, 91, 109, 110, 111, 129, 130, 131
00291, 49, 50, 51, 69, 70, 71, 89, 90, 91, 109, 110, 111, 129, 130, 131
00292, 49, 50, 51, 69, 70, 71, 89, 90, 91, 109, 110, 111, 129, 130, 131
00293, 49, 50, 51, 69, 70, 71, 89, 90, 91, 109, 110, 111, 129, 130, 131
00294, 48, 49, 50, 68, 69, 70, 88, 89, 90, 108, 109, 110, 128, 129, 130
00295, 48, 49, 50, 68, 69, 70, 88, 89, 90, 108, 109, 110, 128, 129, 130
00296, 48, 49, 50, 68, 69, 70, 88, 89, 90, 108, 109, 110, 128, 129, 130
00297, 48, 49, 50, 68, 69, 70, 88, 89, 90, 108, 109, 110, 128, 129, 130
00298, 48, 49, 50, 68, 69, 70, 88, 89, 90, 108, 109, 110, 128, 129, 130
00299, 48, 49, 50, 68, 69, 70, 88, 89, 90, 108, 109, 110, 128, 129, 130
00300, 48, 49, 50, 68, 69, 70, 88, 89, 90, 108, 109, 110, 128, 129, 130
00301, 48, 49, 50, 68, 69, 70, 88, 89, 90, 108, 109, 110, 128, 129, 130
00302, 48, 49, 50, 68, 69, 70, 88, 89, 90, 108, 109, 110, 128, 129, 130
00303, 48, 49, 50, 68, 69, 70, 88, 89, 90, 108, 109, 110, 128, 129, 130
00304, 48, 49, 50, 68, 69, 70, 88, 89, 90, 108, 109, 110, 128, 129, 130
00305, 48, 49, 50, 68, 69, 70, 88, 89, 90, 108, 109, 110, 128, 129, 130
00306, 48, 49, 50, 68, 69, 70, 88, 89, 90, 108, 109, 110, 128, 129, 130
00307, 48, 49, 50, 68, 69, 70, 88, 89, 90, 108, 109, 110, 128, 129, 130
00308, 48, 49, 50, 68, 69, 70, 88, 89, 90, 108, 109, 110, 128, 129, 130
00309, 47, 48, 49, 67, 68, 69, 87, 88, 89, 107, 108, 109, 127, 128, 129
00310, 47, 48, 49, 67, 68, 69, 87, 88, 89, 107, 108, 109, 127, 128, 129
00311, 47, 48, 49, 67, 68, 69, 87, 88, 89, 107, 108, 109, 127, 128, 129
00312, 47, 48, 49, 67, 68, 69, 87, 88, 89, 107, 108, 109, 127, 128, 129
00313, 47, 48, 49, 67, 68, 69, 87, 88, 89, 107, 108, 109, 127, 128, 129
00314, 47, 48, 49, 67, 68, 69, 87, 88, 89, 107, 108, 109, 127, 128, 129
00315, 47, 48, 49, 67, 68, 69, 87, 88, 89, 107, 108, 109, 127, 128, 129
00316, 47, 48, 49, 67, 68, 69, 87, 88, 89, 107, 108, 109, 127, 128, 129
00317, 47, 48, 49, 67, 68, 69, 87, 88, 89, 107, 108, 109, 127, 128, 129
00318, 47, 48, 49, 67, 68, 69, 87, 88, 89, 107, 108, 109, 127, 128, 129
00319, 47, 48, 49, 67, 68, 69, 87, 88, 89, 107, 108, 109, 127, 128, 129
00320, 47, 48, 49, 67, 68, 69, 87, 88, 89, 107, 108, 109, 127, 128, 129
00321, 47, 48, 49, 67, 68, 69, 87, 88, 89, 107, 108, 109, 127, 128, 129
00322, 47, 48, 49, 67, 68, 69, 87, 88, 89, 107, 108, 109, 127, 128, 129
00323, 46, 47, 48, 66, 67, 68, 86, 87, 88, 106, 107, 108, 126, 127, 128
00324, 46, 47, 48, 66, 67, 68, 86, 87, 88, 106, 107, 108, 126, 127, 128
00325, 46, 47, 48, 66, 67, 68, 86, 87, 88, 106, 107, 108, 126, 127, 128
00326, 46, 47, 48, 66, 67, 68, 86, 87, 88, 106, 107, 108, 126, 127, 128
00327, 46, 47, 48, 66, 67, 68, 86, 87, 88, 106, 107, 108, 126, 127, 128
00328, 46, 47, 48, 66, 67, 68, 86, 87, 88, 106, 107, 108, 126, 127, 128
00329, 46, 47, 48, 66, 67, 68, 86, 87, 88, 106, 107, 108, 126, 127, 128
00330, 46, 47, 48, 66, 67, 68, 86, 87, 88, 106, 107, 108, 126, 127, 128
00331, 46, 47, 48, 66, 67, 68, 86, 87, 88, 106, 107, 108, 126, 127, 128
00332, 46, 47, 48, 66, 67, 68, 86, 87, 88, 106, 107, 108, 126, 127, 128
00333, 46, 47, 48, 66, 67, 68, 86, 87, 88, 106, 107, 108, 126, 127, 128
00334, 46, 47, 48, 66, 67, 68, 86, 87, 88, 106, 107, 108, 126, 127, 128
00335, 46, 47, 48, 66, 67, 68, 86, 87, 88, 106, 107, 108, 126, 127, 128
00336, 46, 47, 48, 66, 67, 68, 86, 87, 88, 106, 107, 108, 126, 127, 128
00337, 46, 47, 48, 66, 67, 68, 86, 87, 88, 106, 107, 108, 126, 127, 128
00338, 45, 46, 47, 65, 66, 67, 85, 86, 87, 105, 106, 107, 125, 126, 127
00339, 45, 46, 47, 65, 66, 67, 85, 86, 87, 105, 106, 107, 125, 126, 127
00340, 45, 46, 47, 65, 66, 67, 85, 86, 87, 105, 106, 107, 125, 126, 127
00341, 25, 26, 27, 45, 46, 47, 65, 66, 67, 85, 86, 87, 105, 106, 107
00342, 25, 26, 27, 45, 46, 47, 65, 66, 67, 85, 86, 87, 105, 106, 107
00343, 25, 26, 27, 45, 46, 47, 65, 66, 67, 85, 86, 87, 105, 106, 107
00344, 25, 26, 27, 45, 46, 47, 65, 66, 67, 85, 86, 87, 105, 106, 107
00345, 25, 26, 27, 45, 46, 47, 65, 66, 67, 85, 86, 87, 105, 106, 107
00346, 25, 26, 27, 45, 46, 47, 65, 66, 67, 85, 86, 87, 105, 106, 107
00347, 25, 26, 27, 45, 46, 47, 65, 66, 67, 85, 86, 87, 105, 106, 107
00348, 25, 26, 27, 45, 46, 47, 65, 66, 67, 85, 86, 87, 105, 106, 107
00349, 25, 26, 27, 45, 46, 47, 65, 66, 67, 85, 86, 87, 105, 106, 107
00350, 25, 26, 27, 45, 46, 47, 65, 66, 67, 85, 86, 87, 105, 106, 107
00351, 25, 26, 27, 45, 46, 47, 65, 66, 67, 85, 86, 87, 105, 106, 107
00352, 25, 26, 27, 45, 46, 47, 65, 66, 67, 85, 86, 87, 105, 106, 107
00353, 25, 26, 27, 45, 46, 47, 65, 66, 67, 85, 86, 87, 105, 106, 107
00354, 25, 26, 27, 45, 46, 47, 65, 66, 67, 85, 86, 87, 105, 106, 107
00355, 24, 25, 26, 44, 45, 46, 64, 65, 66, 84, 85, 86, 104, 105, 106
00356, 24, 25, 26, 44, 45, 46, 64, 65, 66, 84, 85, 86, 104, 105, 106
00357, 24, 25, 26, 44, 45, 46, 64, 65, 66, 84, 85, 86, 104, 105, 106
00358, 24, 25, 26, 44, 45, 46, 64, 65, 66, 84, 85, 86, 104, 105, 106
00359, 24, 25, 26, 44, 45, 46, 64, 65, 66, 84, 85, 86, 104, 105, 106
00360, 24, 25, 26, 44, 45, 46, 64, 65, 66, 84, 85, 86, 104, 105, 106
00361, 24, 25, 26, 44, 45, 46, 64, 65, 66, 84, 85, 86, 104, 105, 106
00362, 24, 25, 26, 44, 45, 46, 64, 65, 66, 84, 85, 86, 104, 105, 106
00363, 24, 25, 26, 44, 45, 46, 64, 65, 66, 84, 85, 86, 104, 105, 106
00364, 24, 25, 26, 44, 45, 46, 64, 65, 66, 84, 85, 86, 104, 105, 106
00365, 24, 25, 26, 44, 45, 46, 64, 65, 66, 84, 85, 86, 104, 105, 106
00366, 24, 25, 26, 44, 45, 46, 64, 65, 66, 84, 85, 86, 104, 105, 106
00367, 24, 25, 26, 44, 45, 46, 64, 65, 66, 84, 85, 86, 104, 105, 106
00368, 24, 25, 26, 44, 45, 46, 64, 65, 66, 84, 85, 86, 104, 105, 106
00369, 24, 25, 26, 44, 45, 46, 64, 65, 66, 84, 85, 86, 104, 105, 106
00370, 24, 25, 26, 44, 45, 46, 64, 65, 66, 84, 85, 86, 104, 105, 106
00371, 24, 25, 26, 44, 45, 46, 64, 65, 66, 84, 85, 86, 104, 105, 106
00372, 24, 25, 26, 44, 45, 46, 64, 65, 66, 84, 85, 86, 104, 105, 106
00373, 23, 24, 25, 43, 44, 45, 63, 64, 65, 83, 84, 85, 103, 104, 105
00374, 23, 24, 25, 43, 44, 45, 63, 64, 65, 83, 84, 85, 103, 104, 105
00375, 23, 24, 25, 43, 44, 45, 63, 64, 65, 83, 84, 85, 103, 104, 105
00376, 23, 24, 25, 43, 44, 45, 63, 64, 65, 83, 84, 85, 103, 104, 105
00377, 23, 24, 25, 43, 44, 45, 63, 64, 65, 83, 84, 85, 103, 104, 105
00378, 23, 24, 25, 43, 44, 45, 63, 64, 65, 83, 84, 85, 103, 104, 105
00379, 23, 24, 25, 43, 44, 45, 63, 64, 65, 83, 84, 85, 103, 104, 105
00380, 23, 24, 25, 43, 44, 45, 63, 64, 65, 83, 84, 85, 103, 104, 105
00381, 23, 24, 25, 43, 44, 45, 63, 64, 65, 83, 84, 85, 103, 104, 105
00382, 23, 24, 25, 43, 44, 45, 63, 64, 65, 83, 84, 85, 103, 104, 105
00383, 23, 24, 25, 43, 44, 45, 63, 64, 65, 83, 84, 85, 103, 104, 105
00384, 23, 24, 25, 43, 44, 45, 63, 64, 65, 83, 84, 85, 103, 104, 105
00385, 23, 24, 25, 43, 44, 45, 63, 64, 65, 83, 84, 85, 103, 104, 105
00386, 23, 24, 25, 43, 44, 45, 63, 64, 65, 83, 84, 85, 103, 104, 105
00387, 23, 24, 25, 43, 44, 45, 63, 64, 65, 83, 84, 85, 103, 104, 105
00388, 23, 24, 25, 43, 44, 45, 63, 64, 65, 83, 84, 85, 103, 104, 105
00389, 23, 24, 25, 43, 44, 45, 63, 64, 65, 83, 84, 85, 103, 104, 105
00390, 23, 24, 25, 43, 44, 45, 63, 64, 65, 83, 84, 85, 103, 104, 105
00391, 23, 24, 25, 43, 44, 45, 63, 64, 65, 83, 84, 85, 103, 104, 105
00392, 23, 24, 25, 43, 44, 45, 63, 64, 65, 83, 84, 85, 103, 104, 105
00393, 23, 24, 25, 43, 44, 45, 63, 64, 65, 83, 84, 85, 103, 104, 105
00394, 23, 24, 25, 43, 44, 45, 63, 64, 65, 83, 84, 85, 103, 104, 105
00395, 22, 23, 24, 42, 43, 44, 62, 63, 64, 82, 83, 84, 102, 103, 104
00396, 22, 23, 24, 42, 43, 44, 62, 63, 64, 82, 83, 84, 102, 103, 104
00397, 22, 23, 24, 42, 43, 44, 62, 63, 64, 82, 83, 84, 102, 103, 104
00398, 22, 23, 24, 42, 43, 44, 62, 63, 64, 82, 83, 84, 102, 103, 104
00399, 22, 23, 24, 42, 43, 44, 62, 63, 64, 82, 83, 84, 102, 103, 104
00400, 22, 23, 24, 42, 43, 44, 62, 63, 64, 82, 83, 84, 102, 103, 104
00401, 22, 23, 24, 42, 43, 44, 62, 63, 64, 82, 83, 84, 102, 103, 104
00402, 22, 23, 24, 42, 43, 44, 62, 63, 64, 82, 83, 84, 102, 103, 104
00403, 22, 23, 24, 42, 43, 44, 62, 63, 64, 82, 83, 84, 102, 103, 104
00404, 22, 23, 24, 42, 43, 44, 62, 63, 64, 82, 83, 84, 102, 103, 104
00405, 22, 23, 24, 42, 43, 44, 62, 63, 64, 82, 83, 84, 102, 103, 104
00406, 22, 23, 24, 42, 43, 44, 62, 63, 64, 82, 83, 84, 102, 103, 104
00407, 22, 23, 24, 42, 43, 44, 62, 63, 64, 82, 83, 84, 102, 103, 104
00408, 22, 23, 24, 42, 43, 44, 62, 63, 64, 82, 83, 84, 102, 103, 104
00409, 22, 23, 24, 42, 43, 44, 62, 63, 64, 82, 83, 84, 102, 103, 104
00410, 22, 23, 24, 42, 43, 44, 62, 63, 64, 82, 83, 84, 102, 103, 104
00411, 22, 23, 24, 42, 43, 44, 62, 63, 64, 82, 83, 84, 102, 103, 104
00412, 22, 23, 24, 42, 43, 44, 62, 63, 64, 82, 83, 84, 102, 103, 104
00413, 2, 3, 4, 22, 23, 24, 42, 43, 44, 62, 63, 64, 82, 83, 84
00414, 2, 3, 4, 22, 23, 24, 42, 43, 44, 62, 63, 64, 82, 83, 84
00415, 2, 3, 4, 22, 23, 24, 42, 43, 44, 62, 63, 64, 82, 83, 84
00416, 2, 3, 4, 22, 23, 24, 42, 43, 44, 62, 63, 64, 82, 83, 84
00417, 2, 3, 4, 22, 23, 24, 42, 43, 44, 62, 63, 64, 82, 83, 84
00418, 2, 3, 4, 22, 23, 24, 42, 43, 44, 62, 63, 64, 82, 83, 84
00419, 2, 3, 4, 22, 23, 24, 42, 43, 44, 62, 63, 64, 82, 83, 84
00420, 2, 3, 4, 22, 23, 24, 42, 43, 44, 62, 63, 64, 82, 83, 84
00421, 2, 3, 4, 22, 23, 24, 42, 43, 44, 62, 63, 64, 82, 83, 84
00422, 2, 3, 4, 22, 23, 24, 42, 43, 44, 62, 63, 64, 82, 83, 84
00423, 2, 3, 4, 22, 23, 24, 42, 43, 44, 62, 63, 64, 82, 83, 84
00424, 2, 3, 4, 22, 23, 24, 42, 43, 44, 62, 63, 64, 82, 83, 84
00425, 2, 3, 4, 22, 23, 24, 42, 43, 44, 62, 63, 64, 82, 83, 84
00426, 2, 3, 4, 22, 23, 24, 42, 43, 44, 62, 63, 64, 82, 83, 84
00427, 2, 3, 4, 22, 23, 24, 42, 43, 44, 62, 63, 64, 82, 83, 84
00428, 2, 3, 4, 22, 23, 24, 42, 43, 44, 62, 63, 64, 82, 83, 84
00429, 2, 3, 4, 22, 23, 24, 42, 43, 44, 62, 63, 64, 82, 83, 84
00430, 2, 3, 4, 22, 23, 24, 42, 43, 44, 62, 63, 64, 82, 83, 84
00431, 1, 2, 3, 21, 22, 23, 41, 42, 43, 61, 62, 63, 81, 82, 83
00432, 1, 2, 3, 21, 22, 23, 41, 42, 43, 61, 62, 63, 81, 82, 83
00433, 1, 2, 3, 21, 22, 23, 41, 42, 43, 61, 62, 63, 81, 82, 83
00434, 1, 2, 3, 21, 22, 23, 41, 42, 43, 61, 62, 63, 81, 82, 83
00435, 1, 2, 3, 21, 22, 23, 41, 42, 43, 61, 62, 63, 81, 82, 83
00436, 1, 2, 3, 21, 22, 23, 41, 42, 43, 61, 62, 63, 81, 82, 83
00437, 1, 2, 3, 21, 22, 23, 41, 42, 43, 61, 62, 63, 81, 82, 83
00438, 1, 2, 3, 21, 22, 23, 41, 42, 43, 61, 62, 63, 81, 82, 83
00439, 1, 2, 3, 21, 22, 23, 41, 42, 43, 61, 62, 63, 81, 82, 83
00440, 1, 2, 3, 21, 22, 23, 41, 42, 43, 61, 62, 63, 81, 82, 83
00441, 1, 2, 3, 21, 22, 23, 41, 42, 43, 61, 62, 63, 81, 82, 83
00442, 1, 2, 3, 21, 22, 23, 41, 42, 43, 61, 62, 63, 81, 82, 83
00443, 1, 2, 3, 21, 22, 23, 41, 42, 43, 61, 62, 63, 81, 82, 83
00444, 1, 2, 3, 21, 22, 23, 41, 42, 43, 61, 62, 63, 81, 82, 83
00445, 1, 2, 3, 21, 22, 23, 41, 42, 43, 61, 62, 63, 81, 82, 83
00446, 1, 2, 3, 21, 22, 23, 41, 42, 43, 61, 62, 63, 81, 82, 83
00447, 1, 2, 3, 21, 22, 23, 41, 42, 43, 61, 62, 63, 81, 82, 83
00448, 1, 2, 3, 21, 22, 23, 41, 42, 43, 61, 62, 63, 81, 82, 83
00449, 1, 2, 3, 21, 22, 23, 41, 42, 43, 61, 62, 63, 81, 82, 83
00450, 1, 2, 3, 21, 22, 23, 41, 42, 43, 61, 62, 63, 81, 82, 83
00451, 1, 2, 3, 21, 22, 23, 41, 42, 43, 61, 62, 63, 81, 82, 83
00452, 1, 2, 3, 21, 22, 23, 41, 42, 43, 61, 62, 63, 81, 82, 83
00453, 1, 2, 3, 21, 22, 23, 41, 42, 43, 61, 62, 63, 81, 82, 83
00454, 1, 2, 3, 21, 22, 23, 41, 42, 43, 61, 62, 63, 81, 82, 83
00455, 1, 2, 3, 21, 22, 23, 41, 42, 43, 61, 62, 63, 81, 82, 83
00456, 1, 2, 3, 21, 22, 23, 41, 42, 43, 61, 62, 63, 81, 82, 83
00457, 1, 2, 3, 21, 22, 23, 41, 42, 43, 61, 62, 63, 81, 82, 83
00458, 1, 2, 3, 21, 22, 23, 41, 42, 43, 61, 62, 63, 81, 82, 83
00459, 1, 2, 3, 21, 22, 23, 41, 42, 43, 61, 62, 63, 81, 82, 83
00460, 1, 2, 3, 21, 22, 23, 41, 42, 43, 61, 62, 63, 81, 82, 83
00461, 1, 2, 3, 21, 22, 23, 41, 42, 43, 61, 62, 63, 81, 82, 83
00462, 1, 2, 3, 21, 22, 23, 41, 42, 43, 61, 62, 63, 81, 82, 83
00463, 1, 2, 3, 21, 22, 23, 41, 42, 43, 61, 62, 63, 81, 82, 83
00464, 1, 2, 3, 21, 22, 23, 41, 42, 43, 61, 62, 63, 81, 82, 83
00465, 1, 2, 3, 21, 22, 23, 41, 42, 43, 61, 62, 63, 81, 82, 83
00466, 1, 2, 3, 21, 22, 23, 41, 42, 43, 61, 62, 63, 81, 82, 83
00467, 1, 2, 3, 21, 22, 23, 41, 42, 43, 61, 62, 63, 81, 82, 83
00468, 1, 2, 3, 21, 22, 23, 41, 42, 43, 61, 62, 63, 81, 82, 83
00469, 1, 2, 3, 21, 22, 23, 41, 42, 43, 61, 62, 63, 81, 82, 83
00470, 1, 2, 3, 21, 22, 23, 41, 42, 43, 61, 62, 63, 81, 82, 83
00471, 1, 2, 3, 21, 22, 23, 41, 42, 43, 61, 62, 63, 81, 82, 83
00472, 2, 3, 4, 22, 23, 24, 42, 43, 44, 62, 63, 64, 82, 83, 84
00473, 2, 3, 4, 22, 23, 24, 42, 43, 44, 62, 63, 64, 82, 83, 84
00474, 2, 3, 4, 22, 23, 24, 42, 43, 44, 62, 63, 64, 82, 83, 84
00475, 2, 3, 4, 22, 23, 24, 42, 43, 44, 62, 63, 64, 82, 83, 84
00476, 2, 3, 4, 22, 23, 24, 42, 43, 44, 62, 63, 64, 82, 83, 84
00477, 2, 3, 4, 22, 23, 24, 42, 43, 44, 62, 63, 64, 82, 83, 84
00478, 2, 3, 4, 22, 23, 24, 42, 43, 44, 62, 63, 64, 82, 83, 84
00479, 2, 3, 4, 22, 23, 24, 42, 43, 44, 62, 63, 64, 82, 83, 84
00480, 2, 3, 4, 22, 23, 24, 42, 43, 44, 62, 63, 64, 82, 83, 84
00481, 2, 3, 4, 22, 23, 24, 42, 43, 44, 62, 63, 64, 82, 83, 84
00482, 2, 3, 4, 22, 23, 24, 42, 43, 44, 62, 63, 64, 82, 83, 84
00483, 2, 3, 4, 22, 23, 24, 42, 43, 44, 62, 63, 64, 82, 83, 84
00484, 2, 3, 4, 22, 23, 24, 42, 43, 44, 62, 63, 64, 82, 83, 84
00485, 2, 3, 4, 22, 23, 24, 42, 43, 44, 62, 63, 64, 82, 83, 84
00486, 2, 3, 4, 22, 23, 24, 42, 43, 44, 62, 63, 64, 82, 83, 84
00487, 2, 3, 4, 22, 23, 24, 42, 43, 44, 62, 63, 64, 82, 83, 84
00488, 2, 3, 4, 22, 23, 24, 42, 43, 44, 62, 63, 64, 82, 83, 84
00489, 2, 3, 4, 22, 23, 24, 42, 43, 44, 62, 63, 64, 82, 83, 84
00490, 2, 3, 4, 22, 23, 24, 42, 43, 44, 62, 63, 64, 82, 83, 84
00491, 2, 3, 4, 22, 23, 24, 42, 43, 44, 62, 63, 64, 82, 83, 84
00492, 2, 3, 4, 22, 23, 24, 42, 43, 44, 62, 63, 64, 82, 83, 84
00493, 2, 3, 4, 22, 23, 24, 42, 43, 44, 62, 63, 64, 82, 83, 84
00494, 2, 3, 4, 22, 23, 24, 42, 43, 44, 62, 63, 64, 82, 83, 84
00495, 2, 3, 4, 22, 23, 24, 42, 43, 44, 62, 63, 64, 82, 83, 84
00496, 2, 3, 4, 22, 23, 24, 42, 43, 44, 62, 63, 64, 82, 83, 84
00497, 2, 3, 4, 22, 23, 24, 42, 43, 44, 62, 63, 64, 82, 83, 84
00498, 2, 3, 4, 22, 23, 24, 42, 43, 44, 62, 63, 64, 82, 83, 84
00499, 2, 3, 4, 22, 23, 24, 42, 43, 44, 62, 63, 64, 82, 83, 84
00500, 2, 3, 4, 22, 23, 24, 42, 43, 44, 62, 63, 64, 82, 83, 84
00501, 2, 3, 4, 22, 23, 24, 42, 43, 44, 62, 63, 64, 82, 83, 84
00502, 2, 3, 4, 22, 23, 24, 42, 43, 44, 62, 63, 64, 82, 83, 84
00503, 2, 3, 4, 22, 23, 24, 42, 43, 44, 62, 63, 64, 82, 83, 84
00504, 2, 3, 4, 22, 23, 24, 42, 43, 44, 62, 63, 64, 82, 83, 84
00505, 2, 3, 4, 22, 23, 24, 42, 43, 44, 62, 63, 64, 82, 83, 84
00506, 2, 3, 4, 22, 23, 24, 42, 43, 44, 62, 63, 64, 82, 83, 84
00507, 2, 3, 4, 22, 23, 24, 42, 43, 44, 62, 63, 64, 82, 83, 84
00508, 2, 3, 4, 22, 23, 24, 42, 43, 44, 62, 63, 64, 82, 83, 84
00509, 3, 4, 5, 23, 24, 25, 43, 44, 45, 63, 64, 65, 83, 84, 85
00510, 3, 4, 5, 23, 24, 25, 43, 44, 45, 63, 64, 65, 83, 84, 85
00511, 3, 4, 5, 23, 24, 25, 43, 44, 45, 63, 64, 65, 83, 84, 85
00512, 3, 4, 5, 23, 24, 25, 43, 44, 45, 63, 64, 65, 83, 84, 85
00513, 3, 4, 5, 23, 24, 25, 43, 44, 45, 63, 64, 65, 83, 84, 85
00514, 3, 4, 5, 23, 24, 25, 43, 44, 45, 63, 64, 65, 83, 84, 85
00515, 3, 4, 5, 23, 24, 25, 43, 44, 45, 63, 64, 65, 83, 84, 85
00516, 3, 4, 5, 23, 24, 25, 43, 44, 45, 63, 64, 65, 83, 84, 85
00517, 3, 4, 5, 23, 24, 25, 43, 44, 45, 63, 64, 65, 83, 84, 85
00518, 3, 4, 5, 23, 24, 25, 43, 44, 45, 63, 64, 65, 83, 84, 85
00519, 3, 4, 5, 23, 24, 25, 43, 44, 45, 63, 64, 65, 83, 84, 85
00520, 3, 4, 5, 23, 24, 25, 43, 44, 45, 63, 64, 65, 83, 84, 85
00521, 3, 4, 5, 23, 24, 25, 43, 44, 45, 63, 64, 65, 83, 84, 85
00522, 3, 4, 5, 23, 24, 25, 43, 44, 45, 63, 64, 65, 83, 84, 85
00523, 3, 4, 5, 23, 24, 25, 43, 44, 45, 63, 64, 65, 83, 84, 85
00524, 3, 4, 5, 23, 24, 25, 43, 44, 45, 63, 64, 65, 83, 84, 85
00525, 3, 4, 5, 23, 24, 25, 43, 44, 45, 63, 64, 65, 83, 84, 85
00526, 3, 4, 5, 23, 24, 25, 43, 44, 45, 63, 64, 65, 83, 84, 85
00527, 3, 4, 5, 23, 24, 25, 43, 44, 45, 63, 64, 65, 83, 84, 85
00528, 3, 4, 5, 23, 24, 25, 43, 44, 45, 63, 64, 65, 83, 84, 85
00529, 3, 4, 5, 23, 24, 25, 43, 44, 45, 63, 64, 65, 83, 84, 85
00530, 3, 4, 5, 23, 24, 25, 43, 44, 45, 63, 64, 65, 83, 84, 85
00531, 4, 5, 6, 24, 25, 26, 44, 45, 46, 64, 65, 66, 84, 85, 86
00532, 4, 5, 6, 24, 25, 26, 44, 45, 46, 64, 65, 66, 84, 85, 86
00533, 4, 5, 6, 24, 25, 26, 44, 45, 46, 64, 65, 66, 84, 85, 86
00534, 4, 5, 6, 24, 25, 26, 44, 45, 46, 64, 65, 66, 84, 85, 86
00535, 4, 5, 6, 24, 25, 26, 44, 45, 46, 64, 65, 66, 84, 85, 86
00536, 4, 5, 6, 24, 25, 26, 44, 45, 46, 64, 65, 66, 84, 85, 86
00537, 4, 5, 6, 24, 25, 26, 44, 45, 46, 64, 65, 66, 84, 85, 86
00538, 4, 5, 6, 24, 25, 26, 44, 45, 46, 64, 65, 66, 84, 85, 86
00539, 4, 5, 6, 24, 25, 26, 44, 45, 46, 64, 65, 66, 84, 85, 86
00540, 4, 5, 6, 24, 25, 26, 44, 45, 46, 64, 65, 66, 84, 85, 86
00541, 4, 5, 6, 24, 25, 26, 44, 45, 46, 64, 65, 66, 84, 85, 86
00542, 4, 5, 6, 24, 25, 26, 44, 45, 46, 64, 65, 66, 84, 85, 86
00543, 4, 5, 6, 24, 25, 26, 44, 45, 46, 64, 65, 66, 84, 85, 86
00544, 4, 5, 6, 24, 25, 26, 44, 45, 46, 64, 65, 66, 84, 85, 86
00545, 4, 5, 6, 24, 25, 26, 44, 45, 46, 64, 65, 66, 84, 85, 86
00546, 4, 5, 6, 24, 25, 26, 44, 45, 46, 64, 65, 66, 84, 85, 86
00547, 4, 5, 6, 24, 25, 26, 44, 45, 46, 64, 65, 66, 84, 85, 86
00548, 4, 5, 6, 24, 25, 26, 44, 45, 46, 64, 65, 66, 84, 85, 86
00549, 5, 6, 7, 25, 26, 27, 45, 46, 47, 65, 66, 67, 85, 86, 87
00550, 5, 6, 7, 25, 26, 27, 45, 46, 47, 65, 66, 67, 85, 86, 87
00551, 5, 6, 7, 25, 26, 27, 45, 46, 47, 65, 66, 67, 85, 86, 87
00552, 5, 6, 7, 25, 26, 27, 45, 46, 47, 65, 66, 67, 85, 86, 87
00553, 5, 6, 7, 25, 26, 27, 45, 46, 47, 65, 66, 67, 85, 86, 87
00554, 5, 6, 7, 25, 26, 27, 45, 46, 47, 65, 66, 67, 85, 86, 87
00555, 5, 6, 7, 25, 26, 27, 45, 46, 47, 65, 66, 67, 85, 86, 87
00556, 5, 6, 7, 25, 26, 27, 45, 46, 47, 65, 66, 67, 85, 86, 87
00557, 5, 6, 7, 25, 26, 27, 45, 46, 47, 65, 66, 67, 85, 86, 87
00558, 5, 6, 7, 25, 26, 27, 45, 46, 47, 65, 66, 67, 85, 86, 87
00559, 5, 6, 7, 25, 26, 27, 45, 46, 47, 65, 66, 67, 85, 86, 87
00560, 5, 6, 7, 25, 26, 27, 45, 46, 47, 65, 66, 67, 85, 86, 87
00561, 5, 6, 7, 25, 26, 27, 45, 46, 47, 65, 66, 67, 85, 86, 87
00562, 5, 6, 7, 25, 26, 27, 45, 46, 47, 65, 66, 67, 85, 86, 87
00563, 5, 6, 7, 25, 26, 27, 45, 46, 47, 65, 66, 67, 85, 86, 87
00564, 5, 6, 7, 25, 26, 27, 45, 46, 47, 65, 66, 67, 85, 86, 87
00565, 6, 7, 8, 26, 27, 28, 46, 47, 48, 66, 67, 68, 86, 87, 88
00566, 6, 7, 8, 26, 27, 28, 46, 47, 48, 66, 67, 68, 86, 87, 88
00567, 6, 7, 8, 26, 27, 28, 46, 47, 48, 66, 67, 68, 86, 87, 88
00568, 6, 7, 8, 26, 27, 28, 46, 47, 48, 66, 67, 68, 86, 87, 88
00569, 6, 7, 8, 26, 27, 28, 46, 47, 48, 66, 67, 68, 86, 87, 88
00570, 6, 7, 8, 26, 27, 28, 46, 47, 48, 66, 67, 68, 86, 87, 88
00571, 6, 7, 8, 26, 27, 28, 46, 47, 48, 66, 67, 68, 86, 87, 88
00572, 6, 7, 8, 26, 27, 28, 46, 47, 48, 66, 67, 68, 86, 87, 88
00573, 6, 7, 8, 26, 27, 28, 46, 47, 48, 66, 67, 68, 86, 87, 88
00574, 6, 7, 8, 26, 27, 28, 46, 47, 48, 66, 67, 68, 86, 87, 88
00575, 6, 7, 8, 26, 27, 28, 46, 47, 48, 66, 67, 68, 86, 87, 88
00576, 6, 7, 8, 26, 27, 28, 46, 47, 48, 66, 67, 68, 86, 87, 88
00577, 6, 7, 8, 26, 27, 28, 46, 47, 48, 66, 67, 68, 86, 87, 88
00578, 6, 7, 8, 26, 27, 28, 46, 47, 48, 66, 67, 68, 86, 87, 88
00579, 6, 7, 8, 26, 27, 28, 46, 47, 48, 66, 67, 68, 86, 87, 88
00580, 7, 8, 9, 27, 28, 29, 47, 48, 49, 67, 68, 69, 87, 88, 89
00581, 7, 8, 9, 27, 28, 29, 47, 48, 49, 67, 68, 69, 87, 88, 89
00582, 7, 8, 9, 27, 28, 29, 47, 48, 49, 67, 68, 69, 87, 88, 89
00583, 7, 8, 9, 27, 28, 29, 47, 48, 49, 67, 68, 69, 87, 88, 89
00584, 7, 8, 9, 27, 28, 29, 47, 48, 49, 67, 68, 69, 87, 88, 89
00585, 7, 8, 9, 27, 28, 29, 47, 48, 49, 67, 68, 69, 87, 88, 89
00586, 7, 8, 9, 27, 28, 29, 47, 48, 49, 67, 68, 69, 87, 88, 89
00587, 7, 8, 9, 27, 28, 29, 47, 48, 49, 67, 68, 69, 87, 88, 89
00588, 7, 8, 9, 27, 28, 29, 47, 48, 49, 67, 68, 69, 87, 88, 89
00589, 7, 8, 9, 27, 28, 29, 47, 48, 49, 67, 68, 69, 87, 88, 89
00590, 7, 8, 9, 27, 28, 29, 47, 48, 49, 67, 68, 69, 87, 88, 89
00591, 7, 8, 9, 27, 28, 29, 47, 48, 49, 67, 68, 69, 87, 88, 89
00592, 7, 8, 9, 27, 28, 29, 47, 48, 49, 67, 68, 69, 87, 88, 89
00593, 7, 8, 9, 27, 28, 29, 47, 48, 49, 67, 68, 69, 87, 88, 89
00594, 7, 8, 9, 27, 28, 29, 47, 48, 49, 67, 68, 69, 87, 88, 89
00595, 8, 9, 10, 28, 29, 30, 48, 49, 50, 68, 69, 70, 88, 89, 90
00596, 8, 9, 10, 28, 29, 30, 48, 49, 50, 68, 69, 70, 88, 89, 90
00597, 8, 9, 10, 28, 29, 30, 48, 49, 50, 68, 69, 70, 88, 89, 90
00598, 8, 9, 10, 28, 29, 30, 48, 49, 50, 68, 69, 70, 88, 89, 90
00599, 8, 9, 10, 28, 29, 30, 48, 49, 50, 68, 69, 70, 88, 89, 90
00600, 8, 9, 10, 28, 29, 30, 48, 49, 50, 68, 69, 70, 88, 89, 90
00601, 8, 9, 10, 28, 29, 30, 48, 49, 50, 68, 69, 70, 88, 89, 90
00602, 8, 9, 10, 28, 29, 30, 48, 49, 50, 68, 69, 70, 88, 89, 90
00603, 8, 9, 10, 28, 29, 30, 48, 49, 50, 68, 69, 70, 88, 89, 90
00604, 8, 9, 10, 28, 29, 30, 48, 49, 50, 68, 69, 70, 88, 89, 90
00605, 8, 9, 10, 28, 29, 30, 48, 49, 50, 68, 69, 70, 88, 89, 90
00606, 8, 9, 10, 28, 29, 30, 48, 49, 50, 68, 69, 70, 88, 89, 90
00607, 8, 9, 10, 28, 29, 30, 48, 49, 50, 68, 69, 70, 88, 89, 90
00608, 8, 9, 10, 28, 29, 30, 48, 49, 50, 68, 69, 70, 88, 89, 90
00609, 9, 10, 11, 29, 30, 31, 49, 50, 51, 69, 70, 71, 89, 90, 91
00610, 9, 10, 11, 29, 30, 31, 49, 50, 51, 69, 70, 71, 89, 90, 91
00611, 9, 10, 11, 29, 30, 31, 49, 50, 51, 69, 70, 71, 89, 90, 91
00612, 9, 10, 11, 29, 30, 31, 49, 50, 51, 69, 70, 71, 89, 90, 91
00613, 9, 10, 11, 29, 30, 31, 49, 50, 51, 69, 70, 71, 89, 90, 91
00614, 9, 10, 11, 29, 30, 31, 49, 50, 51, 69, 70, 71, 89, 90, 91
00615, 9, 10, 11, 29, 30, 31, 49, 50, 51, 69, 70, 71, 89, 90, 91
00616, 9, 10, 11, 29, 30, 31, 49, 50, 51, 69, 70, 71, 89, 90, 91
00617, 9, 10, 11, 29, 30, 31, 49, 50, 51, 69, 70, 71, 89, 90, 91
00618, 9, 10, 11, 29, 30, 31, 49, 50, 51, 69, 70, 71, 89, 90, 91
00619, 9, 10, 11, 29, 30, 31, 49, 50, 51, 69, 70, 71, 89, 90, 91
00620, 9, 10, 11, 29, 30, 31, 49, 50, 51, 69, 70, 71, 89, 90, 91
00621, 9, 10, 11, 29, 30, 31, 49, 50, 51, 69, 70, 71, 89, 90, 91
00622, 9, 10, 11, 29, 30, 31, 49, 50, 51, 69, 70, 71, 89, 90, 91
00623, 9, 10, 11, 29, 30, 31, 49, 50, 51, 69, 70, 71, 89, 90, 91
00624, 10, 11, 12, 30, 31, 32, 50, 51, 52, 70, 71, 72, 90, 91, 92
00625, 10, 11, 12, 30, 31, 32, 50, 51, 52, 70, 71, 72, 90, 91, 92
00626, 10, 11, 12, 30, 31, 32, 50, 51, 52, 70, 71, 72, 90, 91, 92
00627, 10, 11, 12, 30, 31, 32, 50, 51, 52, 70, 71, 72, 90, 91, 92
00628, 10, 11, 12, 30, 31, 32, 50, 51, 52, 70, 71, 72, 90, 91, 92
00629, 10, 11, 12, 30, 31, 32, 50, 51, 52, 70, 71, 72, 90, 91, 92
00630, 10, 11, 12, 30, 31, 32, 50, 51, 52, 70, 71, 72, 90, 91, 92
00631, 10, 11, 12, 30, 31, 32, 50, 51, 52, 70, 71, 72, 90, 91, 92
00632, 10, 11, 12, 30, 31, 32, 50, 51, 52, 70, 71, 72, 90, 91, 92
00633, 10, 11, 12, 30, 31, 32, 50, 51, 52, 70, 71, 72, 90, 91, 92
00634, 10, 11, 12, 30, 31, 32, 50, 51, 52, 70, 71, 72, 90, 91, 92
00635, 10, 11, 12, 30, 31, 32, 50, 51, 52, 70, 71, 72, 90, 91, 92
00636, 10, 11, 12, 30, 31, 32, 50, 51, 52, 70, 71, 72, 90, 91, 92
00637, 10, 11, 12, 30, 31, 32, 50, 51, 52, 70, 71, 72, 90, 91, 92
00638, 10, 11, 12, 30, 31, 32, 50, 51, 52, 70, 71, 72, 90, 91, 92
00639, 11, 12, 13, 31, 32, 33, 51, 52, 53, 71, 72, 73, 91, 92, 93
00640, 11, 12, 13, 31, 32, 33, 51, 52, 53, 71, 72, 73, 91, 92, 93
00641, 11, 12, 13, 31, 32, 33, 51, 52, 53, 71, 72, 73, 91, 92, 93
00642, 11, 12, 13, 31, 32, 33, 51, 52, 53, 71, 72, 73, 91, 92, 93
00643, 11, 12, 13, 31, 32, 33, 51, 52, 53, 71, 72, 73, 91, 92, 93
00644, 11, 12, 13, 31, 32, 33, 51, 52, 53, 71, 72, 73, 91, 92, 93
00645, 11, 12, 13, 31, 32, 33, 51, 52, 53, 71, 72, 73, 91, 92, 93
00646, 11, 12, 13, 31, 32, 33, 51, 52, 53, 71, 72, 73, 91, 92, 93
00647, 11, 12, 13, 31, 32, 33, 51, 52, 53, 71, 72, 73, 91, 92, 93
00648, 11, 12, 13, 31, 32, 33, 51, 52, 53, 71, 72, 73, 91, 92, 93
00649, 11, 12, 13, 31, 32, 33, 51, 52, 53, 71, 72, 73, 91, 92, 93
00650, 11, 12, 13, 31, 32, 33, 51, 52, 53, 71, 72, 73, 91, 92, 93
00651, 11, 12, 13, 31, 32, 33, 51, 52, 53, 71, 72, 73, 91, 92, 93
00652, 11, 12, 13, 31, 32, 33, 51, 52, 53, 71, 72, 73, 91, 92, 93
00653, 11, 12, 13, 31, 32, 33, 51, 52, 53, 71, 72, 73, 91, 92, 93
00654, 31, 32, 33, 51, 52, 53, 71, 72, 73, 91, 92, 93, 111, 112, 113
00655, 32, 33, 34, 52, 53, 54, 72, 73, 74, 92, 93, 94, 112, 113, 114
00656, 32, 33, 34, 52, 53, 54, 72, 73, 74, 92, 93, 94, 112, 113, 114
00657, 32, 33, 34, 52, 53, 54, 72, 73, 74, 92, 93, 94, 112, 113, 114
00658, 32, 33, 34, 52, 53, 54, 72, 73, 74, 92, 93, 94, 112, 113, 114
00659, 32, 33, 34, 52, 53, 54, 72, 73, 74, 92, 93, 94, 112, 113, 114
00660, 32, 33, 34, 52, 53, 54, 72, 73, 74, 92, 93, 94, 112, 113, 114
00661, 32, 33, 34, 52, 53, 54, 72, 73, 74, 92, 93, 94, 112, 113, 114
00662, 32, 33, 34, 52, 53, 54, 72, 73, 74, 92, 93, 94, 112, 113, 114
00663, 32, 33, 34, 52, 53, 54, 72, 73, 74, 92, 93, 94, 112, 113, 114
00664, 32, 33, 34, 52, 53, 54, 72, 73, 74, 92, 93, 94, 112, 113, 114
00665, 32, 33, 34, 52, 53, 54, 72, 73, 74, 92, 93, 94, 112, 113, 114
00666, 32, 33, 34, 52, 53, 54, 72, 73, 74, 92, 93, 94, 112, 113, 114
00667, 32, 33, 34, 52, 53, 54, 72, 73, 74, 92, 93, 94, 112, 113, 114
00668, 32, 33, 34, 52, 53, 54, 72, 73, 74, 92, 93, 94, 112, 113, 114
00669, 32, 33, 34, 52, 53, 54, 72, 73, 74, 92, 93, 94, 112, 113, 114
00670, 32, 33, 34, 52, 53, 54, 72, 73, 74, 92, 93, 94, 112, 113, 114
00671, 32, 33, 34, 52, 53, 54, 72, 73, 74, 92, 93, 94, 112, 113, 114
00672, 32, 33, 34, 52, 53, 54, 72, 73, 74, 92, 93, 94, 112, 113, 114
00673, 33, 34, 35, 53, 54, 55, 73, 74, 75, 93, 94, 95, 113, 114, 115
00674, 33, 34, 35, 53, 54, 55, 73, 74, 75, 93, 94, 95, 113, 114, 115
00675, 33, 34, 35, 53, 54, 55, 73, 74, 75, 93, 94, 95, 113, 114, 115
00676, 33, 34, 35, 53, 54, 55, 73, 74, 75, 93, 94, 95, 113, 114, 115
00677, 33, 34, 35, 53, 54, 55, 73, 74, 75, 93, 94, 95, 113, 114, 115
00678, 33, 34, 35, 53, 54, 55, 73, 74, 75, 93, 94, 95, 113, 114, 115
00679, 33, 34, 35, 53, 54, 55, 73, 74, 75, 93, 94, 95, 113, 114, 115
00680, 33, 34, 35, 53, 54, 55, 73, 74, 75, 93, 94, 95, 113, 114, 115
00681, 33, 34, 35, 53, 54, 55, 73, 74, 75, 93, 94, 95, 113, 114, 115
00682, 33, 34, 35, 53, 54, 55, 73, 74, 75, 93, 94, 95, 113, 114, 115
00683, 33, 34, 35, 53, 54, 55, 73, 74, 75, 93, 94, 95, 113, 114, 115
00684, 33, 34, 35, 53, 54, 55, 73, 74, 75, 93, 94, 95, 113, 114, 115
00685, 33, 34, 35, 53, 54, 55, 73, 74, 75, 93, 94, 95, 113, 114, 115
00686, 33, 34, 35, 53, 54, 55, 73, 74, 75, 93, 94, 95, 113, 114, 115
00687, 33, 34, 35, 53, 54, 55, 73, 74, 75, 93, 94, 95, 113, 114, 115
00688, 33, 34, 35, 53, 54, 55, 73, 74, 75, 93, 94, 95, 113, 114, 115
00689, 33, 34, 35, 53, 54, 55, 73, 74, 75, 93, 94, 95, 113, 114, 115
00690, 33, 34, 35, 53, 54, 55, 73, 74, 75, 93, 94, 95, 113, 114, 115
00691, 33, 34, 35, 53, 54, 55, 73, 74, 75, 93, 94, 95, 113, 114, 115
00692, 33, 34, 35, 53, 54, 55, 73, 74, 75, 93, 94, 95, 113, 114, 115
00693, 33, 34, 35, 53, 54, 55, 73, 74, 75, 93, 94, 95, 113, 114, 115
00694, 33, 34, 35, 53, 54, 55, 73, 74, 75, 93, 94, 95, 113, 114, 115
00695, 34, 35, 36, 54, 55, 56, 74, 75, 76, 94, 95, 96, 114, 115, 116
00696, 34, 35, 36, 54, 55, 56, 74, 75, 76, 94, 95, 96, 114, 115, 116
00697, 34, 35, 36, 54, 55, 56, 74, 75, 76, 94, 95, 96, 114, 115, 116
00698, 34, 35, 36, 54, 55, 56, 74, 75, 76, 94, 95, 96, 114, 115, 116
00699, 34, 35, 36, 54, 55, 56, 74, 75, 76, 94, 95, 96, 114, 115, 116
00700, 34, 35, 36, 54, 55, 56, 74, 75, 76, 94, 95, 96, 114, 115, 116
00701, 34, 35, 36, 54, 55, 56, 74, 75, 76, 94, 95, 96, 114, 115, 116
00702, 34, 35, 36, 54, 55, 56, 74, 75, 76, 94, 95, 96, 114, 115, 116
00703, 34, 35, 36, 54, 55, 56, 74, 75, 76, 94, 95, 96, 114, 115, 116
00704, 34, 35, 36, 54, 55, 56, 74, 75, 76, 94, 95, 96, 114, 115, 116
00705, 34, 35, 36, 54, 55, 56, 74, 75, 76, 94, 95, 96, 114, 115, 116
00706, 34, 35, 36, 54, 55, 56, 74, 75, 76, 94, 95, 96, 114, 115, 116
00707, 34, 35, 36, 54, 55, 56, 74, 75, 76, 94, 95, 96, 114, 115, 116
00708, 34, 35, 36, 54, 55, 56, 74, 75, 76, 94, 95, 96, 114, 115, 116
00709, 34, 35, 36, 54, 55, 56, 74, 75, 76, 94, 95, 96, 114, 115, 116
00710, 34, 35, 36, 54, 55, 56, 74, 75, 76, 94, 95, 96, 114, 115, 116
00711, 34, 35, 36, 54, 55, 56, 74, 75, 76, 94, 95, 96, 114, 115, 116
00712, 34, 35, 36, 54, 55, 56, 74, 75, 76, 94, 95, 96, 114, 115, 116
00713, 34, 35, 36, 54, 55, 56, 74, 75, 76, 94, 95, 96, 114, 115, 116
00714, 34, 35, 36, 54, 55, 56, 74, 75, 76, 94, 95, 96, 114, 115, 116
00715, 34, 35, 36, 54, 55, 56, 74, 75, 76, 94, 95, 96, 114, 115, 116
00716, 34, 35, 36, 54, 55, 56, 74, 75, 76, 94, 95, 96, 114, 115, 116
00717, 34, 35, 36, 54, 55, 56, 74, 75, 76, 94, 95, 96, 114, 115, 116
00718, 34, 35, 36, 54, 55, 56, 74, 75, 76, 94, 95, 96, 114, 115, 116
00719, 34, 35, 36, 54, 55, 56, 74, 75, 76, 94, 95, 96, 114, 115, 116
00720, 34, 35, 36, 54, 55, 56, 74, 75, 76, 94, 95, 96, 114, 115, 116
00721, 34, 35, 36, 54, 55, 56, 74, 75, 76, 94, 95, 96, 114, 115, 116
00722, 34, 35, 36, 54, 55, 56, 74, 75, 76, 94, 95, 96, 114, 115, 116
00723, 34, 35, 36, 54, 55, 56, 74, 75, 76, 94, 95, 96, 114, 115, 116
00724, 34, 35, 36, 54, 55, 56, 74, 75, 76, 94, 95, 96, 114, 115, 116
00725, 34, 35, 36, 54, 55, 56, 74, 75, 76, 94, 95, 96, 114, 115, 116
00726, 34, 35, 36, 54, 55, 56, 74, 75, 76, 94, 95, 96, 114, 115, 116
00727, 54, 55, 56, 74, 75, 76, 94, 95, 96, 114, 115, 116, 134, 135, 136
00728, 54, 55, 56, 74, 75, 76, 94, 95, 96, 114, 115, 116, 134, 135, 136
00729, 54, 55, 56, 74, 75, 76, 94, 95, 96, 114, 115, 116, 134, 135, 136
00730, 54, 55, 56, 74, 75, 76, 94, 95, 96, 114, 115, 116, 134, 135, 136
00731, 54, 55, 56, 74, 75, 76, 94, 95, 96, 114, 115, 116, 134, 135, 136
00732, 55, 56, 57, 75, 76, 77, 95, 96, 97, 115, 116, 117, 135, 136, 137
00733, 55, 56, 57, 75, 76, 77, 95, 96, 97, 115, 116, 117, 135, 136, 137
00734, 55, 56, 57, 75, 76, 77, 95, 96, 97, 115, 116, 117, 135, 136, 137
00735, 55, 56, 57, 75, 76, 77, 95, 96, 97, 115, 116, 117, 135, 136, 137
00736, 55, 56, 57, 75, 76, 77, 95, 96, 97, 115, 116, 117, 135, 136, 137
00737, 55, 56, 57, 75, 76, 77, 95, 96, 97, 115, 116, 117, 135, 136, 137
00738, 55, 56, 57, 75, 76, 77, 95, 96, 97, 115, 116, 117, 135, 136, 137
00739, 55, 56, 57, 75, 76, 77, 95, 96, 97, 115, 116, 117, 135, 136, 137
00740, 55, 56, 57, 75, 76, 77, 95, 96, 97, 115, 116, 117, 135, 136, 137
00741, 55, 56, 57, 75, 76, 77, 95, 96, 97, 115, 116, 117, 135, 136, 137
00742, 55, 56, 57, 75, 76, 77, 95, 96, 97, 115, 116, 117, 135, 136, 137
00743, 55, 56, 57, 75, 76, 77, 95, 96, 97, 115, 116, 117, 135, 136, 137
00744, 55, 56, 57, 75, 76, 77, 95, 96, 97, 115, 116, 117, 135, 136, 137
00745, 55, 56, 57, 75, 76, 77, 95, 96, 97, 115, 116, 117, 135, 136, 137
00746, 55, 56, 57, 75, 76, 77, 95, 96, 97, 115, 116, 117, 135, 136, 137
00747, 55, 56, 57, 75, 76, 77, 95, 96, 97, 115, 116, 117, 135, 136, 137
00748, 55, 56, 57, 75, 76, 77, 95, 96, 97, 115, 116, 117, 135, 136, 137
00749, 55, 56, 57, 75, 76, 77, 95, 96, 97, 115, 116, 117, 135, 136, 137
00750, 55, 56, 57, 75, 76, 77, 95, 96, 97, 115, 116, 117, 135, 136, 137
00751, 55, 56, 57, 75, 76, 77, 95, 96, 97, 115, 116, 117, 135, 136, 137
00752, 55, 56, 57, 75, 76, 77, 95, 96, 97, 115, 116, 117, 135, 136, 137
00753, 55, 56, 57, 75, 76, 77, 95, 96, 97, 115, 116, 117, 135, 136, 137
00754, 55, 56, 57, 75, 76, 77, 95, 96, 97, 115, 116, 117, 135, 136, 137
00755, 55, 56, 57, 75, 76, 77, 95, 96, 97, 115, 116, 117, 135, 136, 137
00756, 55, 56, 57, 75, 76, 77, 95, 96, 97, 115, 116, 117, 135, 136, 137
00757, 55, 56, 57, 75, 76, 77, 95, 96, 97, 115, 116, 117, 135, 136, 137
00758, 55, 56, 57, 75, 76, 77, 95, 96, 97, 115, 116, 117, 135, 136, 137
00759, 55, 56, 57, 75, 76, 77, 95, 96, 97, 115, 116, 117, 135, 136, 137
00760, 55, 56, 57, 75, 76, 77, 95, 96, 97, 115, 116, 117, 135, 136, 137
00761, 55, 56, 57, 75, 76, 77, 95, 96, 97, 115, 116, 117, 135, 136, 137
00762, 55, 56, 57, 75, 76, 77, 95, 96, 97, 115, 116, 117, 135, 136, 137
00763, 55, 56, 57, 75, 76, 77, 95, 96, 97, 115, 116, 117, 135, 136, 137
00764, 55, 56, 57, 75, 76, 77, 95, 96, 97, 115, 116, 117, 135, 136, 137
00765, 55, 56, 57, 75, 76, 77, 95, 96, 97, 115, 116, 117, 135, 136, 137
00766, 55, 56, 57, 75, 76, 77, 95, 96, 97, 115, 116, 117, 135, 136, 137
00767, 55, 56, 57, 75, 76, 77, 95, 96, 97, 115, 116, 117, 135, 136, 137
00768, 55, 56, 57, 75, 76, 77, 95, 96, 97, 115, 116, 117, 135, 136, 137
00769, 55, 56, 57, 75, 76, 77, 95, 96, 97, 115, 116, 117, 135, 136, 137
00770, 55, 56, 57, 75, 76, 77, 95, 96, 97, 115, 116, 117, 135, 136, 137
00771, 55, 56, 57, 75, 76, 77, 95, 96, 97, 115, 116, 117, 135, 136, 137
00772, 54, 55, 56, 74, 75, 76, 94, 95, 96, 114, 115, 116, 134, 135, 136
00773, 54, 55, 56, 74, 75, 76, 94, 95, 96, 114, 115, 116, 134, 135, 136
00774, 54, 55, 56, 74, 75, 76, 94, 95, 96, 114, 115, 116, 134, 135, 136
00775, 54, 55, 56, 74, 75, 76, 94, 95, 96, 114, 115, 116, 134, 135, 136
00776, 54, 55, 56, 74, 75, 76, 94, 95, 96, 114, 115, 116, 134, 135, 136
00777, 54, 55, 56, 74, 75, 76, 94, 95, 96, 114, 115, 116, 134, 135, 136
00778, 54, 55, 56, 74, 75, 76, 94, 95, 96, 114, 115, 116, 134, 135, 136
00779, 54, 55, 56, 74, 75, 76, 94, 95, 96, 114, 115, 116, 134, 135, 136
00780, 54, 55, 56, 74, 75, 76, 94, 95, 96, 114, 115, 116, 134, 135, 136
00781, 54, 55, 56, 74, 75, 76, 94, 95, 96, 114, 115, 116, 134, 135, 136
00782, 54, 55, 56, 74, 75, 76, 94, 95, 96, 114, 115, 116, 134, 135, 136
00783, 54, 55, 56, 74, 75, 76, 94, 95, 96, 114, 115, 116, 134, 135, 136
00784, 54, 55, 56, 74, 75, 76, 94, 95, 96, 114, 115, 116, 134, 135, 136
00785, 54, 55, 56, 74, 75, 76, 94, 95, 96, 114, 115, 116, 134, 135, 136
00786, 54, 55, 56, 74, 75, 76, 94, 95, 96, 114, 115, 116, 134, 135, 136
00787, 54, 55, 56, 74, 75, 76, 94, 95, 96, 114, 115, 116, 134, 135, 136
00788, 54, 55, 56, 74, 75, 76, 94, 95, 96, 114, 115, 116, 134, 135, 136
00789, 54, 55, 56, 74, 75, 76, 94, 95, 96, 114, 115, 116, 134, 135, 136
00790, 54, 55, 56, 74, 75, 76, 94, 95, 96, 114, 115, 116, 134, 135, 136
00791, 74, 75, 76, 94, 95, 96, 114, 115, 116, 134, 135, 136, 154, 155, 156
00792, 74, 75, 76, 94, 95, 96, 114, 115, 116, 134, 135, 136, 154, 155, 156
00793, 74, 75, 76, 94, 95, 96, 114, 115, 116, 134, 135, 136, 154, 155, 156
00794, 74, 75, 76, 94, 95, 96, 114, 115, 116, 134, 135, 136, 154, 155, 156
00795, 74, 75, 76, 94, 95, 96, 114, 115, 116, 134, 135, 136, 154, 155, 156
00796, 74, 75, 76, 94, 95, 96, 114, 115, 116, 134, 135, 136, 154, 155, 156
00797, 74, 75, 76, 94, 95, 96, 114, 115, 116, 134, 135, 136, 154, 155, 156
00798, 74, 75, 76, 94, 95, 96, 114, 115, 116, 134, 135, 136, 154, 155, 156
00799, 74, 75, 76, 94, 95, 96, 114, 115, 116, 134, 135, 136, 154, 155, 156
00800, 74, 75, 76, 94, 95, 96, 114, 115, 116, 134, 135, 136, 154, 155, 156
00801, 74, 75, 76, 94, 95, 96, 114, 115, 116, 134, 135, 136, 154, 155, 156
00802, 74, 75, 76, 94, 95, 96, 114, 115, 116, 134, 135, 136, 154, 155, 156
00803, 74, 75, 76, 94, 95, 96, 114, 115, 116, 134, 135, 136, 154, 155, 156
00804, 74, 75, 76, 94, 95, 96, 114, 115, 116, 134, 135, 136, 154, 155, 156
00805, 74, 75, 76, 94, 95, 96, 114, 115, 116, 134, 135, 136, 154, 155, 156
00806, 74, 75, 76, 94, 95, 96, 114, 115, 116, 134, 135, 136, 154, 155, 156
00807, 74, 75, 76, 94, 95, 96, 114, 115, 116, 134, 135, 136, 154, 155, 156
00808, 74, 75, 76, 94, 95, 96, 114, 115, 116, 134, 135, 136, 154, 155, 156
00809, 73, 74, 75, 93, 94, 95, 113, 114, 115, 133, 134, 135, 153, 154, 155
00810, 73, 74, 75, 93, 94, 95, 113, 114, 115, 133, 134, 135, 153, 154, 155
00811, 73, 74, 75, 93, 94, 95, 113, 114, 115, 133, 134, 135, 153, 154, 155
00812, 73, 74, 75, 93, 94, 95, 113, 114, 115, 133, 134, 135, 153, 154, 155
00813, 73, 74, 75, 93, 94, 95, 113, 114, 115, 133, 134, 135, 153, 154, 155
00814, 73, 74, 75, 93, 94, 95, 113, 114, 115, 133, 134, 135, 153, 154, 155
00815, 73, 74, 75, 93, 94, 95, 113, 114, 115, 133, 134, 135, 153, 154, 155
00816, 73, 74, 75, 93, 94, 95, 113, 114, 115, 133, 134, 135, 153, 154, 155
00817, 73, 74, 75, 93, 94, 95, 113, 114, 115, 133, 134, 135, 153, 154, 155
00818, 73, 74, 75, 93, 94, 95, 113, 114, 115, 133, 134, 135, 153, 154, 155
00819, 73, 74, 75, 93, 94, 95, 113, 114, 115, 133, 134, 135, 153, 154, 155
00820, 73, 74, 75, 93, 94, 95, 113, 114, 115, 133, 134, 135, 153, 154, 155
00821, 73, 74, 75, 93, 94, 95, 113, 114, 115, 133, 134, 135, 153, 154, 155
00822, 73, 74, 75, 93, 94, 95, 113, 114, 115, 133, 134, 135, 153, 154, 155
00823, 73, 74, 75, 93, 94, 95, 113, 114, 115, 133, 134, 135, 153, 154, 155
00824, 73, 74, 75, 93, 94, 95, 113, 114, 115, 133, 134, 135, 153, 154, 155
00825, 73, 74, 75, 93, 94, 95, 113, 114, 115, 133, 134, 135, 153, 154, 155
00826, 73, 74, 75, 93, 94, 95, 113, 114, 115, 133, 134, 135, 153, 154, 155
00827, 73, 74, 75, 93, 94, 95, 113, 114, 115, 133, 134, 135, 153, 154, 155
00828, 73, 74, 75, 93, 94, 95, 113, 114, 115, 133, 134, 135, 153, 154, 155
00829, 73, 74, 75, 93, 94, 95, 113, 114, 115, 133, 134, 135, 153, 154, 155
00830, 73, 74, 75, 93, 94, 95, 113, 114, 115, 133, 134, 135, 153, 154, 155
00831, 72, 73, 74, 92, 93, 94, 112, 113, 114, 132, 133, 134, 152, 153, 154
00832, 72, 73, 74, 92, 93, 94, 112, 113, 114, 132, 133, 134, 152, 153, 154
00833, 72, 73, 74, 92, 93, 94, 112, 113, 114, 132, 133, 134, 152, 153, 154
00834, 72, 73, 74, 92, 93, 94, 112, 113, 114, 132, 133, 134, 152, 153, 154
00835, 72, 73, 74, 92, 93, 94, 112, 113, 114, 132, 133, 134, 152, 153, 154
00836, 72, 73, 74, 92, 93, 94, 112, 113, 114, 132, 133, 134, 152, 153, 154
00837, 72, 73, 74, 92, 93, 94, 112, 113, 114, 132, 133, 134, 152, 153, 154
00838, 72, 73, 74, 92, 93, 94, 112, 113, 114, 132, 133, 134, 152, 153, 154
00839, 72, 73, 74, 92, 93, 94, 112, 113, 114, 132, 133, 134, 152, 153, 154
00840, 72, 73, 74, 92, 93, 94, 112, 113, 114, 132, 133, 134, 152, 153, 154
00841, 72, 73, 74, 92, 93, 94, 112, 113, 114, 132, 133, 134, 152, 153, 154
00842, 72, 73, 74, 92, 93, 94, 112, 113, 114, 132, 133, 134, 152, 153, 154
00843, 72, 73, 74, 92, 93, 94, 112, 113, 114, 132, 133, 134, 152, 153, 154
00844, 72, 73, 74, 92, 93, 94, 112, 113, 114, 132, 133, 134, 152, 153, 154
00845, 72, 73, 74, 92, 93, 94, 112, 113, 114, 132, 133, 134, 152, 153, 154
00846, 72, 73, 74, 92, 93, 94, 112, 113, 114, 132, 133, 134, 152, 153, 154
00847, 72, 73, 74, 92, 93, 94, 112, 113, 114, 132, 133, 134, 152, 153, 154
00848, 72, 73, 74, 92, 93, 94, 112, 113, 114, 132, 133, 134, 152, 153, 154
00849, 71, 72, 73, 91, 92, 93, 111, 112, 113, 131, 132, 133, 151, 152, 153
00850, 71, 72, 73, 91, 92, 93, 111, 112, 113, 131, 132, 133, 151, 152, 153
00851, 71, 72, 73, 91, 92, 93, 111, 112, 113, 131, 132, 133, 151, 152, 153
00852, 71, 72, 73, 91, 92, 93, 111, 112, 113, 131, 132, 133, 151, 152, 153
00853, 71, 72, 73, 91, 92, 93, 111, 112, 113, 131, 132, 133, 151, 152, 153
00854, 71, 72, 73, 91, 92, 93, 111, 112, 113, 131, 132, 133, 151, 152, 153
00855, 71, 72, 73, 91, 92, 93, 111, 112, 113, 131, 132, 133, 151, 152, 153
00856, 71, 72, 73, 91, 92, 93, 111, 112, 113, 131, 132, 133, 151, 152, 153
00857, 71, 72, 73, 91, 92, 93, 111, 112, 113, 131, 132, 133, 151, 152, 153
00858, 71, 72, 73, 91, 92, 93, 111, 112, 113, 131, 132, 133, 151, 152, 153
00859, 71, 72, 73, 91, 92, 93, 111, 112, 113, 131, 132, 133, 151, 152, 153
00860, 71, 72, 73, 91, 92, 93, 111, 112, 113, 131, 132, 133, 151, 152, 153
00861, 71, 72, 73, 91, 92, 93, 111, 112, 113, 131, 132, 133, 151, 152, 153
00862, 71, 72, 73, 91, 92, 93, 111, 112, 113, 131, 132, 133, 151, 152, 153
00863, 91, 92, 93, 111, 112, 113, 131, 132, 133, 151, 152, 153, 171, 172, 173
00864, 91, 92, 93, 111, 112, 113, 131, 132, 133, 151, 152, 153, 171, 172, 173
00865, 90, 91, 92, 110, 111, 112, 130, 131, 132, 150, 151, 152, 170, 171, 172
00866, 90, 91, 92, 110, 111, 112, 130, 131, 132, 150, 151, 152, 170, 171, 172
00867, 90, 91, 92, 110, 111, 112, 130, 131, 132, 150, 151, 152, 170, 171, 172
00868, 90, 91, 92, 110, 111, 112, 130, 131, 132, 150, 151, 152, 170, 171, 172
00869, 90, 91, 92, 110, 111, 112, 130, 131, 132, 150, 151, 152, 170, 171, 172
00870, 90, 91, 92, 110, 111, 112, 130, 131, 132, 150, 151, 152, 170, 171, 172
00871, 90, 91, 92, 110, 111, 112, 130, 131, 132, 150, 151, 152, 170, 171, 172
00872, 90, 91, 92, 110, 111, 112, 130, 131, 132, 150, 151, 152, 170, 171, 172
00873, 90, 91, 92, 110, 111, 112, 130, 131, 132, 150, 151, 152, 170, 171, 172
00874, 90, 91, 92, 110, 111, 112, 130, 131, 132, 150, 151, 152, 170, 171, 172
00875, 90, 91, 92, 110, 111, 112, 130, 131, 132, 150, 151, 152, 170, 171, 172
00876, 90, 91, 92, 110, 111, 112, 130, 131, 132, 150, 151, 152, 170, 171, 172
00877, 90, 91, 92, 110, 111, 112, 130, 131, 132, 150, 151, 152, 170, 171, 172
00878, 90, 91, 92, 110, 111, 112, 130, 131, 132, 150, 151, 152, 170, 171, 172
00879, 90, 91, 92, 110, 111, 112, 130, 131, 132, 150, 151, 152, 170, 171, 172
00880, 89, 90, 91, 109, 110, 111, 129, 130, 131, 149, 150, 151, 169, 170, 171
00881, 89, 90, 91, 109, 110, 111, 129, 130, 131, 149, 150, 151, 169, 170, 171
00882, 89, 90, 91, 109, 110, 111, 129, 130, 131, 149, 150, 151, 169, 170, 171
00883, 89, 90, 91, 109, 110, 111, 129, 130, 131, 149, 150, 151, 169, 170, 171
00884, 89, 90, 91, 109, 110, 111, 129, 130, 131, 149, 150, 151, 169, 170, 171
00885, 89, 90, 91, 109, 110, 111, 129, 130, 131, 149, 150, 151, 169, 170, 171
00886, 89, 90, 91, 109, 110, 111, 129, 130, 131, 149, 150, 151, 169, 170, 171
00887, 89, 90, 91, 109, 110, 111, 129, 130, 131, 149, 150, 151, 169, 170, 171
00888, 89, 90, 91, 109, 110, 111, 129, 130, 131, 149, 150, 151, 169, 170, 171
00889, 89, 90, 91, 109, 110, 111, 129, 130, 131, 149, 150, 151, 169, 170, 171
00890, 89, 90, 91, 109, 110, 111, 129, 130, 131, 149, 150, 151, 169, 170, 171
00891, 89, 90, 91, 109, 110, 111, 129, 130, 131, 149, 150, 151, 169, 170, 171
00892, 89, 90, 91, 109, 110, 111, 129, 130, 131, 149, 150, 151, 169, 170, 171
00893, 89, 90, 91, 109, 110, 111, 129, 130, 131, 149, 150, 151, 169, 170, 171
00894, 89, 90, 91, 109, 110, 111, 129, 130, 131, 149, 150, 151, 169, 170, 171
00895, 88, 89, 90, 108, 109, 110, 128, 129, 130, 148, 149, 150, 168, 169, 170
00896, 88, 89, 90, 108, 109, 110, 128, 129, 130, 148, 149, 150, 168, 169, 170
00897, 88, 89, 90, 108, 109, 110, 128, 129, 130, 148, 149, 150, 168, 169, 170
00898, 88, 89, 90, 108, 109, 110, 128, 129, 130, 148, 149, 150, 168, 169, 170
00899, 88, 89, 90, 108, 109, 110, 128, 129, 130, 148, 149, 150, 168, 169, 170
00900, 88, 89, 90, 108, 109, 110, 128, 129, 130, 148, 149, 150, 168, 169, 170
00901, 88, 89, 90, 108, 109, 110, 128, 129, 130, 148, 149, 150, 168, 169, 170
00902, 88, 89, 90, 108, 109, 110, 128, 129, 130, 148, 149, 150, 168, 169, 170
00903, 88, 89, 90, 108, 109, 110, 128, 129, 130, 148, 149, 150, 168, 169, 170
00904, 88, 89, 90, 108, 109, 110, 128, 129, 130, 148, 149, 150, 168, 169, 170
00905, 88, 89, 90, 108, 109, 110, 128, 129, 130, 148, 149, 150, 168, 169, 170
00906, 88, 89, 90, 108, 109, 110, 128, 129, 130, 148, 149, 150, 168, 169, 170
00907, 88, 89, 90, 108, 109, 110, 128, 129, 130, 148, 149, 150, 168, 169, 170
00908, 88, 89, 90, 108, 109, 110, 128, 129, 130, 148, 149, 150, 168, 169, 170
00909, 87, 88, 89, 107, 108, 109, 127, 128, 129, 147, 148, 149, 167, 168, 169
00910, 87, 88, 89, 107, 108, 109, 127, 128, 129, 147, 148, 149, 167, 168, 169
00911, 87, 88, 89, 107, 108, 109, 127, 128, 129, 147, 148, 149, 167, 168, 169
00912, 87, 88, 89, 107, 108, 109, 127, 128, 129, 147, 148, 149, 167, 168, 169
00913, 87, 88, 89, 107, 108, 109, 127, 128, 129, 147, 148, 149, 167, 168, 169
00914, 87, 88, 89, 107, 108, 109, 127, 128, 129, 147, 148, 149, 167, 168, 169
00915, 87, 88, 89, 107, 108, 109, 127, 128, 129, 147, 148, 149, 167, 168, 169
00916, 87, 88, 89, 107, 108, 109, 127, 128, 129, 147, 148, 149, 167, 168, 169
00917, 87, 88, 89, 107, 108, 109, 127, 128, 129, 147, 148, 149, 167, 168, 169
00918, 87, 88, 89, 107, 108, 109, 127, 128, 129, 147, 148, 149, 167, 168, 169
00919, 87, 88, 89, 107, 108, 109, 127, 128, 129, 147, 148, 149, 167, 168, 169
00920, 87, 88, 89, 107, 108, 109, 127, 128, 129, 147, 148, 149, 167, 168, 169
00921, 87, 88, 89, 107, 108, 109, 127, 128, 129, 147, 148, 149, 167, 168, 169
00922, 87, 88, 89, 107, 108, 109, 127, 128, 129, 147, 148, 149, 167, 168, 169
00923, 87, 88, 89, 107, 108, 109, 127, 128, 129, 147, 148, 149, 167, 168, 169
00924, 86, 87, 88, 106, 107, 108, 126, 127, 128, 146, 147, 148, 166, 167, 168
00925, 86, 87, 88, 106, 107, 108, 126, 127, 128, 146, 147, 148, 166, 167, 168
00926, 86, 87, 88, 106, 107, 108, 126, 127, 128, 146, 147, 148, 166, 167, 168
00927, 86, 87, 88, 106, 107, 108, 126, 127, 128, 146, 147, 148, 166, 167, 168
00928, 86, 87, 88, 106, 107, 108, 126, 127, 128, 146, 147, 148, 166, 167, 168
00929, 86, 87, 88, 106, 107, 108, 126, 127, 128, 146, 147, 148, 166, 167, 168
00930, 86, 87, 88, 106, 107, 108, 126, 127, 128, 146, 147, 148, 166, 167, 168
00931, 86, 87, 88, 106, 107, 108, 126, 127, 128, 146, 147, 148, 166, 167, 168
00932, 86, 87, 88, 106, 107, 108, 126, 127, 128, 146, 147, 148, 166, 167, 168
00933, 86, 87, 88, 106, 107, 108, 126, 127, 128, 146, 147, 148, 166, 167, 168
00934, 86, 87, 88, 106, 107, 108, 126, 127, 128, 146, 147, 148, 166, 167, 168
00935, 86, 87, 88, 106, 107, 108, 126, 127, 128, 146, 147, 148, 166, 167, 168
00936, 86, 87, 88, 106, 107, 108, 126, 127, 128, 146, 147, 148, 166, 167, 168
00937, 86, 87, 88, 106, 107, 108, 126, 127, 128, 146, 147, 148, 166, 167, 168
00938, 86, 87, 88, 106, 107, 108, 126, 127, 128, 146, 147, 148, 166, 167, 168
00939, 85, 86, 87, 105, 106, 107, 125, 126, 127, 145, 146, 147, 165, 166, 167
00940, 85, 86, 87, 105, 106, 107, 125, 126, 127, 145, 146, 147, 165, 166, 167
00941, 85, 86, 87, 105, 106, 107, 125, 126, 127, 145, 146, 147, 165, 166, 167
00942, 85, 86, 87, 105, 106, 107, 125, 126, 127, 145, 146, 147, 165, 166, 167
00943, 85, 86, 87, 105, 106, 107, 125, 126, 127, 145, 146, 147, 165, 166, 167
00944, 85, 86, 87, 105, 106, 107, 125, 126, 127, 145, 146, 147, 165, 166, 167
00945, 85, 86, 87, 105, 106, 107, 125, 126, 127, 145, 146, 147, 165, 166, 167
00946, 85, 86, 87, 105, 106, 107, 125, 126, 127, 145, 146, 147, 165, 166, 167
00947, 85, 86, 87, 105, 106, 107, 125, 126, 127, 145, 146, 147, 165, 166, 167
00948, 85, 86, 87, 105, 106, 107, 125, 126, 127, 145, 146, 147, 165, 166, 167
00949, 85, 86, 87, 105, 106, 107, 125, 126, 127, 145, 146, 147, 165, 166, 167
00950, 85, 86, 87, 105, 106, 107, 125, 126, 127, 145, 146, 147, 165, 166, 167
00951, 85, 86, 87, 105, 106, 107, 125, 126, 127, 145, 146, 147, 165, 166, 167
00952, 85, 86, 87, 105, 106, 107, 125, 126, 127, 145, 146, 147, 165, 166, 167
00953, 85, 86, 87, 105, 106, 107, 125, 126, 127, 145, 146, 147, 165, 166, 167
00954, 85, 86, 87, 105, 106, 107, 125, 126, 127, 145, 146, 147, 165, 166, 167
00955, 84, 85, 86, 104, 105, 106, 124, 125, 126, 144, 145, 146, 164, 165, 166
00956, 84, 85, 86, 104, 105, 106, 124, 125, 126, 144, 145, 146, 164, 165, 166
00957, 84, 85, 86, 104, 105, 106, 124, 125, 126, 144, 145, 146, 164, 165, 166
00958, 84, 85, 86, 104, 105, 106, 124, 125, 126, 144, 145, 146, 164, 165, 166
00959, 84, 85, 86, 104, 105, 106, 124, 125, 126, 144, 145, 146, 164, 165, 166
00960, 84, 85, 86, 104, 105, 106, 124, 125, 126, 144, 145, 146, 164, 165, 166
00961, 84, 85, 86, 104, 105, 106, 124, 125, 126, 144, 145, 146, 164, 165, 166
00962, 84, 85, 86, 104, 105, 106, 124, 125, 126, 144, 145, 146, 164, 165, 166
00963, 84, 85, 86, 104, 105, 106, 124, 125, 126, 144, 145, 146, 164, 165, 166
00964, 84, 85, 86, 104, 105, 106, 124, 125, 126, 144, 145, 146, 164, 165, 166
00965, 84, 85, 86, 104, 105, 106, 124, 125, 126, 144, 145, 146, 164, 165, 166
00966, 84, 85, 86, 104, 105, 106, 124, 125, 126, 144, 145, 146, 164, 165, 166
00967, 84, 85, 86, 104, 105, 106, 124, 125, 126, 144, 145, 146, 164, 165, 166
00968, 84, 85, 86, 104, 105, 106, 124, 125, 126, 144, 145, 146, 164, 165, 166
00969, 84, 85, 86, 104, 105, 106, 124, 125, 126, 144, 145, 146, 164, 165, 166
00970, 84, 85, 86, 104, 105, 106, 124, 125, 126, 144, 145, 146, 164, 165, 166
00971, 84, 85, 86, 104, 105, 106, 124, 125, 126, 144, 145, 146, 164, 165, 166
00972, 84, 85, 86, 104, 105, 106, 124, 125, 126, 144, 145, 146, 164, 165, 166
00973, 83, 84, 85, 103, 104, 105, 123, 124, 125, 143, 144, 145, 163, 164, 165
00974, 83, 84, 85, 103, 104, 105, 123, 124, 125, 143, 144, 145, 163, 164, 165
00975, 83, 84, 85, 103, 104, 105, 123, 124, 125, 143, 144, 145, 163, 164, 165
00976, 83, 84, 85, 103, 104, 105, 123, 124, 125, 143, 144, 145, 163, 164, 165
00977, 83, 84, 85, 103, 104, 105, 123, 124, 125, 143, 144, 145, 163, 164, 165
00978, 83, 84, 85, 103, 104, 105, 123, 124, 125, 143, 144, 145, 163, 164, 165
00979, 83, 84, 85, 103, 104, 105, 123, 124, 125, 143, 144, 145, 163, 164, 165
00980, 83, 84, 85, 103, 104, 105, 123, 124, 125, 143, 144, 145, 163, 164, 165
00981, 83, 84, 85, 103, 104, 105, 123, 124, 125, 143, 144, 145, 163, 164, 165
00982, 83, 84, 85, 103, 104, 105, 123, 124, 125, 143, 144, 145, 163, 164, 165
00983, 83, 84, 85, 103, 104, 105, 123, 124, 125, 143, 144, 145, 163, 164, 165
00984, 83, 84, 85, 103, 104, 105, 123, 124, 125, 143, 144, 145, 163, 164, 165
00985, 83, 84, 85, 103, 104, 105, 123, 124, 125, 143, 144, 145, 163, 164, 165
00986, 83, 84, 85, 103, 104, 105, 123, 124, 125, 143, 144, 145, 163, 164, 165
00987, 83, 84, 85, 103, 104, 105, 123, 124, 125, 143, 144, 145, 163, 164, 165
00988, 83, 84, 85, 103, 104, 105, 123, 124, 125, 143, 144, 145, 163, 164, 165
00989, 83, 84, 85, 103, 104, 105, 123, 124, 125, 143, 144, 145, 163, 164, 165
00990, 83, 84, 85, 103, 104, 105, 123, 124, 125, 143, 144, 145, 163, 164, 165
00991, 83, 84, 85, 103, 104, 105, 123, 124, 125, 143, 144, 145, 163, 164, 165
00992, 83, 84, 85, 103, 104, 105, 123, 124, 125, 143, 144, 145, 163, 164, 165
00993, 83, 84, 85, 103, 104, 105, 123, 124, 125, 143, 144, 145, 163, 164, 165
00994, 83, 84, 85, 103, 104, 105, 123, 124, 125, 143, 144, 145, 163, 164, 165
00995, 82, 83, 84, 102, 103, 104, 122, 123, 124, 142, 143, 144, 162, 163, 164
00996, 82, 83, 84, 102, 103, 104, 122, 123, 124, 142, 143, 144, 162, 163, 164
00997, 82, 83, 84, 102, 103, 104, 122, 123, 124, 142, 143, 144, 162, 163, 164
00998, 82, 83, 84, 102, 103, 104, 122, 123, 124, 142, 143, 144, 162, 163, 164
00999, 82, 83, 84, 102, 103, 104, 122, 123, 124, 142, 143, 144, 162, 163, 164
01000, 82, 83, 84, 102, 103, 104, 122, 123, 124, 142, 143, 144, 162, 163, 164
01001, 82, 83, 84, 102, 103, 104, 122, 123, 124, 142, 143, 144, 162, 163, 164
01002, 82, 83, 84, 102, 103, 104, 122, 123, 124, 142, 143, 144, 162, 163, 164
01003, 82, 83, 84, 102, 103, 104, 122, 123, 124, 142, 143, 144, 162, 163, 164
01004, 82, 83, 84, 102, 103, 104, 122, 123, 124, 142, 143, 144, 162, 163, 164
01005, 82, 83, 84, 102, 103, 104, 122, 123, 124, 142, 143, 144, 162, 163, 164
01006, 82, 83, 84, 102, 103, 104, 122, 123, 124, 142, 143, 144, 162, 163, 164
01007, 82, 83, 84, 102, 103, 104, 122, 123, 124, 142, 143, 144, 162, 163, 164
01008, 82, 83, 84, 102, 103, 104, 122, 123, 124, 142, 143, 144, 162, 163, 164
01009, 82, 83, 84, 102, 103, 104, 122, 123, 124, 142, 143, 144, 162, 163, 164
01010, 82, 83, 84, 102, 103, 104, 122, 123, 124, 142, 143, 144, 162, 163, 164
01011, 82, 83, 84, 102, 103, 104, 122, 123, 124, 142, 143, 144, 162, 163, 164
01012, 82, 83, 84, 102, 103, 104, 122, 123, 124, 142, 143, 144, 162, 163, 164
01013, 82, 83, 84, 102, 103, 104, 122, 123, 124, 142, 143, 144, 162, 163, 164
01014, 82, 83, 84, 102, 103, 104, 122, 123, 124, 142, 143, 144, 162, 163, 164
01015, 82, 83, 84, 102, 103, 104, 122, 123, 124, 142, 143, 144, 162, 163, 164
01016, 82, 83, 84, 102, 103, 104, 122, 123, 124, 142, 143, 144, 162, 163, 164
01017, 82, 83, 84, 102, 103, 104, 122, 123, 124, 142, 143, 144, 162, 163, 164
01018, 82, 83, 84, 102, 103, 104, 122, 123, 124, 142, 143, 144, 162, 163, 164
01019, 82, 83, 84, 102, 103, 104, 122, 123, 124, 142, 143, 144, 162, 163, 164
01020, 82, 83, 84, 102, 103, 104, 122, 123, 124, 142, 143, 144, 162, 163, 164
01021, 82, 83, 84, 102, 103, 104, 122, 123, 124, 142, 143, 144, 162, 163, 164
01022, 82, 83, 84, 102, 103, 104, 122, 123, 124, 142, 143, 144, 162, 163, 164
01023, 82, 83, 84, 102, 103, 104, 122, 123, 124, 142, 143, 144, 162, 163, 164
01024, 82, 83, 84, 102, 103, 104, 122, 123, 124, 142, 143, 144, 162, 163, 164
01025, 82, 83, 84, 102, 103, 104, 122, 123, 124, 142, 143, 144, 162, 163, 164
01026, 82, 83, 84, 102, 103, 104, 122, 123, 124, 142, 143, 144, 162, 163, 164
01027, 82, 83, 84, 102, 103, 104, 122, 123, 124, 142, 143, 144, 162, 163, 164
01028, 82, 83, 84, 102, 103, 104, 122, 123, 124, 142, 143, 144, 162, 163, 164
01029, 82, 83, 84, 102, 103, 104, 122, 123, 124, 142, 143, 144, 162, 163, 164
01030, 82, 83, 84, 102, 103, 104, 122, 123, 124, 142, 143, 144, 162, 163, 164
01031, 82, 83, 84, 102, 103, 104, 122, 123, 124, 142, 143, 144, 162, 163, 164
01032, 81, 82, 83, 101, 102, 103, 121, 122, 123, 141, 142, 143, 161, 162, 163
01033, 81, 82, 83, 101, 102, 103, 121, 122, 123, 141, 142, 143, 161, 162, 163
01034, 81, 82, 83, 101, 102, 103, 121, 122, 123, 141, 142, 143, 161, 162, 163
01035, 81, 82, 83, 101, 102, 103, 121, 122, 123, 141, 142, 143, 161, 162, 163
01036, 81, 82, 83, 101, 102, 103, 121, 122, 123, 141, 142, 143, 161, 162, 163
01037, 81, 82, 83, 101, 102, 103, 121, 122, 123, 141, 142, 143, 161, 162, 163
01038, 81, 82, 83, 101, 102, 103, 121, 122, 123, 141, 142, 143, 161, 162, 163
01039, 81, 82, 83, 101, 102, 103, 121, 122, 123, 141, 142, 143, 161, 162, 163
01040, 81, 82, 83, 101, 102, 103, 121, 122, 123, 141, 142, 143, 161, 162, 163
01041, 81, 82, 83, 101, 102, 103, 121, 122, 123, 141, 142, 143, 161, 162, 163
01042, 81, 82, 83, 101, 102, 103, 121, 122, 123, 141, 142, 143, 161, 162, 163
01043, 81, 82, 83, 101, 102, 103, 121, 122, 123, 141, 142, 143, 161, 162, 163
01044, 81, 82, 83, 101, 102, 103, 121, 122, 123, 141, 142, 143, 161, 162, 163
01045, 81, 82, 83, 101, 102, 103, 121, 122, 123, 141, 142, 143, 161, 162, 163
01046, 81, 82, 83, 101, 102, 103, 121, 122, 123, 141, 142, 143, 161, 162, 163
01047, 81, 82, 83, 101, 102, 103, 121, 122, 123, 141, 142, 143, 161, 162, 163
01048, 81, 82, 83, 101, 102, 103, 121, 122, 123, 141, 142, 143, 161, 162, 163
01049, 81, 82, 83, 101, 102, 103, 121, 122, 123, 141, 142, 143, 161, 162, 163
01050, 81, 82, 83, 101, 102, 103, 121, 122, 123, 141, 142, 143, 161, 162, 163
01051, 81, 82, 83, 101, 102, 103, 121, 122, 123, 141, 142, 143, 161, 162, 163
01052, 81, 82, 83, 101, 102, 103, 121, 122, 123, 141, 142, 143, 161, 162, 163
01053, 81, 82, 83, 101, 102, 103, 121, 122, 123, 141, 142, 143, 161, 162, 163
01054, 81, 82, 83, 101, 102, 103, 121, 122, 123, 141, 142, 143, 161, 162, 163
01055, 81, 82, 83, 101, 102, 103, 121, 122, 123, 141, 142, 143, 161, 162, 163
01056, 81, 82, 83, 101, 102, 103, 121, 122, 123, 141, 142, 143, 161, 162, 163
01057, 81, 82, 83, 101, 102, 103, 121, 122, 123, 141, 142, 143, 161, 162, 163
01058, 81, 82, 83, 101, 102, 103, 121, 122, 123, 141, 142, 143, 161, 162, 163
01059, 81, 82, 83, 101, 102, 103, 121, 122, 123, 141, 142, 143, 161, 162, 163
01060, 81, 82, 83, 101, 102, 103, 121, 122, 123, 141, 142, 143, 161, 162, 163
01061, 81, 82, 83, 101, 102, 103, 121, 122, 123, 141, 142, 143, 161, 162, 163
01062, 81, 82, 83, 101, 102, 103, 121, 122, 123, 141, 142, 143, 161, 162, 163
01063, 81, 82, 83, 101, 102, 103, 121, 122, 123, 141, 142, 143, 161, 162, 163
01064, 81, 82, 83, 101, 102, 103, 121, 122, 123, 141, 142, 143, 161, 162, 163
01065, 81, 82, 83, 101, 102, 103, 121, 122, 123, 141, 142, 143, 161, 162, 163
01066, 81, 82, 83, 101, 102, 103, 121, 122, 123, 141, 142, 143, 161, 162, 163
01067, 81, 82, 83, 101, 102, 103, 121, 122, 123, 141, 142, 143, 161, 162, 163
01068, 81, 82, 83, 101, 102, 103, 121, 122, 123, 141, 142, 143, 161, 162, 163
01069, 81, 82, 83, 101, 102, 103, 121, 122, 123, 141, 142, 143, 161, 162, 163
01070, 81, 82, 83, 101, 102, 103, 121, 122, 123, 141, 142, 143, 161, 162, 163
01071, 81, 82, 83, 101, 102, 103, 121, 122, 123, 141, 142, 143, 161, 162, 163
01072, 82, 83, 84, 102, 103, 104, 122, 123, 124, 142, 143, 144, 162, 163, 164
01073, 82, 83, 84, 102, 103, 104, 122, 123, 124, 142, 143, 144, 162, 163, 164
01074, 82, 83, 84, 102, 103, 104, 122, 123, 124, 142, 143, 144, 162, 163, 164
01075, 82, 83, 84, 102, 103, 104, 122, 123, 124, 142, 143, 144, 162, 163, 164
01076, 82, 83, 84, 102, 103, 104, 122, 123, 124, 142, 143, 144, 162, 163, 164
01077, 82, 83, 84, 102, 103, 104, 122, 123, 124, 142, 143, 144, 162, 163, 164
01078, 82, 83, 84, 102, 103, 104, 122, 123, 124, 142, 143, 144, 162, 163, 164
01079, 82, 83, 84, 102, 103, 104, 122, 123, 124, 142, 143, 144, 162, 163, 164
01080, 82, 83, 84, 102, 103, 104, 122, 123, 124, 142, 143, 144, 162, 163, 164
01081, 82, 83, 84, 102, 103, 104, 122, 123, 124, 142, 143, 144, 162, 163, 164
01082, 82, 83, 84, 102, 103, 104, 122, 123, 124, 142, 143, 144, 162, 163, 164
01083, 82, 83, 84, 102, 103, 104, 122, 123, 124, 142, 143, 144, 162, 163, 164
01084, 82, 83, 84, 102, 103, 104, 122, 123, 124, 142, 143, 144, 162, 163, 164
01085, 82, 83, 84, 102, 103, 104, 122, 123, 124, 142, 143, 144, 162, 163, 164
01086, 82, 83, 84, 102, 103, 104, 122, 123, 124, 142, 143, 144, 162, 163, 164
01087, 82, 83, 84, 102, 103, 104, 122, 123, 124, 142, 143, 144, 162, 163, 164
01088, 82, 83, 84, 102, 103, 104, 122, 123, 124, 142, 143, 144, 162, 163, 164
01089, 82, 83, 84, 102, 103, 104, 122, 123, 124, 142, 143, 144, 162, 163, 164
01090, 82, 83, 84, 102, 103, 104, 122, 123, 124, 142, 143, 144, 162, 163, 164
01091, 82, 83, 84, 102, 103, 104, 122, 123, 124, 142, 143, 144, 162, 163, 164
01092, 82, 83, 84, 102, 103, 104, 122, 123, 124, 142, 143, 144, 162, 163, 164
01093, 82, 83, 84, 102, 103, 104, 122, 123, 124, 142, 143, 144, 162, 163, 164
01094, 82, 83, 84, 102, 103, 104, 122, 123, 124, 142, 143, 144, 162, 163, 164
01095, 82, 83, 84, 102, 103, 104, 122, 123, 124, 142, 143, 144, 162, 163, 164
01096, 82, 83, 84, 102, 103, 104, 122, 123, 124, 142, 143, 144, 162, 163, 164
01097, 82, 83, 84, 102, 103, 104, 122, 123, 124, 142, 143, 144, 162, 163, 164
01098, 82, 83, 84, 102, 103, 104, 122, 123, 124, 142, 143, 144, 162, 163, 164
01099, 82, 83, 84, 102, 103, 104, 122, 123, 124, 142, 143, 144, 162, 163, 164
01100, 82, 83, 84, 102, 103, 104, 122, 123, 124, 142, 143, 144, 162, 163, 164
01101, 82, 83, 84, 102, 103, 104, 122, 123, 124, 142, 143, 144, 162, 163, 164
01102, 82, 83, 84, 102, 103, 104, 122, 123, 124, 142, 143, 144, 162, 163, 164
01103, 82, 83, 84, 102, 103, 104, 122, 123, 124, 142, 143, 144, 162, 163, 164
01104, 62, 63, 64, 82, 83, 84, 102, 103, 104, 122, 123, 124, 142, 143, 144
01105, 62, 63, 64, 82, 83, 84, 102, 103, 104, 122, 123, 124, 142, 143, 144
01106, 62, 63, 64, 82, 83, 84, 102, 103, 104, 122, 123, 124, 142, 143, 144
01107, 62, 63, 64, 82, 83, 84, 102, 103, 104, 122, 123, 124, 142, 143, 144
01108, 62, 63, 64, 82, 83, 84, 102, 103, 104, 122, 123, 124, 142, 143, 144
01109, 63, 64, 65, 83, 84, 85, 103, 104, 105, 123, 124, 125, 143, 144, 145
01110, 63, 64, 65, 83, 84, 85, 103, 104, 105, 123, 124, 125, 143, 144, 145
01111, 63, 64, 65, 83, 84, 85, 103, 104, 105, 123, 124, 125, 143, 144, 145
01112, 63, 64, 65, 83, 84, 85, 103, 104, 105, 123, 124, 125, 143, 144, 145
01113, 63, 64, 65, 83, 84, 85, 103, 104, 105, 123, 124, 125, 143, 144, 145
01114, 63, 64, 65, 83, 84, 85, 103, 104, 105, 123, 124, 125, 143, 144, 145
01115, 63, 64, 65, 83, 84, 85, 103, 104, 105, 123, 124, 125, 143, 144, 145
01116, 63, 64, 65, 83, 84, 85, 103, 104, 105, 123, 124, 125, 143, 144, 145
01117, 63, 64, 65, 83, 84, 85, 103, 104, 105, 123, 124, 125, 143, 144, 145
01118, 63, 64, 65, 83, 84, 85, 103, 104, 105, 123, 124, 125, 143, 144, 145
01119, 63, 64, 65, 83, 84, 85, 103, 104, 105, 123, 124, 125, 143, 144, 145
01120, 63, 64, 65, 83, 84, 85, 103, 104, 105, 123, 124, 125, 143, 144, 145
01121, 63, 64, 65, 83, 84, 85, 103, 104, 105, 123, 124, 125, 143, 144, 145
01122, 63, 64, 65, 83, 84, 85, 103, 104, 105, 123, 124, 125, 143, 144, 145
01123, 63, 64, 65, 83, 84, 85, 103, 104, 105, 123, 124, 125, 143, 144, 145
01124, 63, 64, 65, 83, 84, 85, 103, 104, 105, 123, 124, 125, 143, 144, 145
01125, 63, 64, 65, 83, 84, 85, 103, 104, 105, 123, 124, 125, 143, 144, 145
01126, 63, 64, 65, 83, 84, 85, 103, 104, 105, 123, 124, 125, 143, 144, 145
01127, 63, 64, 65, 83, 84, 85, 103, 104, 105, 123, 124, 125, 143, 144, 145
01128, 63, 64, 65, 83, 84, 85, 103, 104, 105, 123, 124, 125, 143, 144, 145
01129, 63, 64, 65, 83, 84, 85, 103, 104, 105, 123, 124, 125, 143, 144, 145
01130, 63, 64, 65, 83, 84, 85, 103, 104, 105, 123, 124, 125, 143, 144, 145
01131, 64, 65, 66, 84, 85, 86, 104, 105, 106, 124, 125, 126, 144, 145, 146
01132, 64, 65, 66, 84, 85, 86, 104, 105, 106, 124, 125, 126, 144, 145, 146
01133, 64, 65, 66, 84, 85, 86, 104, 105, 106, 124, 125, 126, 144, 145, 146
01134, 64, 65, 66, 84, 85, 86, 104, 105, 106, 124, 125, 126, 144, 145, 146
01135, 64, 65, 66, 84, 85, 86, 104, 105, 106, 124, 125, 126, 144, 145, 146
01136, 64, 65, 66, 84, 85, 86, 104, 105, 106, 124, 125, 126, 144, 145, 146
01137, 64, 65, 66, 84, 85, 86, 104, 105, 106, 124, 125, 126, 144, 145, 146
01138, 64, 65, 66, 84, 85, 86, 104, 105, 106, 124, 125, 126, 144, 145, 146
01139, 64, 65, 66, 84, 85, 86, 104, 105, 106, 124, 125, 126, 144, 145, 146
01140, 64, 65, 66, 84, 85, 86, 104, 105, 106, 124, 125, 126, 144, 145, 146
01141, 64, 65, 66, 84, 85, 86, 104, 105, 106, 124, 125, 126, 144, 145, 146
01142, 64, 65, 66, 84, 85, 86, 104, 105, 106, 124, 125, 126, 144, 145, 146
01143, 64, 65, 66, 84, 85, 86, 104, 105, 106, 124, 125, 126, 144, 145, 146
01144, 64, 65, 66, 84, 85, 86, 104, 105, 106, 124, 125, 126, 144, 145, 146
01145, 64, 65, 66, 84, 85, 86, 104, 105, 106, 124, 125, 126, 144, 145, 146
01146, 64, 65, 66, 84, 85, 86, 104, 105, 106, 124, 125, 126, 144, 145, 146
01147, 64, 65, 66, 84, 85, 86, 104, 105, 106, 124, 125, 126, 144, 145, 146
01148, 64, 65, 66, 84, 85, 86, 104, 105, 106, 124, 125, 126, 144, 145, 146
01149, 65, 66, 67, 85, 86, 87, 105, 106, 107, 125, 126, 127, 145, 146, 147
01150, 65, 66, 67, 85, 86, 87, 105, 106, 107, 125, 126, 127, 145, 146, 147
01151, 65, 66, 67, 85, 86, 87, 105, 106, 107, 125, 126, 127, 145, 146, 147
01152, 65, 66, 67, 85, 86, 87, 105, 106, 107, 125, 126, 127, 145, 146, 147
01153, 65, 66, 67, 85, 86, 87, 105, 106, 107, 125, 126, 127, 145, 146, 147
01154, 65, 66, 67, 85, 86, 87, 105, 106, 107, 125, 126, 127, 145, 146, 147
01155, 65, 66, 67, 85, 86, 87, 105, 106, 107, 125, 126, 127, 145, 146, 147
01156, 65, 66, 67, 85, 86, 87, 105, 106, 107, 125, 126, 127, 145, 146, 147
01157, 65, 66, 67, 85, 86, 87, 105, 106, 107, 125, 126, 127, 145, 146, 147
01158, 65, 66, 67, 85, 86, 87, 105, 106, 107, 125, 126, 127, 145, 146, 147
01159, 65, 66, 67, 85, 86, 87, 105, 106, 107, 125, 126, 127, 145, 146, 147
01160, 65, 66, 67, 85, 86, 87, 105, 106, 107, 125, 126, 127, 145, 146, 147
01161, 65, 66, 67, 85, 86, 87, 105, 106, 107, 125, 126, 127, 145, 146, 147
01162, 65, 66, 67, 85, 86, 87, 105, 106, 107, 125, 126, 127, 145, 146, 147
01163, 65, 66, 67, 85, 86, 87, 105, 106, 107, 125, 126, 127, 145, 146, 147
01164, 65, 66, 67, 85, 86, 87, 105, 106, 107, 125, 126, 127, 145, 146, 147
01165, 66, 67, 68, 86, 87, 88, 106, 107, 108, 126, 127, 128, 146, 147, 148
01166, 66, 67, 68, 86, 87, 88, 106, 107, 108, 126, 127, 128, 146, 147, 148
01167, 66, 67, 68, 86, 87, 88, 106, 107, 108, 126, 127, 128, 146, 147, 148
01168, 66, 67, 68, 86, 87, 88, 106, 107, 108, 126, 127, 128, 146, 147, 148
01169, 66, 67, 68, 86, 87, 88, 106, 107, 108, 126, 127, 128, 146, 147, 148
01170, 66, 67, 68, 86, 87, 88, 106, 107, 108, 126, 127, 128, 146, 147, 148
01171, 66, 67, 68, 86, 87, 88, 106, 107, 108, 126, 127, 128, 146, 147, 148
01172, 66, 67, 68, 86, 87, 88, 106, 107, 108, 126, 127, 128, 146, 147, 148
01173, 66, 67, 68, 86, 87, 88, 106, 107, 108, 126, 127, 128, 146, 147, 148
01174, 66, 67, 68, 86, 87, 88, 106, 107, 108, 126, 127, 128, 146, 147, 148
01175, 66, 67, 68, 86, 87, 88, 106, 107, 108, 126, 127, 128, 146, 147, 148
01176, 66, 67, 68, 86, 87, 88, 106, 107, 108, 126, 127, 128, 146, 147, 148
01177, 46, 47, 48, 66, 67, 68, 86, 87, 88, 106, 107, 108, 126, 127, 128
01178, 46, 47, 48, 66, 67, 68, 86, 87, 88, 106, 107, 108, 126, 127, 128
01179, 46, 47, 48, 66, 67, 68, 86, 87, 88, 106, 107, 108, 126, 127, 128
01180, 47, 48, 49, 67, 68, 69, 87, 88, 89, 107, 108, 109, 127, 128, 129
01181, 47, 48, 49, 67, 68, 69, 87, 88, 89, 107, 108, 109, 127, 128, 129
01182, 47, 48, 49, 67, 68, 69, 87, 88, 89, 107, 108, 109, 127, 128, 129
01183, 47, 48, 49, 67, 68, 69, 87, 88, 89, 107, 108, 109, 127, 128, 129
01184, 47, 48, 49, 67, 68, 69, 87, 88, 89, 107, 108, 109, 127, 128, 129
01185, 47, 48, 49, 67, 68, 69, 87, 88, 89, 107, 108, 109, 127, 128, 129
01186, 47, 48, 49, 67, 68, 69, 87, 88, 89, 107, 108, 109, 127, 128, 129
01187, 47, 48, 49, 67, 68, 69, 87, 88, 89, 107, 108, 109, 127, 128, 129
01188, 47, 48, 49, 67, 68, 69, 87, 88, 89, 107, 108, 109, 127, 128, 129
01189, 47, 48, 49, 67, 68, 69, 87, 88, 89, 107, 108, 109, 127, 128, 129
01190, 47, 48, 49, 67, 68, 69, 87, 88, 89, 107, 108, 109, 127, 128, 129
01191, 47, 48, 49, 67, 68, 69, 87, 88, 89, 107, 108, 109, 127, 128, 129
01192, 47, 48, 49, 67, 68, 69, 87, 88, 89, 107, 108, 109, 127, 128, 129
01193, 47, 48, 49, 67, 68, 69, 87, 88, 89, 107, 108, 109, 127, 128, 129
01194, 47, 48, 49, 67, 68, 69, 87, 88, 89, 107, 108, 109, 127, 128, 129
01195, 48, 49, 50, 68, 69, 70, 88, 89, 90, 108, 109, 110, 128, 129, 130
01196, 48, 49, 50, 68, 69, 70, 88, 89, 90, 108, 109, 110, 128, 129, 130
01197, 48, 49, 50, 68, 69, 70, 88, 89, 90, 108, 109, 110, 128, 129, 130
01198, 48, 49, 50, 68, 69, 70, 88, 89, 90, 108, 109, 110, 128, 129, 130
01199, 48, 49, 50, 68, 69, 70, 88, 89, 90, 108, 109, 110, 128, 129, 130
01200, 48, 49, 50, 68, 69, 70, 88, 89, 90, 108, 109, 110, 128, 129, 130
01201, 48, 49, 50, 68, 69, 70, 88, 89, 90, 108, 109, 110, 128, 129, 130
01202, 48, 49, 50, 68, 69, 70, 88, 89, 90, 108, 109, 110, 128, 129, 130
01203, 48, 49, 50, 68, 69, 70, 88, 89, 90, 108, 109, 110, 128, 129, 130
01204, 48, 49, 50, 68, 69, 70, 88, 89, 90, 108, 109, 110, 128, 129, 130
01205, 48, 49, 50, 68, 69, 70, 88, 89, 90, 108, 109, 110, 128, 129, 130
01206, 48, 49, 50, 68, 69, 70, 88, 89, 90, 108, 109, 110, 128, 129, 130
01207, 48, 49, 50, 68, 69, 70, 88, 89, 90, 108, 109, 110, 128, 129, 130
01208, 48, 49, 50, 68, 69, 70, 88, 89, 90, 108, 109, 110, 128, 129, 130
01209, 49, 50, 51, 69, 70, 71, 89, 90, 91, 109, 110, 111, 129, 130, 131
01210, 49, 50, 51, 69, 70, 71, 89, 90, 91, 109, 110, 111, 129, 130, 131
01211, 49, 50, 51, 69, 70, 71, 89, 90, 91, 109, 110, 111, 129, 130, 131
01212, 49, 50, 51, 69, 70, 71, 89, 90, 91, 109, 110, 111, 129, 130, 131
01213, 49, 50, 51, 69, 70, 71, 89, 90, 91, 109, 110, 111, 129, 130, 131
01214, 49, 50, 51, 69, 70, 71, 89, 90, 91, 109, 110, 111, 129, 130, 131
01215, 49, 50, 51, 69, 70, 71, 89, 90, 91, 109, 110, 111, 129, 130, 131
01216, 49, 50, 51, 69, 70, 71, 89, 90, 91, 109, 110, 111, 129, 130, 131
01217, 49, 50, 51, 69, 70, 71, 89, 90, 91, 109, 110, 111, 129, 130, 131
01218, 49, 50, 51, 69, 70, 71, 89, 90, 91, 109, 110, 111, 129, 130, 131
01219, 49, 50, 51, 69, 70, 71, 89, 90, 91, 109, 110, 111, 129, 130, 131
01220, 49, 50, 51, 69, 70, 71, 89, 90, 91, 109, 110, 111, 129, 130, 131
01221, 49, 50, 51, 69, 70, 71, 89, 90, 91, 109, 110, 111, 129, 130, 131
01222, 49, 50, 51, 69, 70, 71, 89, 90, 91, 109, 110, 111, 129, 130, 131
01223, 49, 50, 51, 69, 70, 71, 89, 90, 91, 109, 110, 111, 129, 130, 131
01224, 50, 51, 52, 70, 71, 72, 90, 91, 92, 110, 111, 112, 130, 131, 132
01225, 50, 51, 52, 70, 71, 72, 90, 91, 92, 110, 111, 112, 130, 131, 132
01226, 50, 51, 52, 70, 71, 72, 90, 91, 92, 110, 111, 112, 130, 131, 132
01227, 50, 51, 52, 70, 71, 72, 90, 91, 92, 110, 111, 112, 130, 131, 132
01228, 50, 51, 52, 70, 71, 72, 90, 91, 92, 110, 111, 112, 130, 131, 132
01229, 50, 51, 52, 70, 71, 72, 90, 91, 92, 110, 111, 112, 130, 131, 132
01230, 50, 51, 52, 70, 71, 72, 90, 91, 92, 110, 111, 112, 130, 131, 132
01231, 50, 51, 52, 70, 71, 72, 90, 91, 92, 110, 111, 112, 130, 131, 132
01232, 50, 51, 52, 70, 71, 72, 90, 91, 92, 110, 111, 112, 130, 131, 132
01233, 50, 51, 52, 70, 71, 72, 90, 91, 92, 110, 111, 112, 130, 131, 132
01234, 50, 51, 52, 70, 71, 72, 90, 91, 92, 110, 111, 112, 130, 131, 132
01235, 50, 51, 52, 70, 71, 72, 90, 91, 92, 110, 111, 112, 130, 131, 132
01236, 50, 51, 52, 70, 71, 72, 90, 91, 92, 110, 111, 112, 130, 131, 132
01237, 50, 51, 52, 70, 71, 72, 90, 91, 92, 110, 111, 112, 130, 131, 132
01238, 50, 51, 52, 70, 71, 72, 90, 91, 92, 110, 111, 112, 130, 131, 132
01239, 51, 52, 53, 71, 72, 73, 91, 92, 93, 111, 112, 113, 131, 132, 133
01240, 51, 52, 53, 71, 72, 73, 91, 92, 93, 111, 112, 113, 131, 132, 133
01241, 31, 32, 33, 51, 52, 53, 71, 72, 73, 91, 92, 93, 111, 112, 113
01242, 31, 32, 33, 51, 52, 53, 71, 72, 73, 91, 92, 93, 111, 112, 113
01243, 31, 32, 33, 51, 52, 53, 71, 72, 73, 91, 92, 93, 111, 112, 113
01244, 31, 32, 33, 51, 52, 53, 71, 72, 73, 91, 92, 93, 111, 112, 113
01245, 31, 32, 33, 51, 52, 53, 71, 72, 73, 91, 92, 93, 111, 112, 113
01246, 31, 32, 33, 51, 52, 53, 71, 72, 73, 91, 92, 93, 111, 112, 113
01247, 31, 32, 33, 51, 52, 53, 71, 72, 73, 91, 92, 93, 111, 112, 113
01248, 31, 32, 33, 51, 52, 53, 71, 72, 73, 91, 92, 93, 111, 112, 113
01249, 31, 32, 33, 51, 52, 53, 71, 72, 73, 91, 92, 93, 111, 112, 113
01250, 31, 32, 33, 51, 52, 53, 71, 72, 73, 91, 92, 93, 111, 112, 113
01251, 31, 32, 33, 51, 52, 53, 71, 72, 73, 91, 92, 93, 111, 112, 113
01252, 31, 32, 33, 51, 52, 53, 71, 72, 73, 91, 92, 93, 111, 112, 113
01253, 31, 32, 33, 51, 52, 53, 71, 72, 73, 91, 92, 93, 111, 112, 113
01254, 31, 32, 33, 51, 52, 53, 71, 72, 73, 91, 92, 93, 111, 112, 113
01255, 32, 33, 34, 52, 53, 54, 72, 73, 74, 92, 93, 94, 112, 113, 114
01256, 32, 33, 34, 52, 53, 54, 72, 73, 74, 92, 93, 94, 112, 113, 114
01257, 32, 33, 34, 52, 53, 54, 72, 73, 74, 92, 93, 94, 112, 113, 114
01258, 32, 33, 34, 52, 53, 54, 72, 73, 74, 92, 93, 94, 112, 113, 114
01259, 32, 33, 34, 52, 53, 54, 72, 73, 74, 92, 93, 94, 112, 113, 114
01260, 32, 33, 34, 52, 53, 54, 72, 73, 74, 92, 93, 94, 112, 113, 114
01261, 32, 33, 34, 52, 53, 54, 72, 73, 74, 92, 93, 94, 112, 113, 114
01262, 32, 33, 34, 52, 53, 54, 72, 73, 74, 92, 93, 94, 112, 113, 114
01263, 32, 33, 34, 52, 53, 54, 72, 73, 74, 92, 93, 94, 112, 113, 114
01264, 32, 33, 34, 52, 53, 54, 72, 73, 74, 92, 93, 94, 112, 113, 114
01265, 32, 33, 34, 52, 53, 54, 72, 73, 74, 92, 93, 94, 112, 113, 114
01266, 32, 33, 34, 52, 53, 54, 72, 73, 74, 92, 93, 94, 112, 113, 114
01267, 32, 33, 34, 52, 53, 54, 72, 73, 74, 92, 93, 94, 112, 113, 114
01268, 32, 33, 34, 52, 53, 54, 72, 73, 74, 92, 93, 94, 112, 113, 114
01269, 32, 33, 34, 52, 53, 54, 72, 73, 74, 92, 93, 94, 112, 113, 114
01270, 32, 33, 34, 52, 53, 54, 72, 73, 74, 92, 93, 94, 112, 113, 114
01271, 32, 33, 34, 52, 53, 54, 72, 73, 74, 92, 93, 94, 112, 113, 114
01272, 32, 33, 34, 52, 53, 54, 72, 73, 74, 92, 93, 94, 112, 113, 114
01273, 33, 34, 35, 53, 54, 55, 73, 74, 75, 93, 94, 95, 113, 114, 115
01274, 33, 34, 35, 53, 54, 55, 73, 74, 75, 93, 94, 95, 113, 114, 115
01275, 33, 34, 35, 53, 54, 55, 73, 74, 75, 93, 94, 95, 113, 114, 115
01276, 33, 34, 35, 53, 54, 55, 73, 74, 75, 93, 94, 95, 113, 114, 115
01277, 33, 34, 35, 53, 54, 55, 73, 74, 75, 93, 94, 95, 113, 114, 115
01278, 33, 34, 35, 53, 54, 55, 73, 74, 75, 93, 94, 95, 113, 114, 115
01279, 33, 34, 35, 53, 54, 55, 73, 74, 75, 93, 94, 95, 113, 114, 115
01280, 33, 34, 35, 53, 54, 55, 73, 74, 75, 93, 94, 95, 113, 114, 115
01281, 33, 34, 35, 53, 54, 55, 73, 74, 75, 93, 94, 95, 113, 114, 115
01282, 33, 34, 35, 53, 54, 55, 73, 74, 75, 93, 94, 95, 113, 114, 115
01283, 33, 34, 35, 53, 54, 55, 73, 74, 75, 93, 94, 95, 113, 114, 115
01284, 33, 34, 35, 53, 54, 55, 73, 74, 75, 93, 94, 95, 113, 114, 115
01285, 33, 34, 35, 53, 54, 55, 73, 74, 75, 93, 94, 95, 113, 114, 115
01286, 33, 34, 35, 53, 54, 55, 73, 74, 75, 93, 94, 95, 113, 114, 115
01287, 33, 34, 35, 53, 54, 55, 73, 74, 75, 93, 94, 95, 113, 114, 115
01288, 33, 34, 35, 53, 54, 55, 73, 74, 75, 93, 94, 95, 113, 114, 115
01289, 33, 34, 35, 53, 54, 55, 73, 74, 75, 93, 94, 95, 113, 114, 115
01290, 33, 34, 35, 53, 54, 55, 73, 74, 75, 93, 94, 95, 113, 114, 115
01291, 33, 34, 35, 53, 54, 55, 73, 74, 75, 93, 94, 95, 113, 114, 115
01292, 33, 34, 35, 53, 54, 55, 73, 74, 75, 93, 94, 95, 113, 114, 115
01293, 33, 34, 35, 53, 54, 55, 73, 74, 75, 93, 94, 95, 113, 114, 115
01294, 33, 34, 35, 53, 54, 55, 73, 74, 75, 93, 94, 95, 113, 114, 115
01295, 34, 35, 36, 54, 55, 56, 74, 75, 76, 94, 95, 96, 114, 115, 116
01296, 34, 35, 36, 54, 55, 56, 74, 75, 76, 94, 95, 96, 114, 115, 116
01297, 34, 35, 36, 54, 55, 56, 74, 75, 76, 94, 95, 96, 114, 115, 116
01298, 34, 35, 36, 54, 55, 56, 74, 75, 76, 94, 95, 96, 114, 115, 116
01299, 34, 35, 36, 54, 55, 56, 74, 75, 76, 94, 95, 96, 114, 115, 116
01300, 34, 35, 36, 54, 55, 56, 74, 75, 76, 94, 95, 96, 114, 115, 116
01301, 34, 35, 36, 54, 55, 56, 74, 75, 76, 94, 95, 96, 114, 115, 116
01302, 34, 35, 36, 54, 55, 56, 74, 75, 76, 94, 95, 96, 114, 115, 116
01303, 34, 35, 36, 54, 55, 56, 74, 75, 76, 94, 95, 96, 114, 115, 116
01304, 34, 35, 36, 54, 55, 56, 74, 75, 76, 94, 95, 96, 114, 115, 116
01305, 34, 35, 36, 54, 55, 56, 74, 75, 76, 94, 95, 96, 114, 115, 116
01306, 34, 35, 36, 54, 55, 56, 74, 75, 76, 94, 95, 96, 114, 115, 116
01307, 34, 35, 36, 54, 55, 56, 74, 75, 76, 94, 95, 96, 114, 115, 116
01308, 34, 35, 36, 54, 55, 56, 74, 75, 76, 94, 95, 96, 114, 115, 116
01309, 34, 35, 36, 54, 55, 56, 74, 75, 76, 94, 95, 96, 114, 115, 116
01310, 34, 35, 36, 54, 55, 56, 74, 75, 76, 94, 95, 96, 114, 115, 116
01311, 34, 35, 36, 54, 55, 56, 74, 75, 76, 94, 95, 96, 114, 115, 116
01312, 34, 35, 36, 54, 55, 56, 74, 75, 76, 94, 95, 96, 114, 115, 116
01313, 34, 35, 36, 54, 55, 56, 74, 75, 76, 94, 95, 96, 114, 115, 116
01314, 14, 15, 16, 34, 35, 36, 54, 55, 56, 74, 75, 76, 94, 95, 96
01315, 14, 15, 16, 34, 35, 36, 54, 55, 56, 74, 75, 76, 94, 95, 96
01316, 14, 15, 16, 34, 35, 36, 54, 55, 56, 74, 75, 76, 94, 95, 96
01317, 14, 15, 16, 34, 35, 36, 54, 55, 56, 74, 75, 76, 94, 95, 96
01318, 14, 15, 16, 34, 35, 36, 54, 55, 56, 74, 75, 76, 94, 95, 96
01319, 14, 15, 16, 34, 35, 36, 54, 55, 56, 74, 75, 76, 94, 95, 96
01320, 14, 15, 16, 34, 35, 36, 54, 55, 56, 74, 75, 76, 94, 95, 96
01321, 14, 15, 16, 34, 35, 36, 54, 55, 56, 74, 75, 76, 94, 95, 96
01322, 14, 15, 16, 34, 35, 36, 54, 55, 56, 74, 75, 76, 94, 95, 96
01323, 14, 15, 16, 34, 35, 36, 54, 55, 56, 74, 75, 76, 94, 95, 96
01324, 14, 15, 16, 34, 35, 36, 54, 55, 56, 74, 75, 76, 94, 95, 96
01325, 14, 15, 16, 34, 35, 36, 54, 55, 56, 74, 75, 76, 94, 95, 96
01326, 14, 15, 16, 34, 35, 36, 54, 55, 56, 74, 75, 76, 94, 95, 96
01327, 14, 15, 16, 34, 35, 36, 54, 55, 56, 74, 75, 76, 94, 95, 96
01328, 14, 15, 16, 34, 35, 36, 54, 55, 56, 74, 75, 76, 94, 95, 96
01329, 14, 15, 16, 34, 35, 36, 54, 55, 56, 74, 75, 76, 94, 95, 96
01330, 14, 15, 16, 34, 35, 36, 54, 55, 56, 74, 75, 76, 94, 95, 96
01331, 14, 15, 16, 34, 35, 36, 54, 55, 56, 74, 75, 76, 94, 95, 96
01332, 15, 16, 17, 35, 36, 37, 55, 56, 57, 75, 76, 77, 95, 96, 97
01333, 15, 16, 17, 35, 36, 37, 55, 56, 57, 75, 76, 77, 95, 96, 97
01334, 15, 16, 17, 35, 36, 37, 55, 56, 57, 75, 76, 77, 95, 96, 97
01335, 15, 16, 17, 35, 36, 37, 55, 56, 57, 75, 76, 77, 95, 96, 97
01336, 15, 16, 17, 35, 36, 37, 55, 56, 57, 75, 76, 77, 95, 96, 97
01337, 15, 16, 17, 35, 36, 37, 55, 56, 57, 75, 76, 77, 95, 96, 97
01338, 15, 16, 17, 35, 36, 37, 55, 56, 57, 75, 76, 77, 95, 96, 97
01339, 15, 16, 17, 35, 36, 37, 55, 56, 57, 75, 76, 77, 95, 96, 97
01340, 15, 16, 17, 35, 36, 37, 55, 56, 57, 75, 76, 77, 95, 96, 97
01341, 15, 16, 17, 35, 36, 37, 55, 56, 57, 75, 76, 77, 95, 96, 97
01342, 15, 16, 17, 35, 36, 37, 55, 56, 57, 75, 76, 77, 95, 96, 97
01343, 15, 16, 17, 35, 36, 37, 55, 56, 57, 75, 76, 77, 95, 96, 97
01344, 15, 16, 17, 35, 36, 37, 55, 56, 57, 75, 76, 77, 95, 96, 97
01345, 15, 16, 17, 35, 36, 37, 55, 56, 57, 75, 76, 77, 95, 96, 97
01346, 15, 16, 17, 35, 36, 37, 55, 56, 57, 75, 76, 77, 95, 96, 97
01347, 15, 16, 17, 35, 36, 37, 55, 56, 57, 75, 76, 77, 95, 96, 97
01348, 15, 16, 17, 35, 36, 37, 55, 56, 57, 75, 76, 77, 95, 96, 97
01349, 15, 16, 17, 35, 36, 37, 55, 56, 57, 75, 76, 77, 95, 96, 97
01350, 15, 16, 17, 35, 36, 37, 55, 56, 57, 75, 76, 77, 95, 96, 97
01351, 15, 16, 17, 35, 36, 37, 55, 56, 57, 75, 76, 77, 95, 96, 97
01352, 15, 16, 17, 35, 36, 37, 55, 56, 57, 75, 76, 77, 95, 96, 97
01353, 15, 16, 17, 35, 36, 37, 55, 56, 57, 75, 76, 77, 95, 96, 97
01354, 15, 16, 17, 35, 36, 37, 55, 56, 57, 75, 76, 77, 95, 96, 97
01355, 15, 16, 17, 35, 36, 37, 55, 56, 57, 75, 76, 77, 95, 96, 97
01356, 15, 16, 17, 35, 36, 37, 55, 56, 57, 75, 76, 77, 95, 96, 97
01357, 15, 16, 17, 35, 36, 37, 55, 56, 57, 75, 76, 77, 95, 96, 97
01358, 15, 16, 17, 35, 36, 37, 55, 56, 57, 75, 76, 77, 95, 96, 97
01359, 15, 16, 17, 35, 36, 37, 55, 56, 57, 75, 76, 77, 95, 96, 97
01360, 15, 16, 17, 35, 36, 37, 55, 56, 57, 75, 76, 77, 95, 96, 97
01361, 15, 16, 17, 35, 36, 37, 55, 56, 57, 75, 76, 77, 95, 96, 97
01362, 15, 16, 17, 35, 36, 37, 55, 56, 57, 75, 76, 77, 95, 96, 97
01363, 15, 16, 17, 35, 36, 37, 55, 56, 57, 75, 76, 77, 95, 96, 97
01364, 15, 16, 17, 35, 36, 37, 55, 56, 57, 75, 76, 77, 95, 96, 97
01365, 15, 16, 17, 35, 36, 37, 55, 56, 57, 75, 76, 77, 95, 96, 97
01366, 15, 16, 17, 35, 36, 37, 55, 56, 57, 75, 76, 77, 95, 96, 97
01367, 15, 16, 17, 35, 36, 37, 55, 56, 57, 75, 76, 77, 95, 96, 97
01368, 15, 16, 17, 35, 36, 37, 55, 56, 57, 75, 76, 77, 95, 96, 97
01369, 15, 16, 17, 35, 36, 37, 55, 56, 57, 75, 76, 77, 95, 96, 97
01370, 15, 16, 17, 35, 36, 37, 55, 56, 57, 75, 76, 77, 95, 96, 97
01371, 15, 16, 17, 35, 36, 37, 55, 56, 57, 75, 76, 77, 95, 96, 97
01372, 15, 16, 17, 35, 36, 37, 55, 56, 57, 75, 76, 77, 95, 96, 97
01373, 14, 15, 16, 34, 35, 36, 54, 55, 56, 74, 75, 76, 94, 95, 96
01374, 14, 15, 16, 34, 35, 36, 54, 55, 56, 74, 75, 76, 94, 95, 96
01375, 14, 15, 16, 34, 35, 36, 54, 55, 56, 74, 75, 76, 94, 95, 96
01376, 14, 15, 16, 34, 35, 36, 54, 55, 56, 74, 75, 76, 94, 95, 96
01377, 14, 15, 16, 34, 35, 36, 54, 55, 56, 74, 75, 76, 94, 95, 96
01378, 14, 15, 16, 34, 35, 36, 54, 55, 56, 74, 75, 76, 94, 95, 96
01379, 14, 15, 16, 34, 35, 36, 54, 55, 56, 74, 75, 76, 94, 95, 96
01380, 14, 15, 16, 34, 35, 36, 54, 55, 56, 74, 75, 76, 94, 95, 96
01381, 14, 15, 16, 34, 35, 36, 54, 55, 56, 74, 75, 76, 94, 95, 96
01382, 14, 15, 16, 34, 35, 36, 54, 55, 56, 74, 75, 76, 94, 95, 96
01383, 14, 15, 16, 34, 35, 36, 54, 55, 56, 74, 75, 76, 94, 95, 96
01384, 14, 15, 16, 34, 35, 36, 54, 55, 56, 74, 75, 76, 94, 95, 96
01385, 14, 15, 16, 34, 35, 36, 54, 55, 56, 74, 75, 76, 94, 95, 96
01386, 14, 15, 16, 34, 35, 36, 54, 55, 56, 74, 75, 76, 94, 95, 96
01387, 14, 15, 16, 34, 35, 36, 54, 55, 56, 74, 75, 76, 94, 95, 96
01388, 14, 15, 16, 34, 35, 36, 54, 55, 56, 74, 75, 76, 94, 95, 96
01389, 14, 15, 16, 34, 35, 36, 54, 55, 56, 74, 75, 76, 94, 95, 96
01390, 14, 15, 16, 34, 35, 36, 54, 55, 56, 74, 75, 76, 94, 95, 96
01391, 14, 15, 16, 34, 35, 36, 54, 55, 56, 74, 75, 76, 94, 95, 96
01392, 14, 15, 16, 34, 35, 36, 54, 55, 56, 74, 75, 76, 94, 95, 96
01393, 14, 15, 16, 34, 35, 36, 54, 55, 56, 74, 75, 76, 94, 95, 96
01394, 14, 15, 16, 34, 35, 36, 54, 55, 56, 74, 75, 76, 94, 95, 96
01395, 14, 15, 16, 34, 35, 36, 54, 55, 56, 74, 75, 76, 94, 95, 96
01396, 14, 15, 16, 34, 35, 36, 54, 55, 56, 74, 75, 76, 94, 95, 96
01397, 14, 15, 16, 34, 35, 36, 54, 55, 56, 74, 75, 76, 94, 95, 96
01398, 14, 15, 16, 34, 35, 36, 54, 55, 56, 74, 75, 76, 94, 95, 96
01399, 14, 15, 16, 34, 35, 36, 54, 55, 56, 74, 75, 76, 94, 95, 96
01400, 14, 15, 16, 34, 35, 36, 54, 55, 56, 74, 75, 76, 94, 95, 96
01401, 14, 15, 16, 34, 35, 36, 54, 55, 56, 74, 75, 76, 94, 95, 96
01402, 14, 15, 16, 34, 35, 36, 54, 55, 56, 74, 75, 76, 94, 95, 96
01403, 14, 15, 16, 34, 35, 36, 54, 55, 56, 74, 75, 76, 94, 95, 96
01404, 14, 15, 16, 34, 35, 36, 54, 55, 56, 74, 75, 76, 94, 95, 96
01405, 14, 15, 16, 34, 35, 36, 54, 55, 56, 74, 75, 76, 94, 95, 96
01406, 14, 15, 16, 34, 35, 36, 54, 55, 56, 74, 75, 76, 94, 95, 96
01407, 14, 15, 16, 34, 35, 36, 54, 55, 56, 74, 75, 76, 94, 95, 96
01408, 14, 15, 16, 34, 35, 36, 54, 55, 56, 74, 75, 76, 94, 95, 96
01409, 13, 14, 15, 33, 34, 35, 53, 54, 55, 73, 74, 75, 93, 94, 95
01410, 13, 14, 15, 33, 34, 35, 53, 54, 55, 73, 74, 75, 93, 94, 95
01411, 13, 14, 15, 33, 34, 35, 53, 54, 55, 73, 74, 75, 93, 94, 95
01412, 13, 14, 15, 33, 34, 35, 53, 54, 55, 73, 74, 75, 93, 94, 95
01413, 13, 14, 15, 33, 34, 35, 53, 54, 55, 73, 74, 75, 93, 94, 95
01414, 13, 14, 15, 33, 34, 35, 53, 54, 55, 73, 74, 75, 93, 94, 95
01415, 13, 14, 15, 33, 34, 35, 53, 54, 55, 73, 74, 75, 93, 94, 95
01416, 13, 14, 15, 33, 34, 35, 53, 54, 55, 73, 74, 75, 93, 94, 95
01417, 13, 14, 15, 33, 34, 35, 53, 54, 55, 73, 74, 75, 93, 94, 95
01418, 13, 14, 15, 33, 34, 35, 53, 54, 55, 73, 74, 75, 93, 94, 95
01419, 13, 14, 15, 33, 34, 35, 53, 54, 55, 73, 74, 75, 93, 94, 95
01420, 13, 14, 15, 33, 34, 35, 53, 54, 55, 73, 74, 75, 93, 94, 95
01421, 13, 14, 15, 33, 34, 35, 53, 54, 55, 73, 74, 75, 93, 94, 95
01422, 13, 14, 15, 33, 34, 35, 53, 54, 55, 73, 74, 75, 93, 94, 95
01423, 13, 14, 15, 33, 34, 35, 53, 54, 55, 73, 74, 75, 93, 94, 95
01424, 13, 14, 15, 33, 34, 35, 53, 54, 55, 73, 74, 75, 93, 94, 95
01425, 13, 14, 15, 33, 34, 35, 53, 54, 55, 73, 74, 75, 93, 94, 95
01426, 13, 14, 15, 33, 34, 35, 53, 54, 55, 73, 74, 75, 93, 94, 95
01427, 13, 14, 15, 33, 34, 35, 53, 54, 55, 73, 74, 75, 93, 94, 95
01428, 13, 14, 15, 33, 34, 35, 53, 54, 55, 73, 74, 75, 93, 94, 95
01429, 13, 14, 15, 33, 34, 35, 53, 54, 55, 73, 74, 75, 93, 94, 95
01430, 13, 14, 15, 33, 34, 35, 53, 54, 55, 73, 74, 75, 93, 94, 95
01431, 12, 13, 14, 32, 33, 34, 52, 53, 54, 72, 73, 74, 92, 93, 94
01432, 12, 13, 14, 32, 33, 34, 52, 53, 54, 72, 73, 74, 92, 93, 94
01433, 12, 13, 14, 32, 33, 34, 52, 53, 54, 72, 73, 74, 92, 93, 94
01434, 12, 13, 14, 32, 33, 34, 52, 53, 54, 72, 73, 74, 92, 93, 94
01435, 12, 13, 14, 32, 33, 34, 52, 53, 54, 72, 73, 74, 92, 93, 94
01436, 12, 13, 14, 32, 33, 34, 52, 53, 54, 72, 73, 74, 92, 93, 94
01437, 12, 13, 14, 32, 33, 34, 52, 53, 54, 72, 73, 74, 92, 93, 94
01438, 12, 13, 14, 32, 33, 34, 52, 53, 54, 72, 73, 74, 92, 93, 94
01439, 12, 13, 14, 32, 33, 34, 52, 53, 54, 72, 73, 74, 92, 93, 94
01440, 12, 13, 14, 32, 33, 34, 52, 53, 54, 72, 73, 74, 92, 93, 94
01441, 12, 13, 14, 32, 33, 34, 52, 53, 54, 72, 73, 74, 92, 93, 94
01442, 12, 13, 14, 32, 33, 34, 52, 53, 54, 72, 73, 74, 92, 93, 94
01443, 12, 13, 14, 32, 33, 34, 52, 53, 54, 72, 73, 74, 92, 93, 94
01444, 12, 13, 14, 32, 33, 34, 52, 53, 54, 72, 73, 74, 92, 93, 94
01445, 12, 13, 14, 32, 33, 34, 52, 53, 54, 72, 73, 74, 92, 93, 94
01446, 12, 13, 14, 32, 33, 34, 52, 53, 54, 72, 73, 74, 92, 93, 94
01447, 12, 13, 14, 32, 33, 34, 52, 53, 54, 72, 73, 74, 92, 93, 94
01448, 12, 13, 14, 32, 33, 34, 52, 53, 54, 72, 73, 74, 92, 93, 94
01449, 11, 12, 13, 31, 32, 33, 51, 52, 53, 71, 72, 73, 91, 92, 93
01450, 11, 12, 13, 31, 32, 33, 51, 52, 53, 71, 72, 73, 91, 92, 93
01451, 11, 12, 13, 31, 32, 33, 51, 52, 53, 71, 72, 73, 91, 92, 93
01452, 11, 12, 13, 31, 32, 33, 51, 52, 53, 71, 72, 73, 91, 92, 93
01453, 11, 12, 13, 31, 32, 33, 51, 52, 53, 71, 72, 73, 91, 92, 93
01454, 11, 12, 13, 31, 32, 33, 51, 52, 53, 71, 72, 73, 91, 92, 93
01455, 11, 12, 13, 31, 32, 33, 51, 52, 53, 71, 72, 73, 91, 92, 93
01456, 11, 12, 13, 31, 32, 33, 51, 52, 53, 71, 72, 73, 91, 92, 93
01457, 11, 12, 13, 31, 32, 33, 51, 52, 53, 71, 72, 73, 91, 92, 93
01458, 11, 12, 13, 31, 32, 33, 51, 52, 53, 71, 72, 73, 91, 92, 93
01459, 11, 12, 13, 31, 32, 33, 51, 52, 53, 71, 72, 73, 91, 92, 93
01460, 11, 12, 13, 31, 32, 33, 51, 52, 53, 71, 72, 73, 91, 92, 93
01461, 11, 12, 13, 31, 32, 33, 51, 52, 53, 71, 72, 73, 91, 92, 93
01462, 11, 12, 13, 31, 32, 33, 51, 52, 53, 71, 72, 73, 91, 92, 93
01463, 11, 12, 13, 31, 32, 33, 51, 52, 53, 71, 72, 73, 91, 92, 93
01464, 11, 12, 13, 31, 32, 33, 51, 52, 53, 71, 72, 73, 91, 92, 93
01465, 11, 12, 13, 31, 32, 33, 51, 52, 53, 71, 72, 73, 91, 92, 93
01466, 10, 11, 12, 30, 31, 32, 50, 51, 52, 70, 71, 72, 90, 91, 92
01467, 10, 11, 12, 30, 31, 32, 50, 51, 52, 70, 71, 72, 90, 91, 92
01468, 10, 11, 12, 30, 31, 32, 50, 51, 52, 70, 71, 72, 90, 91, 92
01469, 10, 11, 12, 30, 31, 32, 50, 51, 52, 70, 71, 72, 90, 91, 92
01470, 10, 11, 12, 30, 31, 32, 50, 51, 52, 70, 71, 72, 90, 91, 92
01471, 10, 11, 12, 30, 31, 32, 50, 51, 52, 70, 71, 72, 90, 91, 92
01472, 10, 11, 12, 30, 31, 32, 50, 51, 52, 70, 71, 72, 90, 91, 92
01473, 10, 11, 12, 30, 31, 32, 50, 51, 52, 70, 71, 72, 90, 91, 92
01474, 10, 11, 12, 30, 31, 32, 50, 51, 52, 70, 71, 72, 90, 91, 92
01475, 10, 11, 12, 30, 31, 32, 50, 51, 52, 70, 71, 72, 90, 91, 92
01476, 10, 11, 12, 30, 31, 32, 50, 51, 52, 70, 71, 72, 90, 91, 92
01477, 10, 11, 12, 30, 31, 32, 50, 51, 52, 70, 71, 72, 90, 91, 92
01478, 10, 11, 12, 30, 31, 32, 50, 51, 52, 70, 71, 72, 90, 91, 92
01479, 10, 11, 12, 30, 31, 32, 50, 51, 52, 70, 71, 72, 90, 91, 92
01480, 10, 11, 12, 30, 31, 32, 50, 51, 52, 70, 71, 72, 90, 91, 92
01481, 9, 10, 11, 29, 30, 31, 49, 50, 51, 69, 70, 71, 89, 90, 91
01482, 9, 10, 11, 29, 30, 31, 49, 50, 51, 69, 70, 71, 89, 90, 91
01483, 9, 10, 11, 29, 30, 31, 49, 50, 51, 69, 70, 71, 89, 90, 91
01484, 9, 10, 11, 29, 30, 31, 49, 50, 51, 69, 70, 71, 89, 90, 91
01485, 9, 10, 11, 29, 30, 31, 49, 50, 51, 69, 70, 71, 89, 90, 91
01486, 9, 10, 11, 29, 30, 31, 49, 50, 51, 69, 70, 71, 89, 90, 91
01487, 9, 10, 11, 29, 30, 31, 49, 50, 51, 69, 70, 71, 89, 90, 91
01488, 9, 10, 11, 29, 30, 31, 49, 50, 51, 69, 70, 71, 89, 90, 91
01489, 9, 10, 11, 29, 30, 31, 49, 50, 51, 69, 70, 71, 89, 90, 91
01490, 9, 10, 11, 29, 30, 31, 49, 50, 51, 69, 70, 71, 89, 90, 91
01491, 9, 10, 11, 29, 30, 31, 49, 50, 51, 69, 70, 71, 89, 90, 91
01492, 9, 10, 11, 29, 30, 31, 49, 50, 51, 69, 70, 71, 89, 90, 91
01493, 9, 10, 11, 29, 30, 31, 49, 50, 51, 69, 70, 71, 89, 90, 91
01494, 9, 10, 11, 29, 30, 31, 49, 50, 51, 69, 70, 71, 89, 90, 91
01495, 8, 9, 10, 28, 29, 30, 48, 49, 50, 68, 69, 70, 88, 89, 90
01496, 8, 9, 10, 28, 29, 30, 48, 49, 50, 68, 69, 70, 88, 89, 90
01497, 8, 9, 10, 28, 29, 30, 48, 49, 50, 68, 69, 70, 88, 89, 90
01498, 8, 9, 10, 28, 29, 30, 48, 49, 50, 68, 69, 70, 88, 89, 90
01499, 8, 9, 10, 28, 29, 30, 48, 49, 50, 68, 69, 70, 88, 89, 90
01500, 8, 9, 10, 28, 29, 30, 48, 49, 50, 68, 69, 70, 88, 89, 90
01501, 8, 9, 10, 28, 29, 30, 48, 49, 50, 68, 69, 70, 88, 89, 90
01502, 8, 9, 10, 28, 29, 30, 48, 49, 50, 68, 69, 70, 88, 89, 90
01503, 8, 9, 10, 28, 29, 30, 48, 49, 50, 68, 69, 70, 88, 89, 90
01504, 8, 9, 10, 28, 29, 30, 48, 49, 50, 68, 69, 70, 88, 89, 90
01505, 8, 9, 10, 28, 29, 30, 48, 49, 50, 68, 69, 70, 88, 89, 90
01506, 8, 9, 10, 28, 29, 30, 48, 49, 50, 68, 69, 70, 88, 89, 90
01507, 8, 9, 10, 28, 29, 30, 48, 49, 50, 68, 69, 70, 88, 89, 90
01508, 8, 9, 10, 28, 29, 30, 48, 49, 50, 68, 69, 70, 88, 89, 90
01509, 8, 9, 10, 28, 29, 30, 48, 49, 50, 68, 69, 70, 88, 89, 90
01510, 7, 8, 9, 27, 28, 29, 47, 48, 49, 67, 68, 69, 87, 88, 89
01511, 7, 8, 9, 27, 28, 29, 47, 48, 49, 67, 68, 69, 87, 88, 89
01512, 7, 8, 9, 27, 28, 29, 47, 48, 49, 67, 68, 69, 87, 88, 89
01513, 7, 8, 9, 27, 28, 29, 47, 48, 49, 67, 68, 69, 87, 88, 89
01514, 7, 8, 9, 27, 28, 29, 47, 48, 49, 67, 68, 69, 87, 88, 89
01515, 7, 8, 9, 27, 28, 29, 47, 48, 49, 67, 68, 69, 87, 88, 89
01516, 7, 8, 9, 27, 28, 29, 47, 48, 49, 67, 68, 69, 87, 88, 89
01517, 7, 8, 9, 27, 28, 29, 47, 48, 49, 67, 68, 69, 87, 88, 89
01518, 7, 8, 9, 27, 28, 29, 47, 48, 49, 67, 68, 69, 87, 88, 89
01519, 7, 8, 9, 27, 28, 29, 47, 48, 49, 67, 68, 69, 87, 88, 89
01520, 7, 8, 9, 27, 28, 29, 47, 48, 49, 67, 68, 69, 87, 88, 89
01521, 7, 8, 9, 27, 28, 29, 47, 48, 49, 67, 68, 69, 87, 88, 89
01522, 7, 8, 9, 27, 28, 29, 47, 48, 49, 67, 68, 69, 87, 88, 89
01523, 7, 8, 9, 27, 28, 29, 47, 48, 49, 67, 68, 69, 87, 88, 89
01524, 6, 7, 8, 26, 27, 28, 46, 47, 48, 66, 67, 68, 86, 87, 88
01525, 6, 7, 8, 26, 27, 28, 46, 47, 48, 66, 67, 68, 86, 87, 88
01526, 6, 7, 8, 26, 27, 28, 46, 47, 48, 66, 67, 68, 86, 87, 88
01527, 6, 7, 8, 26, 27, 28, 46, 47, 48, 66, 67, 68, 86, 87, 88
01528, 6, 7, 8, 26, 27, 28, 46, 47, 48, 66, 67, 68, 86, 87, 88
01529, 6, 7, 8, 26, 27, 28, 46, 47, 48, 66, 67, 68, 86, 87, 88
01530, 6, 7, 8, 26, 27, 28, 46, 47, 48, 66, 67, 68, 86, 87, 88
01531, 6, 7, 8, 26, 27, 28, 46, 47, 48, 66, 67, 68, 86, 87, 88
01532, 6, 7, 8, 26, 27, 28, 46, 47, 48, 66, 67, 68, 86, 87, 88
01533, 6, 7, 8, 26, 27, 28, 46, 47, 48, 66, 67, 68, 86, 87, 88
01534, 6, 7, 8, 26, 27, 28, 46, 47, 48, 66, 67, 68, 86, 87, 88
01535, 6, 7, 8, 26, 27, 28, 46, 47, 48, 66, 67, 68, 86, 87, 88
01536, 6, 7, 8, 26, 27, 28, 46, 47, 48, 66, 67, 68, 86, 87, 88
01537, 6, 7, 8, 26, 27, 28, 46, 47, 48, 66, 67, 68, 86, 87, 88
01538, 6, 7, 8, 26, 27, 28, 46, 47, 48, 66, 67, 68, 86, 87, 88
01539, 5, 6, 7, 25, 26, 27, 45, 46, 47, 65, 66, 67, 85, 86, 87
01540, 5, 6, 7, 25, 26, 27, 45, 46, 47, 65, 66, 67, 85, 86, 87
01541, 5, 6, 7, 25, 26, 27, 45, 46, 47, 65, 66, 67, 85, 86, 87
01542, 5, 6, 7, 25, 26, 27, 45, 46, 47, 65, 66, 67, 85, 86, 87
01543, 5, 6, 7, 25, 26, 27, 45, 46, 47, 65, 66, 67, 85, 86, 87
01544, 5, 6, 7, 25, 26, 27, 45, 46, 47, 65, 66, 67, 85, 86, 87
01545, 5, 6, 7, 25, 26, 27, 45, 46, 47, 65, 66, 67, 85, 86, 87
01546, 5, 6, 7, 25, 26, 27, 45, 46, 47, 65, 66, 67, 85, 86, 87
01547, 5, 6, 7, 25, 26, 27, 45, 46, 47, 65, 66, 67, 85, 86, 87
01548, 5, 6, 7, 25, 26, 27, 45, 46, 47, 65, 66, 67, 85, 86, 87
01549, 5, 6, 7, 25, 26, 27, 45, 46, 47, 65, 66, 67, 85, 86, 87
01550, 5, 6, 7, 25, 26, 27, 45, 46, 47, 65, 66, 67, 85, 86, 87
01551, 5, 6, 7, 25, 26, 27, 45, 46, 47, 65, 66, 67, 85, 86, 87
01552, 5, 6, 7, 25, 26, 27, 45, 46, 47, 65, 66, 67, 85, 86, 87
01553, 5, 6, 7, 25, 26, 27, 45, 46, 47, 65, 66, 67, 85, 86, 87
01554, 5, 6, 7, 25, 26, 27, 45, 46, 47, 65, 66, 67, 85, 86, 87
01555, 24, 25, 26, 44, 45, 46, 64, 65, 66, 84, 85, 86, 104, 105, 106
01556, 24, 25, 26, 44, 45, 46, 64, 65, 66, 84, 85, 86, 104, 105, 106
01557, 24, 25, 26, 44, 45, 46, 64, 65, 66, 84, 85, 86, 104, 105, 106
01558, 24, 25, 26, 44, 45, 46, 64, 65, 66, 84, 85, 86, 104, 105, 106
01559, 24, 25, 26, 44, 45, 46, 64, 65, 66, 84, 85, 86, 104, 105, 106
01560, 24, 25, 26, 44, 45, 46, 64, 65, 66, 84, 85, 86, 104, 105, 106
01561, 24, 25, 26, 44, 45, 46, 64, 65, 66, 84, 85, 86, 104, 105, 106
01562, 24, 25, 26, 44, 45, 46, 64, 65, 66, 84, 85, 86, 104, 105, 106
01563, 24, 25, 26, 44, 45, 46, 64, 65, 66, 84, 85, 86, 104, 105, 106
01564, 24, 25, 26, 44, 45, 46, 64, 65, 66, 84, 85, 86, 104, 105, 106
01565, 24, 25, 26, 44, 45, 46, 64, 65, 66, 84, 85, 86, 104, 105, 106
01566, 24, 25, 26, 44, 45, 46, 64, 65, 66, 84, 85, 86, 104, 105, 106
01567, 24, 25, 26, 44, 45, 46, 64, 65, 66, 84, 85, 86, 104, 105, 106
01568, 24, 25, 26, 44, 45, 46, 64, 65, 66, 84, 85, 86, 104, 105, 106
01569, 24, 25, 26, 44, 45, 46, 64, 65, 66, 84, 85, 86, 104, 105, 106
01570, 24, 25, 26, 44, 45, 46, 64, 65, 66, 84, 85, 86, 104, 105, 106
01571, 24, 25, 26, 44, 45, 46, 64, 65, 66, 84, 85, 86, 104, 105, 106
01572, 24, 25, 26, 44, 45, 46, 64, 65, 66, 84, 85, 86, 104, 105, 106
01573, 23, 24, 25, 43, 44, 45, 63, 64, 65, 83, 84, 85, 103, 104, 105
01574, 23, 24, 25, 43, 44, 45, 63, 64, 65, 83, 84, 85, 103, 104, 105
01575, 23, 24, 25, 43, 44, 45, 63, 64, 65, 83, 84, 85, 103, 104, 105
01576, 23, 24, 25, 43, 44, 45, 63, 64, 65, 83, 84, 85, 103, 104, 105
01577, 23, 24, 25, 43, 44, 45, 63, 64, 65, 83, 84, 85, 103, 104, 105
01578, 23, 24, 25, 43, 44, 45, 63, 64, 65, 83, 84, 85, 103, 104, 105
01579, 23, 24, 25, 43, 44, 45, 63, 64, 65, 83, 84, 85, 103, 104, 105
01580, 23, 24, 25, 43, 44, 45, 63, 64, 65, 83, 84, 85, 103, 104, 105
01581, 23, 24, 25, 43, 44, 45, 63, 64, 65, 83, 84, 85, 103, 104, 105
01582, 23, 24, 25, 43, 44, 45, 63, 64, 65, 83, 84, 85, 103, 104, 105
01583, 23, 24, 25, 43, 44, 45, 63, 64, 65, 83, 84, 85, 103, 104, 105
01584, 23, 24, 25, 43, 44, 45, 63, 64, 65, 83, 84, 85, 103, 104, 105
01585, 23, 24, 25, 43, 44, 45, 63, 64, 65, 83, 84, 85, 103, 104, 105
01586, 23, 24, 25, 43, 44, 45, 63, 64, 65, 83, 84, 85, 103, 104, 105
01587, 23, 24, 25, 43, 44, 45, 63, 64, 65, 83, 84, 85, 103, 104, 105
01588, 23, 24, 25, 43, 44, 45, 63, 64, 65, 83, 84, 85, 103, 104, 105
01589, 23, 24, 25, 43, 44, 45, 63, 64, 65, 83, 84, 85, 103, 104, 105
01590, 23, 24, 25, 43, 44, 45, 63, 64, 65, 83, 84, 85, 103, 104, 105
01591, 23, 24, 25, 43, 44, 45, 63, 64, 65, 83, 84, 85, 103, 104, 105
01592, 23, 24, 25, 43, 44, 45, 63, 64, 65, 83, 84, 85, 103, 104, 105
01593, 23, 24, 25, 43, 44, 45, 63, 64, 65, 83, 84, 85, 103, 104, 105
01594, 23, 24, 25, 43, 44, 45, 63, 64, 65, 83, 84, 85, 103, 104, 105
01595, 22, 23, 24, 42, 43, 44, 62, 63, 64, 82, 83, 84, 102, 103, 104
01596, 22, 23, 24, 42, 43, 44, 62, 63, 64, 82, 83, 84, 102, 103, 104
01597, 22, 23, 24, 42, 43, 44, 62, 63, 64, 82, 83, 84, 102, 103, 104
01598, 22, 23, 24, 42, 43, 44, 62, 63, 64, 82, 83, 84, 102, 103, 104
01599, 22, 23, 24, 42, 43, 44, 62, 63, 64, 82, 83, 84, 102, 103, 104
01600, 22, 23, 24, 42, 43, 44, 62, 63, 64, 82, 83, 84, 102, 103, 104
01601, 22, 23, 24, 42, 43, 44, 62, 63, 64, 82, 83, 84, 102, 103, 104
01602, 22, 23, 24, 42, 43, 44, 62, 63, 64, 82, 83, 84, 102, 103, 104
01603, 22, 23, 24, 42, 43, 44, 62, 63, 64, 82, 83, 84, 102, 103, 104
01604, 22, 23, 24, 42, 43, 44, 62, 63, 64, 82, 83, 84, 102, 103, 104
01605, 22, 23, 24, 42, 43, 44, 62, 63, 64, 82, 83, 84, 102, 103, 104
01606, 22, 23, 24, 42, 43, 44, 62, 63, 64, 82, 83, 84, 102, 103, 104
01607, 22, 23, 24, 42, 43, 44, 62, 63, 64, 82, 83, 84, 102, 103, 104
01608, 22, 23, 24, 42, 43, 44, 62, 63, 64, 82, 83, 84, 102, 103, 104
01609, 22, 23, 24, 42, 43, 44, 62, 63, 64, 82, 83, 84, 102, 103, 104
01610, 22, 23, 24, 42, 43, 44, 62, 63, 64, 82, 83, 84, 102, 103, 104
01611, 22, 23, 24, 42, 43, 44, 62, 63, 64, 82, 83, 84, 102, 103, 104
01612, 22, 23, 24, 42, 43, 44, 62, 63, 64, 82, 83, 84, 102, 103, 104
01613, 22, 23, 24, 42, 43, 44, 62, 63, 64, 82, 83, 84, 102, 103, 104
01614, 22, 23, 24, 42, 43, 44, 62, 63, 64, 82, 83, 84, 102, 103, 104
01615, 22, 23, 24, 42, 43, 44, 62, 63, 64, 82, 83, 84, 102, 103, 104
01616, 22, 23, 24, 42, 43, 44, 62, 63, 64, 82, 83, 84, 102, 103, 104
01617, 22, 23, 24, 42, 43, 44, 62, 63, 64, 82, 83, 84, 102, 103, 104
01618, 22, 23, 24, 42, 43, 44, 62, 63, 64, 82, 83, 84, 102, 103, 104
01619, 22, 23, 24, 42, 43, 44, 62, 63, 64, 82, 83, 84, 102, 103, 104
01620, 22, 23, 24, 42, 43, 44, 62, 63, 64, 82, 83, 84, 102, 103, 104
01621, 22, 23, 24, 42, 43, 44, 62, 63, 64, 82, 83, 84, 102, 103, 104
01622, 22, 23, 24, 42, 43, 44, 62, 63, 64, 82, 83, 84, 102, 103, 104
01623, 22, 23, 24, 42, 43, 44, 62, 63, 64, 82, 83, 84, 102, 103, 104
01624, 22, 23, 24, 42, 43, 44, 62, 63, 64, 82, 83, 84, 102, 103, 104
01625, 22, 23, 24, 42, 43, 44, 62, 63, 64, 82, 83, 84, 102, 103, 104
01626, 22, 23, 24, 42, 43, 44, 62, 63, 64, 82, 83, 84, 102, 103, 104
01627, 42, 43, 44, 62, 63, 64, 82, 83, 84, 102, 103, 104, 122, 123, 124
01628, 42, 43, 44, 62, 63, 64, 82, 83, 84, 102, 103, 104, 122, 123, 124
01629, 42, 43, 44, 62, 63, 64, 82, 83, 84, 102, 103, 104, 122, 123, 124
01630, 42, 43, 44, 62, 63, 64, 82, 83, 84, 102, 103, 104, 122, 123, 124
01631, 42, 43, 44, 62, 63, 64, 82, 83, 84, 102, 103, 104, 122, 123, 124
01632, 41, 42, 43, 61, 62, 63, 81, 82, 83, 101, 102, 103, 121, 122, 123
01633, 41, 42, 43, 61, 62, 63, 81, 82, 83, 101, 102, 103, 121, 122, 123
01634, 41, 42, 43, 61, 62, 63, 81, 82, 83, 101, 102, 103, 121, 122, 123
01635, 41, 42, 43, 61, 62, 63, 81, 82, 83, 101, 102, 103, 121, 122, 123
01636, 41, 42, 43, 61, 62, 63, 81, 82, 83, 101, 102, 103, 121, 122, 123
01637, 41, 42, 43, 61, 62, 63, 81, 82, 83, 101, 102, 103, 121, 122, 123
01638, 41, 42, 43, 61, 62, 63, 81, 82, 83, 101, 102, 103, 121, 122, 123
01639, 41, 42, 43, 61, 62, 63, 81, 82, 83, 101, 102, 103, 121, 122, 123
01640, 41, 42, 43, 61, 62, 63, 81, 82, 83, 101, 102, 103, 121, 122, 123
01641, 41, 42, 43, 61, 62, 63, 81, 82, 83, 101, 102, 103, 121, 122, 123
01642, 41, 42, 43, 61, 62, 63, 81, 82, 83, 101, 102, 103, 121, 122, 123
01643, 41, 42, 43, 61, 62, 63, 81, 82, 83, 101, 102, 103, 121, 122, 123
01644, 41, 42, 43, 61, 62, 63, 81, 82, 83, 101, 102, 103, 121, 122, 123
01645, 41, 42, 43, 61, 62, 63, 81, 82, 83, 101, 102, 103, 121, 122, 123
01646, 41, 42, 43, 61, 62, 63, 81, 82, 83, 101, 102, 103, 121, 122, 123
01647, 41, 42, 43, 61, 62, 63, 81, 82, 83, 101, 102, 103, 121, 122, 123
01648, 41, 42, 43, 61, 62, 63, 81, 82, 83, 101, 102, 103, 121, 122, 123
01649, 41, 42, 43, 61, 62, 63, 81, 82, 83, 101, 102, 103, 121, 122, 123
01650, 41, 42, 43, 61, 62, 63, 81, 82, 83, 101, 102, 103, 121, 122, 123
01651, 41, 42, 43, 61, 62, 63, 81, 82, 83, 101, 102, 103, 121, 122, 123
01652, 41, 42, 43, 61, 62, 63, 81, 82, 83, 101, 102, 103, 121, 122, 123
01653, 41, 42, 43, 61, 62, 63, 81, 82, 83, 101, 102, 103, 121, 122, 123
01654, 41, 42, 43, 61, 62, 63, 81, 82, 83, 101, 102, 103, 121, 122, 123
01655, 41, 42, 43, 61, 62, 63, 81, 82, 83, 101, 102, 103, 121, 122, 123
01656, 41, 42, 43, 61, 62, 63, 81, 82, 83, 101, 102, 103, 121, 122, 123
01657, 41, 42, 43, 61, 62, 63, 81, 82, 83, 101, 102, 103, 121, 122, 123
01658, 41, 42, 43, 61, 62, 63, 81, 82, 83, 101, 102, 103, 121, 122, 123
01659, 41, 42, 43, 61, 62, 63, 81, 82, 83, 101, 102, 103, 121, 122, 123
01660, 41, 42, 43, 61, 62, 63, 81, 82, 83, 101, 102, 103, 121, 122, 123
01661, 41, 42, 43, 61, 62, 63, 81, 82, 83, 101, 102, 103, 121, 122, 123
01662, 41, 42, 43, 61, 62, 63, 81, 82, 83, 101, 102, 103, 121, 122, 123
01663, 41, 42, 43, 61, 62, 63, 81, 82, 83, 101, 102, 103, 121, 122, 123
01664, 41, 42, 43, 61, 62, 63, 81, 82, 83, 101, 102, 103, 121, 122, 123
01665, 41, 42, 43, 61, 62, 63, 81, 82, 83, 101, 102, 103, 121, 122, 123
01666, 41, 42, 43, 61, 62, 63, 81, 82, 83, 101, 102, 103, 121, 122, 123
01667, 41, 42, 43, 61, 62, 63, 81, 82, 83, 101, 102, 103, 121, 122, 123
01668, 41, 42, 43, 61, 62, 63, 81, 82, 83, 101, 102, 103, 121, 122, 123
01669, 41, 42, 43, 61, 62, 63, 81, 82, 83, 101, 102, 103, 121, 122, 123
01670, 41, 42, 43, 61, 62, 63, 81, 82, 83, 101, 102, 103, 121, 122, 123
01671, 41, 42, 43, 61, 62, 63, 81, 82, 83, 101, 102, 103, 121, 122, 123
01672, 41, 42, 43, 61, 62, 63, 81, 82, 83, 101, 102, 103, 121, 122, 123
01673, 42, 43, 44, 62, 63, 64, 82, 83, 84, 102, 103, 104, 122, 123, 124
01674, 42, 43, 44, 62, 63, 64, 82, 83, 84, 102, 103, 104, 122, 123, 124
01675, 42, 43, 44, 62, 63, 64, 82, 83, 84, 102, 103, 104, 122, 123, 124
01676, 42, 43, 44, 62, 63, 64, 82, 83, 84, 102, 103, 104, 122, 123, 124
01677, 42, 43, 44, 62, 63, 64, 82, 83, 84, 102, 103, 104, 122, 123, 124
01678, 42, 43, 44, 62, 63, 64, 82, 83, 84, 102, 103, 104, 122, 123, 124
01679, 42, 43, 44, 62, 63, 64, 82, 83, 84, 102, 103, 104, 122, 123, 124
01680, 42, 43, 44, 62, 63, 64, 82, 83, 84, 102, 103, 104, 122, 123, 124
01681, 42, 43, 44, 62, 63, 64, 82, 83, 84, 102, 103, 104, 122, 123, 124
01682, 42, 43, 44, 62, 63, 64, 82, 83, 84, 102, 103, 104, 122, 123, 124
01683, 42, 43, 44, 62, 63, 64, 82, 83, 84, 102, 103, 104, 122, 123, 124
01684, 42, 43, 44, 62, 63, 64, 82, 83, 84, 102, 103, 104, 122, 123, 124
01685, 42, 43, 44, 62, 63, 64, 82, 83, 84, 102, 103, 104, 122, 123, 124
01686, 42, 43, 44, 62, 63, 64, 82, 83, 84, 102, 103, 104, 122, 123, 124
01687, 42, 43, 44, 62, 63, 64, 82, 83, 84, 102, 103, 104, 122, 123, 124
01688, 42, 43, 44, 62, 63, 64, 82, 83, 84, 102, 103, 104, 122, 123, 124
01689, 42, 43, 44, 62, 63, 64, 82, 83, 84, 102, 103, 104, 122, 123, 124
01690, 42, 43, 44, 62, 63, 64, 82, 83, 84, 102, 103, 104, 122, 123, 124
01691, 62, 63, 64, 82, 83, 84, 102, 103, 104, 122, 123, 124, 142, 143, 144
01692, 62, 63, 64, 82, 83, 84, 102, 103, 104, 122, 123, 124, 142, 143, 144
01693, 62, 63, 64, 82, 83, 84, 102, 103, 104, 122, 123, 124, 142, 143, 144
01694, 62, 63, 64, 82, 83, 84, 102, 103, 104, 122, 123, 124, 142, 143, 144
01695, 62, 63, 64, 82, 83, 84, 102, 103, 104, 122, 123, 124, 142, 143, 144
01696, 62, 63, 64, 82, 83, 84, 102, 103, 104, 122, 123, 124, 142, 143, 144
01697, 62, 63, 64, 82, 83, 84, 102, 103, 104, 122, 123, 124, 142, 143, 144
01698, 62, 63, 64, 82, 83, 84, 102, 103, 104, 122, 123, 124, 142, 143, 144
01699, 62, 63, 64, 82, 83, 84, 102, 103, 104, 122, 123, 124, 142, 143, 144
01700, 62, 63, 64, 82, 83, 84, 102, 103, 104, 122, 123, 124, 142, 143, 144
01701, 62, 63, 64, 82, 83, 84, 102, 103, 104, 122, 123, 124, 142, 143, 144
01702, 62, 63, 64, 82, 83, 84, 102, 103, 104, 122, 123, 124, 142, 143, 144
01703, 62, 63, 64, 82, 83, 84, 102, 103, 104, 122, 123, 124, 142, 143, 144
01704, 62, 63, 64, 82, 83, 84, 102, 103, 104, 122, 123, 124, 142, 143, 144
01705, 62, 63, 64, 82, 83, 84, 102, 103, 104, 122, 123, 124, 142, 143, 144
01706, 62, 63, 64, 82, 83, 84, 102, 103, 104, 122, 123, 124, 142, 143, 144
01707, 62, 63, 64, 82, 83, 84, 102, 103, 104, 122, 123, 124, 142, 143, 144
01708, 62, 63, 64, 82, 83, 84, 102, 103, 104, 122, 123, 124, 142, 143, 144
01709, 63, 64, 65, 83, 84, 85, 103, 104, 105, 123, 124, 125, 143, 144, 145
01710, 63, 64, 65, 83, 84, 85, 103, 104, 105, 123, 124, 125, 143, 144, 145
01711, 63, 64, 65, 83, 84, 85, 103, 104, 105, 123, 124, 125, 143, 144, 145
01712, 63, 64, 65, 83, 84, 85, 103, 104, 105, 123, 124, 125, 143, 144, 145
01713, 63, 64, 65, 83, 84, 85, 103, 104, 105, 123, 124, 125, 143, 144, 145
01714, 63, 64, 65, 83, 84, 85, 103, 104, 105, 123, 124, 125, 143, 144, 145
01715, 63, 64, 65, 83, 84, 85, 103, 104, 105, 123, 124, 125, 143, 144, 145
01716, 63, 64, 65, 83, 84, 85, 103, 104, 105, 123, 124, 125, 143, 144, 145
01717, 63, 64, 65, 83, 84, 85, 103, 104, 105, 123, 124, 125, 143, 144, 145
01718, 63, 64, 65, 83, 84, 85, 103, 104, 105, 123, 124, 125, 143, 144, 145
01719, 63, 64, 65, 83, 84, 85, 103, 104, 105, 123, 124, 125, 143, 144, 145
01720, 63, 64, 65, 83, 84, 85, 103, 104, 105, 123, 124, 125, 143, 144, 145
01721, 63, 64, 65, 83, 84, 85, 103, 104, 105, 123, 124, 125, 143, 144, 145
01722, 63, 64, 65, 83, 84, 85, 103, 104, 105, 123, 124, 125, 143, 144, 145
01723, 63, 64, 65, 83, 84, 85, 103, 104, 105, 123, 124, 125, 143, 144, 145
01724, 63, 64, 65, 83, 84, 85, 103, 104, 105, 123, 124, 125, 143, 144, 145
01725, 63, 64, 65, 83, 84, 85, 103, 104, 105, 123, 124, 125, 143, 144, 145
01726, 63, 64, 65, 83, 84, 85, 103, 104, 105, 123, 124, 125, 143, 144, 145
01727, 63, 64, 65, 83, 84, 85, 103, 104, 105, 123, 124, 125, 143, 144, 145
01728, 63, 64, 65, 83, 84, 85, 103, 104, 105, 123, 124, 125, 143, 144, 145
01729, 63, 64, 65, 83, 84, 85, 103, 104, 105, 123, 124, 125, 143, 144, 145
01730, 63, 64, 65, 83, 84, 85, 103, 104, 105, 123, 124, 125, 143, 144, 145
01731, 64, 65, 66, 84, 85, 86, 104, 105, 106, 124, 125, 126, 144, 145, 146
01732, 64, 65, 66, 84, 85, 86, 104, 105, 106, 124, 125, 126, 144, 145, 146
01733, 64, 65, 66, 84, 85, 86, 104, 105, 106, 124, 125, 126, 144, 145, 146
01734, 64, 65, 66, 84, 85, 86, 104, 105, 106, 124, 125, 126, 144, 145, 146
01735, 64, 65, 66, 84, 85, 86, 104, 105, 106, 124, 125, 126, 144, 145, 146
01736, 64, 65, 66, 84, 85, 86, 104, 105, 106, 124, 125, 126, 144, 145, 146
01737, 64, 65, 66, 84, 85, 86, 104, 105, 106, 124, 125, 126, 144, 145, 146
01738, 64, 65, 66, 84, 85, 86, 104, 105, 106, 124, 125, 126, 144, 145, 146
01739, 64, 65, 66, 84, 85, 86, 104, 105, 106, 124, 125, 126, 144, 145, 146
01740, 64, 65, 66, 84, 85, 86, 104, 105, 106, 124, 125, 126, 144, 145, 146
01741, 64, 65, 66, 84, 85, 86, 104, 105, 106, 124, 125, 126, 144, 145, 146
01742, 64, 65, 66, 84, 85, 86, 104, 105, 106, 124, 125, 126, 144, 145, 146
01743, 64, 65, 66, 84, 85, 86, 104, 105, 106, 124, 125, 126, 144, 145, 146
01744, 64, 65, 66, 84, 85, 86, 104, 105, 106, 124, 125, 126, 144, 145, 146
01745, 64, 65, 66, 84, 85, 86, 104, 105, 106, 124, 125, 126, 144, 145, 146
01746, 64, 65, 66, 84, 85, 86, 104, 105, 106, 124, 125, 126, 144, 145, 146
01747, 64, 65, 66, 84, 85, 86, 104, 105, 106, 124, 125, 126, 144, 145, 146
01748, 64, 65, 66, 84, 85, 86, 104, 105, 106, 124, 125, 126, 144, 145, 146
01749, 64, 65, 66, 84, 85, 86, 104, 105, 106, 124, 125, 126, 144, 145, 146
01750, 65, 66, 67, 85, 86, 87, 105, 106, 107, 125, 126, 127, 145, 146, 147
01751, 65, 66, 67, 85, 86, 87, 105, 106, 107, 125, 126, 127, 145, 146, 147
01752, 65, 66, 67, 85, 86, 87, 105, 106, 107, 125, 126, 127, 145, 146, 147
01753, 65, 66, 67, 85, 86, 87, 105, 106, 107, 125, 126, 127, 145, 146, 147
01754, 65, 66, 67, 85, 86, 87, 105, 106, 107, 125, 126, 127, 145, 146, 147
01755, 65, 66, 67, 85, 86, 87, 105, 106, 107, 125, 126, 127, 145, 146, 147
01756, 65, 66, 67, 85, 86, 87, 105, 106, 107, 125, 126, 127, 145, 146, 147
01757, 65, 66, 67, 85, 86, 87, 105, 106, 107, 125, 126, 127, 145, 146, 147
01758, 65, 66, 67, 85, 86, 87, 105, 106, 107, 125, 126, 127, 145, 146, 147
01759, 65, 66, 67, 85, 86, 87, 105, 106, 107, 125, 126, 127, 145, 146, 147
01760, 65, 66, 67, 85, 86, 87, 105, 106, 107, 125, 126, 127, 145, 146, 147
01761, 65, 66, 67, 85, 86, 87, 105, 106, 107, 125, 126, 127, 145, 146, 147
01762, 65, 66, 67, 85, 86, 87, 105, 106, 107, 125, 126, 127, 145, 146, 147
01763, 65, 66, 67, 85, 86, 87, 105, 106, 107, 125, 126, 127, 145, 146, 147
01764, 85, 86, 87, 105, 106, 107, 125, 126, 127, 145, 146, 147, 165, 166, 167
01765, 85, 86, 87, 105, 106, 107, 125, 126, 127, 145, 146, 147, 165, 166, 167
01766, 86, 87, 88, 106, 107, 108, 126, 127, 128, 146, 147, 148, 166, 167, 168
01767, 86, 87, 88, 106, 107, 108, 126, 127, 128, 146, 147, 148, 166, 167, 168
01768, 86, 87, 88, 106, 107, 108, 126, 127, 128, 146, 147, 148, 166, 167, 168
01769, 86, 87, 88, 106, 107, 108, 126, 127, 128, 146, 147, 148, 166, 167, 168
01770, 86, 87, 88, 106, 107, 108, 126, 127, 128, 146, 147, 148, 166, 167, 168
01771, 86, 87, 88, 106, 107, 108, 126, 127, 128, 146, 147, 148, 166, 167, 168
01772, 86, 87, 88, 106, 107, 108, 126, 127, 128, 146, 147, 148, 166, 167, 168
01773, 86, 87, 88, 106, 107, 108, 126, 127, 128, 146, 147, 148, 166, 167, 168
01774, 86, 87, 88, 106, 107, 108, 126, 127, 128, 146, 147, 148, 166, 167, 168
01775, 86, 87, 88, 106, 107, 108, 126, 127, 128, 146, 147, 148, 166, 167, 168
01776, 86, 87, 88, 106, 107, 108, 126, 127, 128, 146, 147, 148, 166, 167, 168
01777, 86, 87, 88, 106, 107, 108, 126, 127, 128, 146, 147, 148, 166, 167, 168
01778, 86, 87, 88, 106, 107, 108, 126, 127, 128, 146, 147, 148, 166, 167, 168
01779, 86, 87, 88, 106, 107, 108, 126, 127, 128, 146, 147, 148, 166, 167, 168
01780, 86, 87, 88, 106, 107, 108, 126, 127, 128, 146, 147, 148, 166, 167, 168
01781, 87, 88, 89, 107, 108, 109, 127, 128, 129, 147, 148, 149, 167, 168, 169
01782, 87, 88, 89, 107, 108, 109, 127, 128, 129, 147, 148, 149, 167, 168, 169
01783, 87, 88, 89, 107, 108, 109, 127, 128, 129, 147, 148, 149, 167, 168, 169
01784, 87, 88, 89, 107, 108, 109, 127, 128, 129, 147, 148, 149, 167, 168, 169
01785, 87, 88, 89, 107, 108, 109, 127, 128, 129, 147, 148, 149, 167, 168, 169
01786, 87, 88, 89, 107, 108, 109, 127, 128, 129, 147, 148, 149, 167, 168, 169
01787, 87, 88, 89, 107, 108, 109, 127, 128, 129, 147, 148, 149, 167, 168, 169
01788, 87, 88, 89, 107, 108, 109, 127, 128, 129, 147, 148, 149, 167, 168, 169
01789, 87, 88, 89, 107, 108, 109, 127, 128, 129, 147, 148, 149, 167, 168, 169
01790, 87, 88, 89, 107, 108, 109, 127, 128, 129, 147, 148, 149, 167, 168, 169
01791, 87, 88, 89, 107, 108, 109, 127, 128, 129, 147, 148, 149, 167, 168, 169
01792, 87, 88, 89, 107, 108, 109, 127, 128, 129, 147, 148, 149, 167, 168, 169
01793, 87, 88, 89, 107, 108, 109, 127, 128, 129, 147, 148, 149, 167, 168, 169
01794, 87, 88, 89, 107, 108, 109, 127, 128, 129, 147, 148, 149, 167, 168, 169
01795, 88, 89, 90, 108, 109, 110, 128, 129, 130, 148, 149, 150, 168, 169, 170
01796, 88, 89, 90, 108, 109, 110, 128, 129, 130, 148, 149, 150, 168, 169, 170
01797, 88, 89, 90, 108, 109, 110, 128, 129, 130, 148, 149, 150, 168, 169, 170
01798, 88, 89, 90, 108, 109, 110, 128, 129, 130, 148, 149, 150, 168, 169, 170
01799, 88, 89, 90, 108, 109, 110, 128, 129, 130, 148, 149, 150, 168, 169, 170
01800, 88, 89, 90, 108, 109, 110, 128, 129, 130, 148, 149, 150, 168, 169, 170
01801, 88, 89, 90, 108, 109, 110, 128, 129, 130, 148, 149, 150, 168, 169, 170
